INSERT INTO student VALUES('E1000000B', 1);
INSERT INTO takesFocusArea VALUES('E1000000B', 'Multimedia Information Retrieval', NULL);
INSERT INTO studentPlans VALUES('E1000000B', TRUE, 'FMC1202', 'AY 16/17 Sem 1');
INSERT INTO studentPlans VALUES('E1000000B', TRUE, 'CS2010', 'AY 16/17 Sem 1');
INSERT INTO studentPlans VALUES('E1000000B', TRUE, 'FMC1204', 'AY 16/17 Sem 1');
INSERT INTO studentPlans VALUES('E1000000B', TRUE, 'IT2002', 'AY 16/17 Sem 1');
INSERT INTO studentPlans VALUES('E1000000B', TRUE, 'IT1002', 'AY 16/17 Sem 1');
INSERT INTO studentPlans VALUES('E1000000B', FALSE, 'CS1010S', 'AY 16/17 Sem 2');
INSERT INTO studentPlans VALUES('E1000000B', FALSE, 'CS1010E', 'AY 16/17 Sem 2');
INSERT INTO studentPlans VALUES('E1000000B', FALSE, 'FMC1203', 'AY 16/17 Sem 2');
INSERT INTO studentPlans VALUES('E1000000B', FALSE, 'CS1010J', 'AY 16/17 Sem 2');
INSERT INTO studentPlans VALUES('E1000000B', FALSE, 'FMC1201', 'AY 16/17 Sem 2');
INSERT INTO studentPlans VALUES('E1000000B', FALSE, 'CS2104', 'AY 17/18 Sem 1');
INSERT INTO studentPlans VALUES('E1000000B', FALSE, 'CS3213', 'AY 17/18 Sem 1');
INSERT INTO studentPlans VALUES('E1000000B', FALSE, 'IT2001', 'AY 17/18 Sem 1');
INSERT INTO studentPlans VALUES('E1000000B', FALSE, 'CS2220', 'AY 17/18 Sem 1');
INSERT INTO studentPlans VALUES('E1000000B', FALSE, 'CS3219', 'AY 17/18 Sem 1');
INSERT INTO studentPlans VALUES('E1000000B', FALSE, 'CS2105', 'AY 17/18 Sem 2');
INSERT INTO studentPlans VALUES('E1000000B', FALSE, 'CS2309', 'AY 17/18 Sem 2');
INSERT INTO studentPlans VALUES('E1000000B', FALSE, 'CS2271', 'AY 17/18 Sem 2');
INSERT INTO studentPlans VALUES('E1000000B', FALSE, 'CS3246', 'AY 17/18 Sem 2');
INSERT INTO studentPlans VALUES('E1000000B', FALSE, 'CS2108', 'AY 17/18 Sem 2');

INSERT INTO student VALUES('E1000001B', 1);
INSERT INTO takesFocusArea VALUES('E1000001B', 'Visual Computing', NULL);
INSERT INTO studentPlans VALUES('E1000001B', TRUE, 'IT1801', 'AY 16/17 Sem 1');
INSERT INTO studentPlans VALUES('E1000001B', TRUE, 'CS1281', 'AY 16/17 Sem 1');
INSERT INTO studentPlans VALUES('E1000001B', TRUE, 'IT1002', 'AY 16/17 Sem 1');
INSERT INTO studentPlans VALUES('E1000001B', TRUE, 'FMC1201', 'AY 16/17 Sem 1');
INSERT INTO studentPlans VALUES('E1000001B', TRUE, 'CS2281', 'AY 16/17 Sem 1');
INSERT INTO studentPlans VALUES('E1000001B', FALSE, 'CS1010S', 'AY 16/17 Sem 2');
INSERT INTO studentPlans VALUES('E1000001B', FALSE, 'CS2101', 'AY 16/17 Sem 2');
INSERT INTO studentPlans VALUES('E1000001B', FALSE, 'IT1001', 'AY 16/17 Sem 2');
INSERT INTO studentPlans VALUES('E1000001B', FALSE, 'CS1010E', 'AY 16/17 Sem 2');
INSERT INTO studentPlans VALUES('E1000001B', FALSE, 'IT1003', 'AY 16/17 Sem 2');
INSERT INTO studentPlans VALUES('E1000001B', FALSE, 'IT2001', 'AY 17/18 Sem 1');
INSERT INTO studentPlans VALUES('E1000001B', FALSE, 'CP2201', 'AY 17/18 Sem 1');
INSERT INTO studentPlans VALUES('E1000001B', FALSE, 'CS2103T', 'AY 17/18 Sem 1');
INSERT INTO studentPlans VALUES('E1000001B', FALSE, 'CS3221', 'AY 17/18 Sem 1');
INSERT INTO studentPlans VALUES('E1000001B', FALSE, 'CS3212', 'AY 17/18 Sem 1');
INSERT INTO studentPlans VALUES('E1000001B', FALSE, 'CS2271', 'AY 17/18 Sem 2');
INSERT INTO studentPlans VALUES('E1000001B', FALSE, 'CS2106', 'AY 17/18 Sem 2');
INSERT INTO studentPlans VALUES('E1000001B', FALSE, 'CS3243', 'AY 17/18 Sem 2');
INSERT INTO studentPlans VALUES('E1000001B', FALSE, 'CS2104', 'AY 17/18 Sem 2');
INSERT INTO studentPlans VALUES('E1000001B', FALSE, 'CS2103', 'AY 17/18 Sem 2');

INSERT INTO student VALUES('E1000002B', 1);
INSERT INTO takesFocusArea VALUES('E1000002B', 'Parallel Computing', NULL);
INSERT INTO studentPlans VALUES('E1000002B', TRUE, 'CG1001', 'AY 16/17 Sem 1');
INSERT INTO studentPlans VALUES('E1000002B', TRUE, 'GEM1501', 'AY 16/17 Sem 1');
INSERT INTO studentPlans VALUES('E1000002B', TRUE, 'CS1102', 'AY 16/17 Sem 1');
INSERT INTO studentPlans VALUES('E1000002B', TRUE, 'CS1102C', 'AY 16/17 Sem 1');
INSERT INTO studentPlans VALUES('E1000002B', TRUE, 'CS1010', 'AY 16/17 Sem 1');
INSERT INTO studentPlans VALUES('E1000002B', FALSE, 'IT1005', 'AY 16/17 Sem 2');
INSERT INTO studentPlans VALUES('E1000002B', FALSE, 'CS1010E', 'AY 16/17 Sem 2');
INSERT INTO studentPlans VALUES('E1000002B', FALSE, 'CS1010X', 'AY 16/17 Sem 2');
INSERT INTO studentPlans VALUES('E1000002B', FALSE, 'FMC1202', 'AY 16/17 Sem 2');
INSERT INTO studentPlans VALUES('E1000002B', FALSE, 'FMC1203', 'AY 16/17 Sem 2');
INSERT INTO studentPlans VALUES('E1000002B', FALSE, 'CP3101', 'AY 17/18 Sem 1');
INSERT INTO studentPlans VALUES('E1000002B', FALSE, 'CS2271', 'AY 17/18 Sem 1');
INSERT INTO studentPlans VALUES('E1000002B', FALSE, 'IT2002', 'AY 17/18 Sem 1');
INSERT INTO studentPlans VALUES('E1000002B', FALSE, 'CS2107', 'AY 17/18 Sem 1');
INSERT INTO studentPlans VALUES('E1000002B', FALSE, 'CG2271', 'AY 17/18 Sem 1');
INSERT INTO studentPlans VALUES('E1000002B', FALSE, 'CS2108', 'AY 17/18 Sem 2');
INSERT INTO studentPlans VALUES('E1000002B', FALSE, 'CS3243', 'AY 17/18 Sem 2');
INSERT INTO studentPlans VALUES('E1000002B', FALSE, 'CS2281', 'AY 17/18 Sem 2');
INSERT INTO studentPlans VALUES('E1000002B', FALSE, 'CS2102', 'AY 17/18 Sem 2');
INSERT INTO studentPlans VALUES('E1000002B', FALSE, 'CS2020', 'AY 17/18 Sem 2');

INSERT INTO student VALUES('E1000003B', 1);
INSERT INTO takesFocusArea VALUES('E1000003B', 'Interactive Media', NULL);
INSERT INTO studentPlans VALUES('E1000003B', TRUE, 'CS1010', 'AY 16/17 Sem 1');
INSERT INTO studentPlans VALUES('E1000003B', TRUE, 'CS2106', 'AY 16/17 Sem 1');
INSERT INTO studentPlans VALUES('E1000003B', TRUE, 'IT1001', 'AY 16/17 Sem 1');
INSERT INTO studentPlans VALUES('E1000003B', TRUE, 'IT1003', 'AY 16/17 Sem 1');
INSERT INTO studentPlans VALUES('E1000003B', TRUE, 'CS1010E', 'AY 16/17 Sem 1');
INSERT INTO studentPlans VALUES('E1000003B', FALSE, 'IT1002', 'AY 16/17 Sem 2');
INSERT INTO studentPlans VALUES('E1000003B', FALSE, 'CS1010S', 'AY 16/17 Sem 2');
INSERT INTO studentPlans VALUES('E1000003B', FALSE, 'CS2105', 'AY 16/17 Sem 2');
INSERT INTO studentPlans VALUES('E1000003B', FALSE, 'GET1031', 'AY 16/17 Sem 2');
INSERT INTO studentPlans VALUES('E1000003B', FALSE, 'FMC1205', 'AY 16/17 Sem 2');
INSERT INTO studentPlans VALUES('E1000003B', FALSE, 'CS2103', 'AY 17/18 Sem 1');
INSERT INTO studentPlans VALUES('E1000003B', FALSE, 'CP3108A', 'AY 17/18 Sem 1');
INSERT INTO studentPlans VALUES('E1000003B', FALSE, 'CP2201', 'AY 17/18 Sem 1');
INSERT INTO studentPlans VALUES('E1000003B', FALSE, 'CP3108B', 'AY 17/18 Sem 1');
INSERT INTO studentPlans VALUES('E1000003B', FALSE, 'IT2001', 'AY 17/18 Sem 1');
INSERT INTO studentPlans VALUES('E1000003B', FALSE, 'CS2309', 'AY 17/18 Sem 2');
INSERT INTO studentPlans VALUES('E1000003B', FALSE, 'CS2220', 'AY 17/18 Sem 2');
INSERT INTO studentPlans VALUES('E1000003B', FALSE, 'CS2103T', 'AY 17/18 Sem 2');
INSERT INTO studentPlans VALUES('E1000003B', FALSE, 'CS2102', 'AY 17/18 Sem 2');
INSERT INTO studentPlans VALUES('E1000003B', FALSE, 'CG2271', 'AY 17/18 Sem 2');

INSERT INTO student VALUES('E1000004B', 1);
INSERT INTO takesFocusArea VALUES('E1000004B', 'Networking and Distributed Systems', NULL);
INSERT INTO studentPlans VALUES('E1000004B', TRUE, 'FMC1206', 'AY 16/17 Sem 1');
INSERT INTO studentPlans VALUES('E1000004B', TRUE, 'CS1010', 'AY 16/17 Sem 1');
INSERT INTO studentPlans VALUES('E1000004B', TRUE, 'CS1010X', 'AY 16/17 Sem 1');
INSERT INTO studentPlans VALUES('E1000004B', TRUE, 'CS2010', 'AY 16/17 Sem 1');
INSERT INTO studentPlans VALUES('E1000004B', TRUE, 'CS2100', 'AY 16/17 Sem 1');
INSERT INTO studentPlans VALUES('E1000004B', FALSE, 'FMC1203', 'AY 16/17 Sem 2');
INSERT INTO studentPlans VALUES('E1000004B', FALSE, 'FMC1204', 'AY 16/17 Sem 2');
INSERT INTO studentPlans VALUES('E1000004B', FALSE, 'CS2104', 'AY 16/17 Sem 2');
INSERT INTO studentPlans VALUES('E1000004B', FALSE, 'GET1031', 'AY 16/17 Sem 2');
INSERT INTO studentPlans VALUES('E1000004B', FALSE, 'CS1020', 'AY 16/17 Sem 2');
INSERT INTO studentPlans VALUES('E1000004B', FALSE, 'CS2020', 'AY 17/18 Sem 1');
INSERT INTO studentPlans VALUES('E1000004B', FALSE, 'CS2101', 'AY 17/18 Sem 1');
INSERT INTO studentPlans VALUES('E1000004B', FALSE, 'IT2002', 'AY 17/18 Sem 1');
INSERT INTO studentPlans VALUES('E1000004B', FALSE, 'IT2001', 'AY 17/18 Sem 1');
INSERT INTO studentPlans VALUES('E1000004B', FALSE, 'CS2106', 'AY 17/18 Sem 1');
INSERT INTO studentPlans VALUES('E1000004B', FALSE, 'CS2271', 'AY 17/18 Sem 2');
INSERT INTO studentPlans VALUES('E1000004B', FALSE, 'CP3202', 'AY 17/18 Sem 2');
INSERT INTO studentPlans VALUES('E1000004B', FALSE, 'CS2220', 'AY 17/18 Sem 2');
INSERT INTO studentPlans VALUES('E1000004B', FALSE, 'CS3217', 'AY 17/18 Sem 2');
INSERT INTO studentPlans VALUES('E1000004B', FALSE, 'CS2107', 'AY 17/18 Sem 2');

INSERT INTO student VALUES('E1000005B', 1);
INSERT INTO takesFocusArea VALUES('E1000005B', 'Software Engineering', NULL);
INSERT INTO studentPlans VALUES('E1000005B', TRUE, 'CS1020E', 'AY 16/17 Sem 1');
INSERT INTO studentPlans VALUES('E1000005B', TRUE, 'CG2271', 'AY 16/17 Sem 1');
INSERT INTO studentPlans VALUES('E1000005B', TRUE, 'CS1281', 'AY 16/17 Sem 1');
INSERT INTO studentPlans VALUES('E1000005B', TRUE, 'CS2101', 'AY 16/17 Sem 1');
INSERT INTO studentPlans VALUES('E1000005B', TRUE, 'CS1010X', 'AY 16/17 Sem 1');
INSERT INTO studentPlans VALUES('E1000005B', FALSE, 'CS1102C', 'AY 16/17 Sem 2');
INSERT INTO studentPlans VALUES('E1000005B', FALSE, 'IT1003', 'AY 16/17 Sem 2');
INSERT INTO studentPlans VALUES('E1000005B', FALSE, 'CS1231', 'AY 16/17 Sem 2');
INSERT INTO studentPlans VALUES('E1000005B', FALSE, 'GEM1501', 'AY 16/17 Sem 2');
INSERT INTO studentPlans VALUES('E1000005B', FALSE, 'CG1001', 'AY 16/17 Sem 2');
INSERT INTO studentPlans VALUES('E1000005B', FALSE, 'CS2106', 'AY 17/18 Sem 1');
INSERT INTO studentPlans VALUES('E1000005B', FALSE, 'CS3281', 'AY 17/18 Sem 1');
INSERT INTO studentPlans VALUES('E1000005B', FALSE, 'CP2201', 'AY 17/18 Sem 1');
INSERT INTO studentPlans VALUES('E1000005B', FALSE, 'CP3101C', 'AY 17/18 Sem 1');
INSERT INTO studentPlans VALUES('E1000005B', FALSE, 'CS2100', 'AY 17/18 Sem 1');
INSERT INTO studentPlans VALUES('E1000005B', FALSE, 'CS2020', 'AY 17/18 Sem 2');
INSERT INTO studentPlans VALUES('E1000005B', FALSE, 'CS2281', 'AY 17/18 Sem 2');
INSERT INTO studentPlans VALUES('E1000005B', FALSE, 'CS2103T', 'AY 17/18 Sem 2');
INSERT INTO studentPlans VALUES('E1000005B', FALSE, 'IT2001', 'AY 17/18 Sem 2');
INSERT INTO studentPlans VALUES('E1000005B', FALSE, 'CS3201', 'AY 17/18 Sem 2');

INSERT INTO student VALUES('E1000006B', 1);
INSERT INTO takesFocusArea VALUES('E1000006B', 'Computer Graphics and Games', NULL);
INSERT INTO studentPlans VALUES('E1000006B', TRUE, 'CS1010S', 'AY 16/17 Sem 1');
INSERT INTO studentPlans VALUES('E1000006B', TRUE, 'CS2220', 'AY 16/17 Sem 1');
INSERT INTO studentPlans VALUES('E1000006B', TRUE, 'CS1231', 'AY 16/17 Sem 1');
INSERT INTO studentPlans VALUES('E1000006B', TRUE, 'IT1002', 'AY 16/17 Sem 1');
INSERT INTO studentPlans VALUES('E1000006B', TRUE, 'CG1001', 'AY 16/17 Sem 1');
INSERT INTO studentPlans VALUES('E1000006B', FALSE, 'FMC1202', 'AY 16/17 Sem 2');
INSERT INTO studentPlans VALUES('E1000006B', FALSE, 'CS1010E', 'AY 16/17 Sem 2');
INSERT INTO studentPlans VALUES('E1000006B', FALSE, 'IT1005', 'AY 16/17 Sem 2');
INSERT INTO studentPlans VALUES('E1000006B', FALSE, 'GET1031', 'AY 16/17 Sem 2');
INSERT INTO studentPlans VALUES('E1000006B', FALSE, 'FMC1204', 'AY 16/17 Sem 2');
INSERT INTO studentPlans VALUES('E1000006B', FALSE, 'IT2002', 'AY 17/18 Sem 1');
INSERT INTO studentPlans VALUES('E1000006B', FALSE, 'CP3202', 'AY 17/18 Sem 1');
INSERT INTO studentPlans VALUES('E1000006B', FALSE, 'CS2103T', 'AY 17/18 Sem 1');
INSERT INTO studentPlans VALUES('E1000006B', FALSE, 'CG3204L', 'AY 17/18 Sem 1');
INSERT INTO studentPlans VALUES('E1000006B', FALSE, 'CS2103', 'AY 17/18 Sem 1');
INSERT INTO studentPlans VALUES('E1000006B', FALSE, 'CS3230', 'AY 17/18 Sem 2');
INSERT INTO studentPlans VALUES('E1000006B', FALSE, 'CS2010', 'AY 17/18 Sem 2');
INSERT INTO studentPlans VALUES('E1000006B', FALSE, 'CS2020', 'AY 17/18 Sem 2');
INSERT INTO studentPlans VALUES('E1000006B', FALSE, 'CS2281', 'AY 17/18 Sem 2');
INSERT INTO studentPlans VALUES('E1000006B', FALSE, 'CS2271', 'AY 17/18 Sem 2');

INSERT INTO student VALUES('E1000007B', 1);
INSERT INTO takesFocusArea VALUES('E1000007B', 'Software Engineering', NULL);
INSERT INTO studentPlans VALUES('E1000007B', TRUE, 'IT1003', 'AY 16/17 Sem 1');
INSERT INTO studentPlans VALUES('E1000007B', TRUE, 'CS1280', 'AY 16/17 Sem 1');
INSERT INTO studentPlans VALUES('E1000007B', TRUE, 'CS1010E', 'AY 16/17 Sem 1');
INSERT INTO studentPlans VALUES('E1000007B', TRUE, 'GET1031', 'AY 16/17 Sem 1');
INSERT INTO studentPlans VALUES('E1000007B', TRUE, 'CS2107', 'AY 16/17 Sem 1');
INSERT INTO studentPlans VALUES('E1000007B', FALSE, 'CS1020', 'AY 16/17 Sem 2');
INSERT INTO studentPlans VALUES('E1000007B', FALSE, 'FMC1205', 'AY 16/17 Sem 2');
INSERT INTO studentPlans VALUES('E1000007B', FALSE, 'CS1020E', 'AY 16/17 Sem 2');
INSERT INTO studentPlans VALUES('E1000007B', FALSE, 'CS1281', 'AY 16/17 Sem 2');
INSERT INTO studentPlans VALUES('E1000007B', FALSE, 'IT1005', 'AY 16/17 Sem 2');
INSERT INTO studentPlans VALUES('E1000007B', FALSE, 'CS3283', 'AY 17/18 Sem 1');
INSERT INTO studentPlans VALUES('E1000007B', FALSE, 'CS2271', 'AY 17/18 Sem 1');
INSERT INTO studentPlans VALUES('E1000007B', FALSE, 'CP3202', 'AY 17/18 Sem 1');
INSERT INTO studentPlans VALUES('E1000007B', FALSE, 'CS2102', 'AY 17/18 Sem 1');
INSERT INTO studentPlans VALUES('E1000007B', FALSE, 'CS2010', 'AY 17/18 Sem 1');
INSERT INTO studentPlans VALUES('E1000007B', FALSE, 'CS2105', 'AY 17/18 Sem 2');
INSERT INTO studentPlans VALUES('E1000007B', FALSE, 'CS2220', 'AY 17/18 Sem 2');
INSERT INTO studentPlans VALUES('E1000007B', FALSE, 'CS2309', 'AY 17/18 Sem 2');
INSERT INTO studentPlans VALUES('E1000007B', FALSE, 'CS2104', 'AY 17/18 Sem 2');
INSERT INTO studentPlans VALUES('E1000007B', FALSE, 'CG2271', 'AY 17/18 Sem 2');

INSERT INTO student VALUES('E1000008B', 1);
INSERT INTO takesFocusArea VALUES('E1000008B', 'Programming Languages', NULL);
INSERT INTO studentPlans VALUES('E1000008B', TRUE, 'IT1002', 'AY 16/17 Sem 1');
INSERT INTO studentPlans VALUES('E1000008B', TRUE, 'CS1102C', 'AY 16/17 Sem 1');
INSERT INTO studentPlans VALUES('E1000008B', TRUE, 'FMC1205', 'AY 16/17 Sem 1');
INSERT INTO studentPlans VALUES('E1000008B', TRUE, 'CS1020', 'AY 16/17 Sem 1');
INSERT INTO studentPlans VALUES('E1000008B', TRUE, 'FMC1203', 'AY 16/17 Sem 1');
INSERT INTO studentPlans VALUES('E1000008B', FALSE, 'CS1281', 'AY 16/17 Sem 2');
INSERT INTO studentPlans VALUES('E1000008B', FALSE, 'IT1801', 'AY 16/17 Sem 2');
INSERT INTO studentPlans VALUES('E1000008B', FALSE, 'GEM1501', 'AY 16/17 Sem 2');
INSERT INTO studentPlans VALUES('E1000008B', FALSE, 'CG1001', 'AY 16/17 Sem 2');
INSERT INTO studentPlans VALUES('E1000008B', FALSE, 'FMC1202', 'AY 16/17 Sem 2');
INSERT INTO studentPlans VALUES('E1000008B', FALSE, 'CS3103', 'AY 17/18 Sem 1');
INSERT INTO studentPlans VALUES('E1000008B', FALSE, 'IT2002', 'AY 17/18 Sem 1');
INSERT INTO studentPlans VALUES('E1000008B', FALSE, 'CP2201', 'AY 17/18 Sem 1');
INSERT INTO studentPlans VALUES('E1000008B', FALSE, 'CS2103T', 'AY 17/18 Sem 1');
INSERT INTO studentPlans VALUES('E1000008B', FALSE, 'CG2271', 'AY 17/18 Sem 1');
INSERT INTO studentPlans VALUES('E1000008B', FALSE, 'CS2100', 'AY 17/18 Sem 2');
INSERT INTO studentPlans VALUES('E1000008B', FALSE, 'IT2001', 'AY 17/18 Sem 2');
INSERT INTO studentPlans VALUES('E1000008B', FALSE, 'CS2309', 'AY 17/18 Sem 2');
INSERT INTO studentPlans VALUES('E1000008B', FALSE, 'CS2220', 'AY 17/18 Sem 2');
INSERT INTO studentPlans VALUES('E1000008B', FALSE, 'CS2105', 'AY 17/18 Sem 2');

INSERT INTO student VALUES('E1000009B', 1);
INSERT INTO takesFocusArea VALUES('E1000009B', 'Algorithms & Theory', NULL);
INSERT INTO studentPlans VALUES('E1000009B', TRUE, 'CS1010S', 'AY 16/17 Sem 1');
INSERT INTO studentPlans VALUES('E1000009B', TRUE, 'FMC1201', 'AY 16/17 Sem 1');
INSERT INTO studentPlans VALUES('E1000009B', TRUE, 'CS1010', 'AY 16/17 Sem 1');
INSERT INTO studentPlans VALUES('E1000009B', TRUE, 'CS1281', 'AY 16/17 Sem 1');
INSERT INTO studentPlans VALUES('E1000009B', TRUE, 'CS2107', 'AY 16/17 Sem 1');
INSERT INTO studentPlans VALUES('E1000009B', FALSE, 'IT2002', 'AY 16/17 Sem 2');
INSERT INTO studentPlans VALUES('E1000009B', FALSE, 'CS1010E', 'AY 16/17 Sem 2');
INSERT INTO studentPlans VALUES('E1000009B', FALSE, 'GET1031', 'AY 16/17 Sem 2');
INSERT INTO studentPlans VALUES('E1000009B', FALSE, 'CS1102', 'AY 16/17 Sem 2');
INSERT INTO studentPlans VALUES('E1000009B', FALSE, 'CS2103', 'AY 16/17 Sem 2');
INSERT INTO studentPlans VALUES('E1000009B', FALSE, 'CS2271', 'AY 17/18 Sem 1');
INSERT INTO studentPlans VALUES('E1000009B', FALSE, 'CS2020', 'AY 17/18 Sem 1');
INSERT INTO studentPlans VALUES('E1000009B', FALSE, 'CS2309', 'AY 17/18 Sem 1');
INSERT INTO studentPlans VALUES('E1000009B', FALSE, 'CS3220', 'AY 17/18 Sem 1');
INSERT INTO studentPlans VALUES('E1000009B', FALSE, 'CS2010', 'AY 17/18 Sem 1');
INSERT INTO studentPlans VALUES('E1000009B', FALSE, 'CS2108', 'AY 17/18 Sem 2');
INSERT INTO studentPlans VALUES('E1000009B', FALSE, 'CS3201', 'AY 17/18 Sem 2');
INSERT INTO studentPlans VALUES('E1000009B', FALSE, 'CS2103T', 'AY 17/18 Sem 2');
INSERT INTO studentPlans VALUES('E1000009B', FALSE, 'CS2220', 'AY 17/18 Sem 2');
INSERT INTO studentPlans VALUES('E1000009B', FALSE, 'CS3103', 'AY 17/18 Sem 2');

INSERT INTO student VALUES('E1000010B', 1);
INSERT INTO takesFocusArea VALUES('E1000010B', 'Algorithms & Theory', NULL);
INSERT INTO studentPlans VALUES('E1000010B', TRUE, 'FMC1205', 'AY 16/17 Sem 1');
INSERT INTO studentPlans VALUES('E1000010B', TRUE, 'CS1281', 'AY 16/17 Sem 1');
INSERT INTO studentPlans VALUES('E1000010B', TRUE, 'IT1001', 'AY 16/17 Sem 1');
INSERT INTO studentPlans VALUES('E1000010B', TRUE, 'GEM1501', 'AY 16/17 Sem 1');
INSERT INTO studentPlans VALUES('E1000010B', TRUE, 'CS2100', 'AY 16/17 Sem 1');
INSERT INTO studentPlans VALUES('E1000010B', FALSE, 'CS1010S', 'AY 16/17 Sem 2');
INSERT INTO studentPlans VALUES('E1000010B', FALSE, 'IT1004', 'AY 16/17 Sem 2');
INSERT INTO studentPlans VALUES('E1000010B', FALSE, 'FMC1204', 'AY 16/17 Sem 2');
INSERT INTO studentPlans VALUES('E1000010B', FALSE, 'CS1101S', 'AY 16/17 Sem 2');
INSERT INTO studentPlans VALUES('E1000010B', FALSE, 'CS1020E', 'AY 16/17 Sem 2');
INSERT INTO studentPlans VALUES('E1000010B', FALSE, 'CS2309', 'AY 17/18 Sem 1');
INSERT INTO studentPlans VALUES('E1000010B', FALSE, 'CS3271', 'AY 17/18 Sem 1');
INSERT INTO studentPlans VALUES('E1000010B', FALSE, 'CS2281', 'AY 17/18 Sem 1');
INSERT INTO studentPlans VALUES('E1000010B', FALSE, 'CS2104', 'AY 17/18 Sem 1');
INSERT INTO studentPlans VALUES('E1000010B', FALSE, 'CS2108', 'AY 17/18 Sem 1');
INSERT INTO studentPlans VALUES('E1000010B', FALSE, 'CS2107', 'AY 17/18 Sem 2');
INSERT INTO studentPlans VALUES('E1000010B', FALSE, 'CS2010', 'AY 17/18 Sem 2');
INSERT INTO studentPlans VALUES('E1000010B', FALSE, 'CP3106', 'AY 17/18 Sem 2');
INSERT INTO studentPlans VALUES('E1000010B', FALSE, 'CP3200', 'AY 17/18 Sem 2');
INSERT INTO studentPlans VALUES('E1000010B', FALSE, 'CS3234', 'AY 17/18 Sem 2');

INSERT INTO student VALUES('E1000011B', 1);
INSERT INTO takesFocusArea VALUES('E1000011B', 'Computer Security', NULL);
INSERT INTO studentPlans VALUES('E1000011B', TRUE, 'CS1010S', 'AY 16/17 Sem 1');
INSERT INTO studentPlans VALUES('E1000011B', TRUE, 'CS1010E', 'AY 16/17 Sem 1');
INSERT INTO studentPlans VALUES('E1000011B', TRUE, 'IT1801', 'AY 16/17 Sem 1');
INSERT INTO studentPlans VALUES('E1000011B', TRUE, 'CS1010X', 'AY 16/17 Sem 1');
INSERT INTO studentPlans VALUES('E1000011B', TRUE, 'FMC1201', 'AY 16/17 Sem 1');
INSERT INTO studentPlans VALUES('E1000011B', FALSE, 'IT1005', 'AY 16/17 Sem 2');
INSERT INTO studentPlans VALUES('E1000011B', FALSE, 'CS1101S', 'AY 16/17 Sem 2');
INSERT INTO studentPlans VALUES('E1000011B', FALSE, 'FMC1206', 'AY 16/17 Sem 2');
INSERT INTO studentPlans VALUES('E1000011B', FALSE, 'CS1102', 'AY 16/17 Sem 2');
INSERT INTO studentPlans VALUES('E1000011B', FALSE, 'CS1020E', 'AY 16/17 Sem 2');
INSERT INTO studentPlans VALUES('E1000011B', FALSE, 'CP3106', 'AY 17/18 Sem 1');
INSERT INTO studentPlans VALUES('E1000011B', FALSE, 'IT2001', 'AY 17/18 Sem 1');
INSERT INTO studentPlans VALUES('E1000011B', FALSE, 'CS3217', 'AY 17/18 Sem 1');
INSERT INTO studentPlans VALUES('E1000011B', FALSE, 'CS3205', 'AY 17/18 Sem 1');
INSERT INTO studentPlans VALUES('E1000011B', FALSE, 'CS2010', 'AY 17/18 Sem 1');
INSERT INTO studentPlans VALUES('E1000011B', FALSE, 'CS2309', 'AY 17/18 Sem 2');
INSERT INTO studentPlans VALUES('E1000011B', FALSE, 'CS2020', 'AY 17/18 Sem 2');
INSERT INTO studentPlans VALUES('E1000011B', FALSE, 'CS2100', 'AY 17/18 Sem 2');
INSERT INTO studentPlans VALUES('E1000011B', FALSE, 'CS2102', 'AY 17/18 Sem 2');
INSERT INTO studentPlans VALUES('E1000011B', FALSE, 'CP2201', 'AY 17/18 Sem 2');

INSERT INTO student VALUES('E1000012B', 1);
INSERT INTO takesFocusArea VALUES('E1000012B', 'Parallel Computing', NULL);
INSERT INTO studentPlans VALUES('E1000012B', TRUE, 'GET1031', 'AY 16/17 Sem 1');
INSERT INTO studentPlans VALUES('E1000012B', TRUE, 'IT1001', 'AY 16/17 Sem 1');
INSERT INTO studentPlans VALUES('E1000012B', TRUE, 'CS1010E', 'AY 16/17 Sem 1');
INSERT INTO studentPlans VALUES('E1000012B', TRUE, 'CS1010J', 'AY 16/17 Sem 1');
INSERT INTO studentPlans VALUES('E1000012B', TRUE, 'FMC1203', 'AY 16/17 Sem 1');
INSERT INTO studentPlans VALUES('E1000012B', FALSE, 'FMC1205', 'AY 16/17 Sem 2');
INSERT INTO studentPlans VALUES('E1000012B', FALSE, 'CS1231', 'AY 16/17 Sem 2');
INSERT INTO studentPlans VALUES('E1000012B', FALSE, 'CS2102', 'AY 16/17 Sem 2');
INSERT INTO studentPlans VALUES('E1000012B', FALSE, 'IT1801', 'AY 16/17 Sem 2');
INSERT INTO studentPlans VALUES('E1000012B', FALSE, 'CS2100', 'AY 16/17 Sem 2');
INSERT INTO studentPlans VALUES('E1000012B', FALSE, 'CP2201', 'AY 17/18 Sem 1');
INSERT INTO studentPlans VALUES('E1000012B', FALSE, 'CS2108', 'AY 17/18 Sem 1');
INSERT INTO studentPlans VALUES('E1000012B', FALSE, 'CS2271', 'AY 17/18 Sem 1');
INSERT INTO studentPlans VALUES('E1000012B', FALSE, 'CS2107', 'AY 17/18 Sem 1');
INSERT INTO studentPlans VALUES('E1000012B', FALSE, 'CS2309', 'AY 17/18 Sem 1');
INSERT INTO studentPlans VALUES('E1000012B', FALSE, 'CG2271', 'AY 17/18 Sem 2');
INSERT INTO studentPlans VALUES('E1000012B', FALSE, 'CS3233', 'AY 17/18 Sem 2');
INSERT INTO studentPlans VALUES('E1000012B', FALSE, 'CS2103T', 'AY 17/18 Sem 2');
INSERT INTO studentPlans VALUES('E1000012B', FALSE, 'CS3211', 'AY 17/18 Sem 2');
INSERT INTO studentPlans VALUES('E1000012B', FALSE, 'CS2220', 'AY 17/18 Sem 2');

INSERT INTO student VALUES('E1000013B', 1);
INSERT INTO takesFocusArea VALUES('E1000013B', 'Algorithms & Theory', NULL);
INSERT INTO studentPlans VALUES('E1000013B', TRUE, 'IT1002', 'AY 16/17 Sem 1');
INSERT INTO studentPlans VALUES('E1000013B', TRUE, 'CS2281', 'AY 16/17 Sem 1');
INSERT INTO studentPlans VALUES('E1000013B', TRUE, 'FMC1201', 'AY 16/17 Sem 1');
INSERT INTO studentPlans VALUES('E1000013B', TRUE, 'IT1003', 'AY 16/17 Sem 1');
INSERT INTO studentPlans VALUES('E1000013B', TRUE, 'CS1020', 'AY 16/17 Sem 1');
INSERT INTO studentPlans VALUES('E1000013B', FALSE, 'CS1281', 'AY 16/17 Sem 2');
INSERT INTO studentPlans VALUES('E1000013B', FALSE, 'CS1010X', 'AY 16/17 Sem 2');
INSERT INTO studentPlans VALUES('E1000013B', FALSE, 'IT1801', 'AY 16/17 Sem 2');
INSERT INTO studentPlans VALUES('E1000013B', FALSE, 'CS1010S', 'AY 16/17 Sem 2');
INSERT INTO studentPlans VALUES('E1000013B', FALSE, 'CS1010E', 'AY 16/17 Sem 2');
INSERT INTO studentPlans VALUES('E1000013B', FALSE, 'CS3212', 'AY 17/18 Sem 1');
INSERT INTO studentPlans VALUES('E1000013B', FALSE, 'CP2201', 'AY 17/18 Sem 1');
INSERT INTO studentPlans VALUES('E1000013B', FALSE, 'CS3243', 'AY 17/18 Sem 1');
INSERT INTO studentPlans VALUES('E1000013B', FALSE, 'CS2271', 'AY 17/18 Sem 1');
INSERT INTO studentPlans VALUES('E1000013B', FALSE, 'CS2108', 'AY 17/18 Sem 1');
INSERT INTO studentPlans VALUES('E1000013B', FALSE, 'CS2220', 'AY 17/18 Sem 2');
INSERT INTO studentPlans VALUES('E1000013B', FALSE, 'CS2101', 'AY 17/18 Sem 2');
INSERT INTO studentPlans VALUES('E1000013B', FALSE, 'CS2100', 'AY 17/18 Sem 2');
INSERT INTO studentPlans VALUES('E1000013B', FALSE, 'IT2001', 'AY 17/18 Sem 2');
INSERT INTO studentPlans VALUES('E1000013B', FALSE, 'CS2020', 'AY 17/18 Sem 2');

INSERT INTO student VALUES('E1000014B', 1);
INSERT INTO takesFocusArea VALUES('E1000014B', 'Interactive Media', NULL);
INSERT INTO studentPlans VALUES('E1000014B', TRUE, 'IT1006', 'AY 16/17 Sem 1');
INSERT INTO studentPlans VALUES('E1000014B', TRUE, 'CS1010S', 'AY 16/17 Sem 1');
INSERT INTO studentPlans VALUES('E1000014B', TRUE, 'CS2010', 'AY 16/17 Sem 1');
INSERT INTO studentPlans VALUES('E1000014B', TRUE, 'CS1280', 'AY 16/17 Sem 1');
INSERT INTO studentPlans VALUES('E1000014B', TRUE, 'IT1801', 'AY 16/17 Sem 1');
INSERT INTO studentPlans VALUES('E1000014B', FALSE, 'CS1010E', 'AY 16/17 Sem 2');
INSERT INTO studentPlans VALUES('E1000014B', FALSE, 'IT1002', 'AY 16/17 Sem 2');
INSERT INTO studentPlans VALUES('E1000014B', FALSE, 'CS1101S', 'AY 16/17 Sem 2');
INSERT INTO studentPlans VALUES('E1000014B', FALSE, 'CS2102', 'AY 16/17 Sem 2');
INSERT INTO studentPlans VALUES('E1000014B', FALSE, 'CS2108', 'AY 16/17 Sem 2');
INSERT INTO studentPlans VALUES('E1000014B', FALSE, 'CP2201', 'AY 17/18 Sem 1');
INSERT INTO studentPlans VALUES('E1000014B', FALSE, 'CS2100', 'AY 17/18 Sem 1');
INSERT INTO studentPlans VALUES('E1000014B', FALSE, 'CS2281', 'AY 17/18 Sem 1');
INSERT INTO studentPlans VALUES('E1000014B', FALSE, 'CS2107', 'AY 17/18 Sem 1');
INSERT INTO studentPlans VALUES('E1000014B', FALSE, 'CS2105', 'AY 17/18 Sem 1');
INSERT INTO studentPlans VALUES('E1000014B', FALSE, 'CS3283', 'AY 17/18 Sem 2');
INSERT INTO studentPlans VALUES('E1000014B', FALSE, 'CS3281', 'AY 17/18 Sem 2');
INSERT INTO studentPlans VALUES('E1000014B', FALSE, 'CS3103L', 'AY 17/18 Sem 2');
INSERT INTO studentPlans VALUES('E1000014B', FALSE, 'CS2101', 'AY 17/18 Sem 2');
INSERT INTO studentPlans VALUES('E1000014B', FALSE, 'CS2220', 'AY 17/18 Sem 2');

INSERT INTO student VALUES('E1000015B', 1);
INSERT INTO takesFocusArea VALUES('E1000015B', 'Database Systems', NULL);
INSERT INTO studentPlans VALUES('E1000015B', TRUE, 'CS2020', 'AY 16/17 Sem 1');
INSERT INTO studentPlans VALUES('E1000015B', TRUE, 'CS1010E', 'AY 16/17 Sem 1');
INSERT INTO studentPlans VALUES('E1000015B', TRUE, 'IT1005', 'AY 16/17 Sem 1');
INSERT INTO studentPlans VALUES('E1000015B', TRUE, 'IT1001', 'AY 16/17 Sem 1');
INSERT INTO studentPlans VALUES('E1000015B', TRUE, 'CS2107', 'AY 16/17 Sem 1');
INSERT INTO studentPlans VALUES('E1000015B', FALSE, 'CS1010J', 'AY 16/17 Sem 2');
INSERT INTO studentPlans VALUES('E1000015B', FALSE, 'IT1801', 'AY 16/17 Sem 2');
INSERT INTO studentPlans VALUES('E1000015B', FALSE, 'FMC1203', 'AY 16/17 Sem 2');
INSERT INTO studentPlans VALUES('E1000015B', FALSE, 'FMC1206', 'AY 16/17 Sem 2');
INSERT INTO studentPlans VALUES('E1000015B', FALSE, 'CS2104', 'AY 16/17 Sem 2');
INSERT INTO studentPlans VALUES('E1000015B', FALSE, 'CS2271', 'AY 17/18 Sem 1');
INSERT INTO studentPlans VALUES('E1000015B', FALSE, 'CS2010', 'AY 17/18 Sem 1');
INSERT INTO studentPlans VALUES('E1000015B', FALSE, 'CP3881', 'AY 17/18 Sem 1');
INSERT INTO studentPlans VALUES('E1000015B', FALSE, 'CS2108', 'AY 17/18 Sem 1');
INSERT INTO studentPlans VALUES('E1000015B', FALSE, 'CS2101', 'AY 17/18 Sem 1');
INSERT INTO studentPlans VALUES('E1000015B', FALSE, 'CG2271', 'AY 17/18 Sem 2');
INSERT INTO studentPlans VALUES('E1000015B', FALSE, 'CS3235', 'AY 17/18 Sem 2');
INSERT INTO studentPlans VALUES('E1000015B', FALSE, 'CG3204L', 'AY 17/18 Sem 2');
INSERT INTO studentPlans VALUES('E1000015B', FALSE, 'IT2002', 'AY 17/18 Sem 2');
INSERT INTO studentPlans VALUES('E1000015B', FALSE, 'IT2001', 'AY 17/18 Sem 2');

INSERT INTO student VALUES('E1000016B', 1);
INSERT INTO takesFocusArea VALUES('E1000016B', 'Artificial Intelligence', NULL);
INSERT INTO studentPlans VALUES('E1000016B', TRUE, 'IT2001', 'AY 16/17 Sem 1');
INSERT INTO studentPlans VALUES('E1000016B', TRUE, 'CS1102', 'AY 16/17 Sem 1');
INSERT INTO studentPlans VALUES('E1000016B', TRUE, 'CS1102C', 'AY 16/17 Sem 1');
INSERT INTO studentPlans VALUES('E1000016B', TRUE, 'IT1004', 'AY 16/17 Sem 1');
INSERT INTO studentPlans VALUES('E1000016B', TRUE, 'CS1010J', 'AY 16/17 Sem 1');
INSERT INTO studentPlans VALUES('E1000016B', FALSE, 'CS1010X', 'AY 16/17 Sem 2');
INSERT INTO studentPlans VALUES('E1000016B', FALSE, 'CG1001', 'AY 16/17 Sem 2');
INSERT INTO studentPlans VALUES('E1000016B', FALSE, 'CS1281', 'AY 16/17 Sem 2');
INSERT INTO studentPlans VALUES('E1000016B', FALSE, 'IT1002', 'AY 16/17 Sem 2');
INSERT INTO studentPlans VALUES('E1000016B', FALSE, 'GEM1501', 'AY 16/17 Sem 2');
INSERT INTO studentPlans VALUES('E1000016B', FALSE, 'CS3284', 'AY 17/18 Sem 1');
INSERT INTO studentPlans VALUES('E1000016B', FALSE, 'CS2108', 'AY 17/18 Sem 1');
INSERT INTO studentPlans VALUES('E1000016B', FALSE, 'CS2107', 'AY 17/18 Sem 1');
INSERT INTO studentPlans VALUES('E1000016B', FALSE, 'CS2010', 'AY 17/18 Sem 1');
INSERT INTO studentPlans VALUES('E1000016B', FALSE, 'CS2105', 'AY 17/18 Sem 1');
INSERT INTO studentPlans VALUES('E1000016B', FALSE, 'IT2002', 'AY 17/18 Sem 2');
INSERT INTO studentPlans VALUES('E1000016B', FALSE, 'CS2271', 'AY 17/18 Sem 2');
INSERT INTO studentPlans VALUES('E1000016B', FALSE, 'CS2104', 'AY 17/18 Sem 2');
INSERT INTO studentPlans VALUES('E1000016B', FALSE, 'CS2309', 'AY 17/18 Sem 2');
INSERT INTO studentPlans VALUES('E1000016B', FALSE, 'CS3882', 'AY 17/18 Sem 2');

INSERT INTO student VALUES('E1000017B', 1);
INSERT INTO takesFocusArea VALUES('E1000017B', 'Computer Security', NULL);
INSERT INTO studentPlans VALUES('E1000017B', TRUE, 'CG1001', 'AY 16/17 Sem 1');
INSERT INTO studentPlans VALUES('E1000017B', TRUE, 'IT1006', 'AY 16/17 Sem 1');
INSERT INTO studentPlans VALUES('E1000017B', TRUE, 'CS1102', 'AY 16/17 Sem 1');
INSERT INTO studentPlans VALUES('E1000017B', TRUE, 'CS1020E', 'AY 16/17 Sem 1');
INSERT INTO studentPlans VALUES('E1000017B', TRUE, 'IT1004', 'AY 16/17 Sem 1');
INSERT INTO studentPlans VALUES('E1000017B', FALSE, 'GET1031', 'AY 16/17 Sem 2');
INSERT INTO studentPlans VALUES('E1000017B', FALSE, 'IT1801', 'AY 16/17 Sem 2');
INSERT INTO studentPlans VALUES('E1000017B', FALSE, 'CS2100', 'AY 16/17 Sem 2');
INSERT INTO studentPlans VALUES('E1000017B', FALSE, 'CS1010', 'AY 16/17 Sem 2');
INSERT INTO studentPlans VALUES('E1000017B', FALSE, 'CS1010X', 'AY 16/17 Sem 2');
INSERT INTO studentPlans VALUES('E1000017B', FALSE, 'CG2271', 'AY 17/18 Sem 1');
INSERT INTO studentPlans VALUES('E1000017B', FALSE, 'CS2107', 'AY 17/18 Sem 1');
INSERT INTO studentPlans VALUES('E1000017B', FALSE, 'CS3241', 'AY 17/18 Sem 1');
INSERT INTO studentPlans VALUES('E1000017B', FALSE, 'CS2105', 'AY 17/18 Sem 1');
INSERT INTO studentPlans VALUES('E1000017B', FALSE, 'CS2103', 'AY 17/18 Sem 1');
INSERT INTO studentPlans VALUES('E1000017B', FALSE, 'CS3210', 'AY 17/18 Sem 2');
INSERT INTO studentPlans VALUES('E1000017B', FALSE, 'CS2102', 'AY 17/18 Sem 2');
INSERT INTO studentPlans VALUES('E1000017B', FALSE, 'CS3211', 'AY 17/18 Sem 2');
INSERT INTO studentPlans VALUES('E1000017B', FALSE, 'CS2020', 'AY 17/18 Sem 2');
INSERT INTO studentPlans VALUES('E1000017B', FALSE, 'CS2108', 'AY 17/18 Sem 2');

INSERT INTO student VALUES('E1000018B', 1);
INSERT INTO takesFocusArea VALUES('E1000018B', 'Computer Security', NULL);
INSERT INTO studentPlans VALUES('E1000018B', TRUE, 'CS1010', 'AY 16/17 Sem 1');
INSERT INTO studentPlans VALUES('E1000018B', TRUE, 'IT1004', 'AY 16/17 Sem 1');
INSERT INTO studentPlans VALUES('E1000018B', TRUE, 'FMC1206', 'AY 16/17 Sem 1');
INSERT INTO studentPlans VALUES('E1000018B', TRUE, 'FMC1203', 'AY 16/17 Sem 1');
INSERT INTO studentPlans VALUES('E1000018B', TRUE, 'CS1020', 'AY 16/17 Sem 1');
INSERT INTO studentPlans VALUES('E1000018B', FALSE, 'CG1001', 'AY 16/17 Sem 2');
INSERT INTO studentPlans VALUES('E1000018B', FALSE, 'GEM1501', 'AY 16/17 Sem 2');
INSERT INTO studentPlans VALUES('E1000018B', FALSE, 'CS2107', 'AY 16/17 Sem 2');
INSERT INTO studentPlans VALUES('E1000018B', FALSE, 'IT1001', 'AY 16/17 Sem 2');
INSERT INTO studentPlans VALUES('E1000018B', FALSE, 'GET1031', 'AY 16/17 Sem 2');
INSERT INTO studentPlans VALUES('E1000018B', FALSE, 'CS2020', 'AY 17/18 Sem 1');
INSERT INTO studentPlans VALUES('E1000018B', FALSE, 'CS3220', 'AY 17/18 Sem 1');
INSERT INTO studentPlans VALUES('E1000018B', FALSE, 'CS2103', 'AY 17/18 Sem 1');
INSERT INTO studentPlans VALUES('E1000018B', FALSE, 'CS3283', 'AY 17/18 Sem 1');
INSERT INTO studentPlans VALUES('E1000018B', FALSE, 'CS2010', 'AY 17/18 Sem 1');
INSERT INTO studentPlans VALUES('E1000018B', FALSE, 'CS2106', 'AY 17/18 Sem 2');
INSERT INTO studentPlans VALUES('E1000018B', FALSE, 'IT2001', 'AY 17/18 Sem 2');
INSERT INTO studentPlans VALUES('E1000018B', FALSE, 'CS2281', 'AY 17/18 Sem 2');
INSERT INTO studentPlans VALUES('E1000018B', FALSE, 'IT2002', 'AY 17/18 Sem 2');
INSERT INTO studentPlans VALUES('E1000018B', FALSE, 'CS2309', 'AY 17/18 Sem 2');

INSERT INTO student VALUES('E1000019B', 1);
INSERT INTO takesFocusArea VALUES('E1000019B', 'Visual Computing', NULL);
INSERT INTO studentPlans VALUES('E1000019B', TRUE, 'FMC1203', 'AY 16/17 Sem 1');
INSERT INTO studentPlans VALUES('E1000019B', TRUE, 'CS2103', 'AY 16/17 Sem 1');
INSERT INTO studentPlans VALUES('E1000019B', TRUE, 'CS1010', 'AY 16/17 Sem 1');
INSERT INTO studentPlans VALUES('E1000019B', TRUE, 'CS1020', 'AY 16/17 Sem 1');
INSERT INTO studentPlans VALUES('E1000019B', TRUE, 'CG1001', 'AY 16/17 Sem 1');
INSERT INTO studentPlans VALUES('E1000019B', FALSE, 'CS1280', 'AY 16/17 Sem 2');
INSERT INTO studentPlans VALUES('E1000019B', FALSE, 'IT2002', 'AY 16/17 Sem 2');
INSERT INTO studentPlans VALUES('E1000019B', FALSE, 'FMC1206', 'AY 16/17 Sem 2');
INSERT INTO studentPlans VALUES('E1000019B', FALSE, 'CS2271', 'AY 16/17 Sem 2');
INSERT INTO studentPlans VALUES('E1000019B', FALSE, 'IT1801', 'AY 16/17 Sem 2');
INSERT INTO studentPlans VALUES('E1000019B', FALSE, 'CG2271', 'AY 17/18 Sem 1');
INSERT INTO studentPlans VALUES('E1000019B', FALSE, 'CS3225', 'AY 17/18 Sem 1');
INSERT INTO studentPlans VALUES('E1000019B', FALSE, 'IT2001', 'AY 17/18 Sem 1');
INSERT INTO studentPlans VALUES('E1000019B', FALSE, 'CS2104', 'AY 17/18 Sem 1');
INSERT INTO studentPlans VALUES('E1000019B', FALSE, 'CS2281', 'AY 17/18 Sem 1');
INSERT INTO studentPlans VALUES('E1000019B', FALSE, 'CS3245', 'AY 17/18 Sem 2');
INSERT INTO studentPlans VALUES('E1000019B', FALSE, 'CS2105', 'AY 17/18 Sem 2');
INSERT INTO studentPlans VALUES('E1000019B', FALSE, 'CS2101', 'AY 17/18 Sem 2');
INSERT INTO studentPlans VALUES('E1000019B', FALSE, 'CS3201', 'AY 17/18 Sem 2');
INSERT INTO studentPlans VALUES('E1000019B', FALSE, 'CS2010', 'AY 17/18 Sem 2');

INSERT INTO student VALUES('E1000020B', 1);
INSERT INTO takesFocusArea VALUES('E1000020B', 'Computer Graphics and Games', NULL);
INSERT INTO studentPlans VALUES('E1000020B', TRUE, 'GET1031', 'AY 16/17 Sem 1');
INSERT INTO studentPlans VALUES('E1000020B', TRUE, 'CS1020E', 'AY 16/17 Sem 1');
INSERT INTO studentPlans VALUES('E1000020B', TRUE, 'CG1001', 'AY 16/17 Sem 1');
INSERT INTO studentPlans VALUES('E1000020B', TRUE, 'IT1801', 'AY 16/17 Sem 1');
INSERT INTO studentPlans VALUES('E1000020B', TRUE, 'CS1231', 'AY 16/17 Sem 1');
INSERT INTO studentPlans VALUES('E1000020B', FALSE, 'CS1281', 'AY 16/17 Sem 2');
INSERT INTO studentPlans VALUES('E1000020B', FALSE, 'FMC1206', 'AY 16/17 Sem 2');
INSERT INTO studentPlans VALUES('E1000020B', FALSE, 'CS1010', 'AY 16/17 Sem 2');
INSERT INTO studentPlans VALUES('E1000020B', FALSE, 'FMC1204', 'AY 16/17 Sem 2');
INSERT INTO studentPlans VALUES('E1000020B', FALSE, 'CS1102', 'AY 16/17 Sem 2');
INSERT INTO studentPlans VALUES('E1000020B', FALSE, 'CS2281', 'AY 17/18 Sem 1');
INSERT INTO studentPlans VALUES('E1000020B', FALSE, 'CS2271', 'AY 17/18 Sem 1');
INSERT INTO studentPlans VALUES('E1000020B', FALSE, 'CG3204L', 'AY 17/18 Sem 1');
INSERT INTO studentPlans VALUES('E1000020B', FALSE, 'CS2108', 'AY 17/18 Sem 1');
INSERT INTO studentPlans VALUES('E1000020B', FALSE, 'CS2103', 'AY 17/18 Sem 1');
INSERT INTO studentPlans VALUES('E1000020B', FALSE, 'CS2020', 'AY 17/18 Sem 2');
INSERT INTO studentPlans VALUES('E1000020B', FALSE, 'CS3240', 'AY 17/18 Sem 2');
INSERT INTO studentPlans VALUES('E1000020B', FALSE, 'CG2271', 'AY 17/18 Sem 2');
INSERT INTO studentPlans VALUES('E1000020B', FALSE, 'CS2107', 'AY 17/18 Sem 2');
INSERT INTO studentPlans VALUES('E1000020B', FALSE, 'CS2101', 'AY 17/18 Sem 2');

INSERT INTO student VALUES('E1000021B', 1);
INSERT INTO takesFocusArea VALUES('E1000021B', 'Computer Graphics and Games', NULL);
INSERT INTO studentPlans VALUES('E1000021B', TRUE, 'CS2106', 'AY 16/17 Sem 1');
INSERT INTO studentPlans VALUES('E1000021B', TRUE, 'CS1101S', 'AY 16/17 Sem 1');
INSERT INTO studentPlans VALUES('E1000021B', TRUE, 'CS2105', 'AY 16/17 Sem 1');
INSERT INTO studentPlans VALUES('E1000021B', TRUE, 'FMC1205', 'AY 16/17 Sem 1');
INSERT INTO studentPlans VALUES('E1000021B', TRUE, 'CS1102C', 'AY 16/17 Sem 1');
INSERT INTO studentPlans VALUES('E1000021B', FALSE, 'FMC1206', 'AY 16/17 Sem 2');
INSERT INTO studentPlans VALUES('E1000021B', FALSE, 'FMC1201', 'AY 16/17 Sem 2');
INSERT INTO studentPlans VALUES('E1000021B', FALSE, 'CS1281', 'AY 16/17 Sem 2');
INSERT INTO studentPlans VALUES('E1000021B', FALSE, 'CS1020', 'AY 16/17 Sem 2');
INSERT INTO studentPlans VALUES('E1000021B', FALSE, 'IT1004', 'AY 16/17 Sem 2');
INSERT INTO studentPlans VALUES('E1000021B', FALSE, 'CS2103', 'AY 17/18 Sem 1');
INSERT INTO studentPlans VALUES('E1000021B', FALSE, 'CS2101', 'AY 17/18 Sem 1');
INSERT INTO studentPlans VALUES('E1000021B', FALSE, 'CS2010', 'AY 17/18 Sem 1');
INSERT INTO studentPlans VALUES('E1000021B', FALSE, 'CP2201', 'AY 17/18 Sem 1');
INSERT INTO studentPlans VALUES('E1000021B', FALSE, 'CS2271', 'AY 17/18 Sem 1');
INSERT INTO studentPlans VALUES('E1000021B', FALSE, 'CS2102', 'AY 17/18 Sem 2');
INSERT INTO studentPlans VALUES('E1000021B', FALSE, 'CS2104', 'AY 17/18 Sem 2');
INSERT INTO studentPlans VALUES('E1000021B', FALSE, 'CS2107', 'AY 17/18 Sem 2');
INSERT INTO studentPlans VALUES('E1000021B', FALSE, 'CS3212', 'AY 17/18 Sem 2');
INSERT INTO studentPlans VALUES('E1000021B', FALSE, 'CS2103T', 'AY 17/18 Sem 2');

INSERT INTO student VALUES('E1000022B', 1);
INSERT INTO takesFocusArea VALUES('E1000022B', 'Algorithms & Theory', NULL);
INSERT INTO studentPlans VALUES('E1000022B', TRUE, 'CS2103', 'AY 16/17 Sem 1');
INSERT INTO studentPlans VALUES('E1000022B', TRUE, 'IT1004', 'AY 16/17 Sem 1');
INSERT INTO studentPlans VALUES('E1000022B', TRUE, 'IT1002', 'AY 16/17 Sem 1');
INSERT INTO studentPlans VALUES('E1000022B', TRUE, 'CS1101S', 'AY 16/17 Sem 1');
INSERT INTO studentPlans VALUES('E1000022B', TRUE, 'CS2102', 'AY 16/17 Sem 1');
INSERT INTO studentPlans VALUES('E1000022B', FALSE, 'FMC1204', 'AY 16/17 Sem 2');
INSERT INTO studentPlans VALUES('E1000022B', FALSE, 'FMC1201', 'AY 16/17 Sem 2');
INSERT INTO studentPlans VALUES('E1000022B', FALSE, 'IT1001', 'AY 16/17 Sem 2');
INSERT INTO studentPlans VALUES('E1000022B', FALSE, 'IT1005', 'AY 16/17 Sem 2');
INSERT INTO studentPlans VALUES('E1000022B', FALSE, 'FMC1206', 'AY 16/17 Sem 2');
INSERT INTO studentPlans VALUES('E1000022B', FALSE, 'CS2020', 'AY 17/18 Sem 1');
INSERT INTO studentPlans VALUES('E1000022B', FALSE, 'CS2106', 'AY 17/18 Sem 1');
INSERT INTO studentPlans VALUES('E1000022B', FALSE, 'CS2271', 'AY 17/18 Sem 1');
INSERT INTO studentPlans VALUES('E1000022B', FALSE, 'IT2002', 'AY 17/18 Sem 1');
INSERT INTO studentPlans VALUES('E1000022B', FALSE, 'IT2001', 'AY 17/18 Sem 1');
INSERT INTO studentPlans VALUES('E1000022B', FALSE, 'CS2309', 'AY 17/18 Sem 2');
INSERT INTO studentPlans VALUES('E1000022B', FALSE, 'CS2010', 'AY 17/18 Sem 2');
INSERT INTO studentPlans VALUES('E1000022B', FALSE, 'CS3103L', 'AY 17/18 Sem 2');
INSERT INTO studentPlans VALUES('E1000022B', FALSE, 'CS3246', 'AY 17/18 Sem 2');
INSERT INTO studentPlans VALUES('E1000022B', FALSE, 'CG2271', 'AY 17/18 Sem 2');

INSERT INTO student VALUES('E1000023B', 1);
INSERT INTO takesFocusArea VALUES('E1000023B', 'Software Engineering', NULL);
INSERT INTO studentPlans VALUES('E1000023B', TRUE, 'CS1020E', 'AY 16/17 Sem 1');
INSERT INTO studentPlans VALUES('E1000023B', TRUE, 'CS2106', 'AY 16/17 Sem 1');
INSERT INTO studentPlans VALUES('E1000023B', TRUE, 'CS1231', 'AY 16/17 Sem 1');
INSERT INTO studentPlans VALUES('E1000023B', TRUE, 'CS1281', 'AY 16/17 Sem 1');
INSERT INTO studentPlans VALUES('E1000023B', TRUE, 'CS1010J', 'AY 16/17 Sem 1');
INSERT INTO studentPlans VALUES('E1000023B', FALSE, 'CS1010E', 'AY 16/17 Sem 2');
INSERT INTO studentPlans VALUES('E1000023B', FALSE, 'FMC1205', 'AY 16/17 Sem 2');
INSERT INTO studentPlans VALUES('E1000023B', FALSE, 'GEM1501', 'AY 16/17 Sem 2');
INSERT INTO studentPlans VALUES('E1000023B', FALSE, 'IT1003', 'AY 16/17 Sem 2');
INSERT INTO studentPlans VALUES('E1000023B', FALSE, 'FMC1202', 'AY 16/17 Sem 2');
INSERT INTO studentPlans VALUES('E1000023B', FALSE, 'CS2271', 'AY 17/18 Sem 1');
INSERT INTO studentPlans VALUES('E1000023B', FALSE, 'CS2103', 'AY 17/18 Sem 1');
INSERT INTO studentPlans VALUES('E1000023B', FALSE, 'CS3205', 'AY 17/18 Sem 1');
INSERT INTO studentPlans VALUES('E1000023B', FALSE, 'IT2001', 'AY 17/18 Sem 1');
INSERT INTO studentPlans VALUES('E1000023B', FALSE, 'CS2281', 'AY 17/18 Sem 1');
INSERT INTO studentPlans VALUES('E1000023B', FALSE, 'CG2271', 'AY 17/18 Sem 2');
INSERT INTO studentPlans VALUES('E1000023B', FALSE, 'CS3882', 'AY 17/18 Sem 2');
INSERT INTO studentPlans VALUES('E1000023B', FALSE, 'CS2108', 'AY 17/18 Sem 2');
INSERT INTO studentPlans VALUES('E1000023B', FALSE, 'CS2103T', 'AY 17/18 Sem 2');
INSERT INTO studentPlans VALUES('E1000023B', FALSE, 'CP2201', 'AY 17/18 Sem 2');

INSERT INTO student VALUES('E1000024B', 1);
INSERT INTO takesFocusArea VALUES('E1000024B', 'Networking and Distributed Systems', NULL);
INSERT INTO studentPlans VALUES('E1000024B', TRUE, 'IT1006', 'AY 16/17 Sem 1');
INSERT INTO studentPlans VALUES('E1000024B', TRUE, 'GET1031', 'AY 16/17 Sem 1');
INSERT INTO studentPlans VALUES('E1000024B', TRUE, 'CS1010X', 'AY 16/17 Sem 1');
INSERT INTO studentPlans VALUES('E1000024B', TRUE, 'FMC1205', 'AY 16/17 Sem 1');
INSERT INTO studentPlans VALUES('E1000024B', TRUE, 'CS1281', 'AY 16/17 Sem 1');
INSERT INTO studentPlans VALUES('E1000024B', FALSE, 'FMC1203', 'AY 16/17 Sem 2');
INSERT INTO studentPlans VALUES('E1000024B', FALSE, 'CS2010', 'AY 16/17 Sem 2');
INSERT INTO studentPlans VALUES('E1000024B', FALSE, 'CS1102', 'AY 16/17 Sem 2');
INSERT INTO studentPlans VALUES('E1000024B', FALSE, 'CS2281', 'AY 16/17 Sem 2');
INSERT INTO studentPlans VALUES('E1000024B', FALSE, 'IT1801', 'AY 16/17 Sem 2');
INSERT INTO studentPlans VALUES('E1000024B', FALSE, 'CS2103', 'AY 17/18 Sem 1');
INSERT INTO studentPlans VALUES('E1000024B', FALSE, 'IT2001', 'AY 17/18 Sem 1');
INSERT INTO studentPlans VALUES('E1000024B', FALSE, 'CP2201', 'AY 17/18 Sem 1');
INSERT INTO studentPlans VALUES('E1000024B', FALSE, 'CP3201', 'AY 17/18 Sem 1');
INSERT INTO studentPlans VALUES('E1000024B', FALSE, 'CS2103T', 'AY 17/18 Sem 1');
INSERT INTO studentPlans VALUES('E1000024B', FALSE, 'CS2108', 'AY 17/18 Sem 2');
INSERT INTO studentPlans VALUES('E1000024B', FALSE, 'CS2309', 'AY 17/18 Sem 2');
INSERT INTO studentPlans VALUES('E1000024B', FALSE, 'CS2106', 'AY 17/18 Sem 2');
INSERT INTO studentPlans VALUES('E1000024B', FALSE, 'CS2271', 'AY 17/18 Sem 2');
INSERT INTO studentPlans VALUES('E1000024B', FALSE, 'CS2102', 'AY 17/18 Sem 2');

INSERT INTO student VALUES('E1000025B', 1);
INSERT INTO takesFocusArea VALUES('E1000025B', 'Programming Languages', NULL);
INSERT INTO studentPlans VALUES('E1000025B', TRUE, 'FMC1205', 'AY 16/17 Sem 1');
INSERT INTO studentPlans VALUES('E1000025B', TRUE, 'FMC1201', 'AY 16/17 Sem 1');
INSERT INTO studentPlans VALUES('E1000025B', TRUE, 'GEM1501', 'AY 16/17 Sem 1');
INSERT INTO studentPlans VALUES('E1000025B', TRUE, 'CS2271', 'AY 16/17 Sem 1');
INSERT INTO studentPlans VALUES('E1000025B', TRUE, 'IT1801', 'AY 16/17 Sem 1');
INSERT INTO studentPlans VALUES('E1000025B', FALSE, 'CS1102C', 'AY 16/17 Sem 2');
INSERT INTO studentPlans VALUES('E1000025B', FALSE, 'CS1101S', 'AY 16/17 Sem 2');
INSERT INTO studentPlans VALUES('E1000025B', FALSE, 'FMC1203', 'AY 16/17 Sem 2');
INSERT INTO studentPlans VALUES('E1000025B', FALSE, 'CS1281', 'AY 16/17 Sem 2');
INSERT INTO studentPlans VALUES('E1000025B', FALSE, 'GET1031', 'AY 16/17 Sem 2');
INSERT INTO studentPlans VALUES('E1000025B', FALSE, 'CS2103', 'AY 17/18 Sem 1');
INSERT INTO studentPlans VALUES('E1000025B', FALSE, 'CS2108', 'AY 17/18 Sem 1');
INSERT INTO studentPlans VALUES('E1000025B', FALSE, 'CS2101', 'AY 17/18 Sem 1');
INSERT INTO studentPlans VALUES('E1000025B', FALSE, 'CP2201', 'AY 17/18 Sem 1');
INSERT INTO studentPlans VALUES('E1000025B', FALSE, 'CS2102', 'AY 17/18 Sem 1');
INSERT INTO studentPlans VALUES('E1000025B', FALSE, 'CS2281', 'AY 17/18 Sem 2');
INSERT INTO studentPlans VALUES('E1000025B', FALSE, 'CS2020', 'AY 17/18 Sem 2');
INSERT INTO studentPlans VALUES('E1000025B', FALSE, 'IT2002', 'AY 17/18 Sem 2');
INSERT INTO studentPlans VALUES('E1000025B', FALSE, 'CS2010', 'AY 17/18 Sem 2');
INSERT INTO studentPlans VALUES('E1000025B', FALSE, 'CG2271', 'AY 17/18 Sem 2');

INSERT INTO student VALUES('E1000026B', 1);
INSERT INTO takesFocusArea VALUES('E1000026B', 'Interactive Media', NULL);
INSERT INTO studentPlans VALUES('E1000026B', TRUE, 'IT1002', 'AY 16/17 Sem 1');
INSERT INTO studentPlans VALUES('E1000026B', TRUE, 'CS1101S', 'AY 16/17 Sem 1');
INSERT INTO studentPlans VALUES('E1000026B', TRUE, 'CS1102', 'AY 16/17 Sem 1');
INSERT INTO studentPlans VALUES('E1000026B', TRUE, 'CS1010X', 'AY 16/17 Sem 1');
INSERT INTO studentPlans VALUES('E1000026B', TRUE, 'GEM1501', 'AY 16/17 Sem 1');
INSERT INTO studentPlans VALUES('E1000026B', FALSE, 'CG2271', 'AY 16/17 Sem 2');
INSERT INTO studentPlans VALUES('E1000026B', FALSE, 'FMC1203', 'AY 16/17 Sem 2');
INSERT INTO studentPlans VALUES('E1000026B', FALSE, 'CS1231', 'AY 16/17 Sem 2');
INSERT INTO studentPlans VALUES('E1000026B', FALSE, 'CS2220', 'AY 16/17 Sem 2');
INSERT INTO studentPlans VALUES('E1000026B', FALSE, 'FMC1202', 'AY 16/17 Sem 2');
INSERT INTO studentPlans VALUES('E1000026B', FALSE, 'IT2001', 'AY 17/18 Sem 1');
INSERT INTO studentPlans VALUES('E1000026B', FALSE, 'CS2010', 'AY 17/18 Sem 1');
INSERT INTO studentPlans VALUES('E1000026B', FALSE, 'IT2002', 'AY 17/18 Sem 1');
INSERT INTO studentPlans VALUES('E1000026B', FALSE, 'CS2281', 'AY 17/18 Sem 1');
INSERT INTO studentPlans VALUES('E1000026B', FALSE, 'CS2271', 'AY 17/18 Sem 1');
INSERT INTO studentPlans VALUES('E1000026B', FALSE, 'CS2102', 'AY 17/18 Sem 2');
INSERT INTO studentPlans VALUES('E1000026B', FALSE, 'CS2105', 'AY 17/18 Sem 2');
INSERT INTO studentPlans VALUES('E1000026B', FALSE, 'CS2106', 'AY 17/18 Sem 2');
INSERT INTO studentPlans VALUES('E1000026B', FALSE, 'CS2108', 'AY 17/18 Sem 2');
INSERT INTO studentPlans VALUES('E1000026B', FALSE, 'CS2103T', 'AY 17/18 Sem 2');

INSERT INTO student VALUES('E1000027B', 1);
INSERT INTO takesFocusArea VALUES('E1000027B', 'Multimedia Information Retrieval', NULL);
INSERT INTO studentPlans VALUES('E1000027B', TRUE, 'CS1020E', 'AY 16/17 Sem 1');
INSERT INTO studentPlans VALUES('E1000027B', TRUE, 'CS1010E', 'AY 16/17 Sem 1');
INSERT INTO studentPlans VALUES('E1000027B', TRUE, 'CS1010', 'AY 16/17 Sem 1');
INSERT INTO studentPlans VALUES('E1000027B', TRUE, 'IT1004', 'AY 16/17 Sem 1');
INSERT INTO studentPlans VALUES('E1000027B', TRUE, 'IT1001', 'AY 16/17 Sem 1');
INSERT INTO studentPlans VALUES('E1000027B', FALSE, 'FMC1202', 'AY 16/17 Sem 2');
INSERT INTO studentPlans VALUES('E1000027B', FALSE, 'CS1010S', 'AY 16/17 Sem 2');
INSERT INTO studentPlans VALUES('E1000027B', FALSE, 'IT1002', 'AY 16/17 Sem 2');
INSERT INTO studentPlans VALUES('E1000027B', FALSE, 'IT1003', 'AY 16/17 Sem 2');
INSERT INTO studentPlans VALUES('E1000027B', FALSE, 'CS2105', 'AY 16/17 Sem 2');
INSERT INTO studentPlans VALUES('E1000027B', FALSE, 'CS2100', 'AY 17/18 Sem 1');
INSERT INTO studentPlans VALUES('E1000027B', FALSE, 'CS2104', 'AY 17/18 Sem 1');
INSERT INTO studentPlans VALUES('E1000027B', FALSE, 'CS2108', 'AY 17/18 Sem 1');
INSERT INTO studentPlans VALUES('E1000027B', FALSE, 'CP2201', 'AY 17/18 Sem 1');
INSERT INTO studentPlans VALUES('E1000027B', FALSE, 'CS2102', 'AY 17/18 Sem 1');
INSERT INTO studentPlans VALUES('E1000027B', FALSE, 'CS2020', 'AY 17/18 Sem 2');
INSERT INTO studentPlans VALUES('E1000027B', FALSE, 'CS3103', 'AY 17/18 Sem 2');
INSERT INTO studentPlans VALUES('E1000027B', FALSE, 'CS2107', 'AY 17/18 Sem 2');
INSERT INTO studentPlans VALUES('E1000027B', FALSE, 'CS2271', 'AY 17/18 Sem 2');
INSERT INTO studentPlans VALUES('E1000027B', FALSE, 'CS3211', 'AY 17/18 Sem 2');

INSERT INTO student VALUES('E1000028B', 1);
INSERT INTO takesFocusArea VALUES('E1000028B', 'Interactive Media', NULL);
INSERT INTO studentPlans VALUES('E1000028B', TRUE, 'FMC1201', 'AY 16/17 Sem 1');
INSERT INTO studentPlans VALUES('E1000028B', TRUE, 'FMC1202', 'AY 16/17 Sem 1');
INSERT INTO studentPlans VALUES('E1000028B', TRUE, 'CS1231', 'AY 16/17 Sem 1');
INSERT INTO studentPlans VALUES('E1000028B', TRUE, 'GEM1501', 'AY 16/17 Sem 1');
INSERT INTO studentPlans VALUES('E1000028B', TRUE, 'IT1004', 'AY 16/17 Sem 1');
INSERT INTO studentPlans VALUES('E1000028B', FALSE, 'CS1010S', 'AY 16/17 Sem 2');
INSERT INTO studentPlans VALUES('E1000028B', FALSE, 'IT1006', 'AY 16/17 Sem 2');
INSERT INTO studentPlans VALUES('E1000028B', FALSE, 'CS1020E', 'AY 16/17 Sem 2');
INSERT INTO studentPlans VALUES('E1000028B', FALSE, 'CS1010E', 'AY 16/17 Sem 2');
INSERT INTO studentPlans VALUES('E1000028B', FALSE, 'FMC1204', 'AY 16/17 Sem 2');
INSERT INTO studentPlans VALUES('E1000028B', FALSE, 'CP2201', 'AY 17/18 Sem 1');
INSERT INTO studentPlans VALUES('E1000028B', FALSE, 'IT2002', 'AY 17/18 Sem 1');
INSERT INTO studentPlans VALUES('E1000028B', FALSE, 'CS3343', 'AY 17/18 Sem 1');
INSERT INTO studentPlans VALUES('E1000028B', FALSE, 'CS2106', 'AY 17/18 Sem 1');
INSERT INTO studentPlans VALUES('E1000028B', FALSE, 'CS2107', 'AY 17/18 Sem 1');
INSERT INTO studentPlans VALUES('E1000028B', FALSE, 'CG3204L', 'AY 17/18 Sem 2');
INSERT INTO studentPlans VALUES('E1000028B', FALSE, 'CG2271', 'AY 17/18 Sem 2');
INSERT INTO studentPlans VALUES('E1000028B', FALSE, 'CP3201', 'AY 17/18 Sem 2');
INSERT INTO studentPlans VALUES('E1000028B', FALSE, 'CS2010', 'AY 17/18 Sem 2');
INSERT INTO studentPlans VALUES('E1000028B', FALSE, 'CS2103', 'AY 17/18 Sem 2');

INSERT INTO student VALUES('E1000029B', 1);
INSERT INTO takesFocusArea VALUES('E1000029B', 'Interactive Media', NULL);
INSERT INTO studentPlans VALUES('E1000029B', TRUE, 'IT1002', 'AY 16/17 Sem 1');
INSERT INTO studentPlans VALUES('E1000029B', TRUE, 'CG1001', 'AY 16/17 Sem 1');
INSERT INTO studentPlans VALUES('E1000029B', TRUE, 'CS1010S', 'AY 16/17 Sem 1');
INSERT INTO studentPlans VALUES('E1000029B', TRUE, 'FMC1206', 'AY 16/17 Sem 1');
INSERT INTO studentPlans VALUES('E1000029B', TRUE, 'CS1101S', 'AY 16/17 Sem 1');
INSERT INTO studentPlans VALUES('E1000029B', FALSE, 'GET1031', 'AY 16/17 Sem 2');
INSERT INTO studentPlans VALUES('E1000029B', FALSE, 'IT1004', 'AY 16/17 Sem 2');
INSERT INTO studentPlans VALUES('E1000029B', FALSE, 'FMC1204', 'AY 16/17 Sem 2');
INSERT INTO studentPlans VALUES('E1000029B', FALSE, 'IT1001', 'AY 16/17 Sem 2');
INSERT INTO studentPlans VALUES('E1000029B', FALSE, 'CS1010E', 'AY 16/17 Sem 2');
INSERT INTO studentPlans VALUES('E1000029B', FALSE, 'CS2309', 'AY 17/18 Sem 1');
INSERT INTO studentPlans VALUES('E1000029B', FALSE, 'CS3103L', 'AY 17/18 Sem 1');
INSERT INTO studentPlans VALUES('E1000029B', FALSE, 'CS2107', 'AY 17/18 Sem 1');
INSERT INTO studentPlans VALUES('E1000029B', FALSE, 'CS2281', 'AY 17/18 Sem 1');
INSERT INTO studentPlans VALUES('E1000029B', FALSE, 'CG2271', 'AY 17/18 Sem 1');
INSERT INTO studentPlans VALUES('E1000029B', FALSE, 'CS2103T', 'AY 17/18 Sem 2');
INSERT INTO studentPlans VALUES('E1000029B', FALSE, 'CS2106', 'AY 17/18 Sem 2');
INSERT INTO studentPlans VALUES('E1000029B', FALSE, 'CS2271', 'AY 17/18 Sem 2');
INSERT INTO studentPlans VALUES('E1000029B', FALSE, 'CS2102', 'AY 17/18 Sem 2');
INSERT INTO studentPlans VALUES('E1000029B', FALSE, 'CS3220', 'AY 17/18 Sem 2');

INSERT INTO student VALUES('E1000030B', 1);
INSERT INTO takesFocusArea VALUES('E1000030B', 'Visual Computing', NULL);
INSERT INTO studentPlans VALUES('E1000030B', TRUE, 'CG1001', 'AY 16/17 Sem 1');
INSERT INTO studentPlans VALUES('E1000030B', TRUE, 'CS1231', 'AY 16/17 Sem 1');
INSERT INTO studentPlans VALUES('E1000030B', TRUE, 'GEM1501', 'AY 16/17 Sem 1');
INSERT INTO studentPlans VALUES('E1000030B', TRUE, 'CS1102', 'AY 16/17 Sem 1');
INSERT INTO studentPlans VALUES('E1000030B', TRUE, 'FMC1203', 'AY 16/17 Sem 1');
INSERT INTO studentPlans VALUES('E1000030B', FALSE, 'CS1281', 'AY 16/17 Sem 2');
INSERT INTO studentPlans VALUES('E1000030B', FALSE, 'CS2107', 'AY 16/17 Sem 2');
INSERT INTO studentPlans VALUES('E1000030B', FALSE, 'CS2103T', 'AY 16/17 Sem 2');
INSERT INTO studentPlans VALUES('E1000030B', FALSE, 'IT1004', 'AY 16/17 Sem 2');
INSERT INTO studentPlans VALUES('E1000030B', FALSE, 'FMC1201', 'AY 16/17 Sem 2');
INSERT INTO studentPlans VALUES('E1000030B', FALSE, 'CS2106', 'AY 17/18 Sem 1');
INSERT INTO studentPlans VALUES('E1000030B', FALSE, 'IT2001', 'AY 17/18 Sem 1');
INSERT INTO studentPlans VALUES('E1000030B', FALSE, 'CS2102', 'AY 17/18 Sem 1');
INSERT INTO studentPlans VALUES('E1000030B', FALSE, 'CS2220', 'AY 17/18 Sem 1');
INSERT INTO studentPlans VALUES('E1000030B', FALSE, 'CS3218', 'AY 17/18 Sem 1');
INSERT INTO studentPlans VALUES('E1000030B', FALSE, 'CS2103', 'AY 17/18 Sem 2');
INSERT INTO studentPlans VALUES('E1000030B', FALSE, 'CS3243', 'AY 17/18 Sem 2');
INSERT INTO studentPlans VALUES('E1000030B', FALSE, 'CS2104', 'AY 17/18 Sem 2');
INSERT INTO studentPlans VALUES('E1000030B', FALSE, 'CS2281', 'AY 17/18 Sem 2');
INSERT INTO studentPlans VALUES('E1000030B', FALSE, 'CP2201', 'AY 17/18 Sem 2');

INSERT INTO student VALUES('E1000031B', 1);
INSERT INTO takesFocusArea VALUES('E1000031B', 'Computer Security', NULL);
INSERT INTO studentPlans VALUES('E1000031B', TRUE, 'CS1010', 'AY 16/17 Sem 1');
INSERT INTO studentPlans VALUES('E1000031B', TRUE, 'CS2108', 'AY 16/17 Sem 1');
INSERT INTO studentPlans VALUES('E1000031B', TRUE, 'CS1010E', 'AY 16/17 Sem 1');
INSERT INTO studentPlans VALUES('E1000031B', TRUE, 'CS1010J', 'AY 16/17 Sem 1');
INSERT INTO studentPlans VALUES('E1000031B', TRUE, 'IT1001', 'AY 16/17 Sem 1');
INSERT INTO studentPlans VALUES('E1000031B', FALSE, 'FMC1206', 'AY 16/17 Sem 2');
INSERT INTO studentPlans VALUES('E1000031B', FALSE, 'CS1020', 'AY 16/17 Sem 2');
INSERT INTO studentPlans VALUES('E1000031B', FALSE, 'IT1801', 'AY 16/17 Sem 2');
INSERT INTO studentPlans VALUES('E1000031B', FALSE, 'FMC1202', 'AY 16/17 Sem 2');
INSERT INTO studentPlans VALUES('E1000031B', FALSE, 'CS2103T', 'AY 16/17 Sem 2');
INSERT INTO studentPlans VALUES('E1000031B', FALSE, 'CS2106', 'AY 17/18 Sem 1');
INSERT INTO studentPlans VALUES('E1000031B', FALSE, 'CS2220', 'AY 17/18 Sem 1');
INSERT INTO studentPlans VALUES('E1000031B', FALSE, 'CG2271', 'AY 17/18 Sem 1');
INSERT INTO studentPlans VALUES('E1000031B', FALSE, 'CS2271', 'AY 17/18 Sem 1');
INSERT INTO studentPlans VALUES('E1000031B', FALSE, 'CS3242', 'AY 17/18 Sem 1');
INSERT INTO studentPlans VALUES('E1000031B', FALSE, 'CS2100', 'AY 17/18 Sem 2');
INSERT INTO studentPlans VALUES('E1000031B', FALSE, 'CS2309', 'AY 17/18 Sem 2');
INSERT INTO studentPlans VALUES('E1000031B', FALSE, 'CS2102', 'AY 17/18 Sem 2');
INSERT INTO studentPlans VALUES('E1000031B', FALSE, 'CS3219', 'AY 17/18 Sem 2');
INSERT INTO studentPlans VALUES('E1000031B', FALSE, 'CS2281', 'AY 17/18 Sem 2');

INSERT INTO student VALUES('E1000032B', 1);
INSERT INTO takesFocusArea VALUES('E1000032B', 'Computer Security', NULL);
INSERT INTO studentPlans VALUES('E1000032B', TRUE, 'CS1010S', 'AY 16/17 Sem 1');
INSERT INTO studentPlans VALUES('E1000032B', TRUE, 'CS2102', 'AY 16/17 Sem 1');
INSERT INTO studentPlans VALUES('E1000032B', TRUE, 'IT1004', 'AY 16/17 Sem 1');
INSERT INTO studentPlans VALUES('E1000032B', TRUE, 'CS1280', 'AY 16/17 Sem 1');
INSERT INTO studentPlans VALUES('E1000032B', TRUE, 'IT1002', 'AY 16/17 Sem 1');
INSERT INTO studentPlans VALUES('E1000032B', FALSE, 'FMC1204', 'AY 16/17 Sem 2');
INSERT INTO studentPlans VALUES('E1000032B', FALSE, 'CS1010J', 'AY 16/17 Sem 2');
INSERT INTO studentPlans VALUES('E1000032B', FALSE, 'FMC1203', 'AY 16/17 Sem 2');
INSERT INTO studentPlans VALUES('E1000032B', FALSE, 'FMC1206', 'AY 16/17 Sem 2');
INSERT INTO studentPlans VALUES('E1000032B', FALSE, 'CG1001', 'AY 16/17 Sem 2');
INSERT INTO studentPlans VALUES('E1000032B', FALSE, 'CS2010', 'AY 17/18 Sem 1');
INSERT INTO studentPlans VALUES('E1000032B', FALSE, 'CP3209', 'AY 17/18 Sem 1');
INSERT INTO studentPlans VALUES('E1000032B', FALSE, 'CS3284', 'AY 17/18 Sem 1');
INSERT INTO studentPlans VALUES('E1000032B', FALSE, 'CS2103T', 'AY 17/18 Sem 1');
INSERT INTO studentPlans VALUES('E1000032B', FALSE, 'CS2105', 'AY 17/18 Sem 1');
INSERT INTO studentPlans VALUES('E1000032B', FALSE, 'CS2271', 'AY 17/18 Sem 2');
INSERT INTO studentPlans VALUES('E1000032B', FALSE, 'CS2103', 'AY 17/18 Sem 2');
INSERT INTO studentPlans VALUES('E1000032B', FALSE, 'CS2309', 'AY 17/18 Sem 2');
INSERT INTO studentPlans VALUES('E1000032B', FALSE, 'CS2108', 'AY 17/18 Sem 2');
INSERT INTO studentPlans VALUES('E1000032B', FALSE, 'IT2001', 'AY 17/18 Sem 2');

INSERT INTO student VALUES('E1000033B', 1);
INSERT INTO takesFocusArea VALUES('E1000033B', 'Parallel Computing', NULL);
INSERT INTO studentPlans VALUES('E1000033B', TRUE, 'CS1102', 'AY 16/17 Sem 1');
INSERT INTO studentPlans VALUES('E1000033B', TRUE, 'CS1010J', 'AY 16/17 Sem 1');
INSERT INTO studentPlans VALUES('E1000033B', TRUE, 'FMC1206', 'AY 16/17 Sem 1');
INSERT INTO studentPlans VALUES('E1000033B', TRUE, 'CS1010S', 'AY 16/17 Sem 1');
INSERT INTO studentPlans VALUES('E1000033B', TRUE, 'FMC1202', 'AY 16/17 Sem 1');
INSERT INTO studentPlans VALUES('E1000033B', FALSE, 'CS1102C', 'AY 16/17 Sem 2');
INSERT INTO studentPlans VALUES('E1000033B', FALSE, 'CS1010', 'AY 16/17 Sem 2');
INSERT INTO studentPlans VALUES('E1000033B', FALSE, 'IT2002', 'AY 16/17 Sem 2');
INSERT INTO studentPlans VALUES('E1000033B', FALSE, 'FMC1204', 'AY 16/17 Sem 2');
INSERT INTO studentPlans VALUES('E1000033B', FALSE, 'GEM1501', 'AY 16/17 Sem 2');
INSERT INTO studentPlans VALUES('E1000033B', FALSE, 'CS2103T', 'AY 17/18 Sem 1');
INSERT INTO studentPlans VALUES('E1000033B', FALSE, 'CS2108', 'AY 17/18 Sem 1');
INSERT INTO studentPlans VALUES('E1000033B', FALSE, 'CS2105', 'AY 17/18 Sem 1');
INSERT INTO studentPlans VALUES('E1000033B', FALSE, 'CS2281', 'AY 17/18 Sem 1');
INSERT INTO studentPlans VALUES('E1000033B', FALSE, 'CS2220', 'AY 17/18 Sem 1');
INSERT INTO studentPlans VALUES('E1000033B', FALSE, 'CP2201', 'AY 17/18 Sem 2');
INSERT INTO studentPlans VALUES('E1000033B', FALSE, 'CS3243', 'AY 17/18 Sem 2');
INSERT INTO studentPlans VALUES('E1000033B', FALSE, 'CS2102', 'AY 17/18 Sem 2');
INSERT INTO studentPlans VALUES('E1000033B', FALSE, 'CS2100', 'AY 17/18 Sem 2');
INSERT INTO studentPlans VALUES('E1000033B', FALSE, 'CS2271', 'AY 17/18 Sem 2');

INSERT INTO student VALUES('E1000034B', 1);
INSERT INTO takesFocusArea VALUES('E1000034B', 'Database Systems', NULL);
INSERT INTO studentPlans VALUES('E1000034B', TRUE, 'CS2010', 'AY 16/17 Sem 1');
INSERT INTO studentPlans VALUES('E1000034B', TRUE, 'CS1010J', 'AY 16/17 Sem 1');
INSERT INTO studentPlans VALUES('E1000034B', TRUE, 'GEM1501', 'AY 16/17 Sem 1');
INSERT INTO studentPlans VALUES('E1000034B', TRUE, 'IT1001', 'AY 16/17 Sem 1');
INSERT INTO studentPlans VALUES('E1000034B', TRUE, 'IT1801', 'AY 16/17 Sem 1');
INSERT INTO studentPlans VALUES('E1000034B', FALSE, 'CS1102C', 'AY 16/17 Sem 2');
INSERT INTO studentPlans VALUES('E1000034B', FALSE, 'GET1031', 'AY 16/17 Sem 2');
INSERT INTO studentPlans VALUES('E1000034B', FALSE, 'FMC1203', 'AY 16/17 Sem 2');
INSERT INTO studentPlans VALUES('E1000034B', FALSE, 'IT1002', 'AY 16/17 Sem 2');
INSERT INTO studentPlans VALUES('E1000034B', FALSE, 'CS1020E', 'AY 16/17 Sem 2');
INSERT INTO studentPlans VALUES('E1000034B', FALSE, 'CS2100', 'AY 17/18 Sem 1');
INSERT INTO studentPlans VALUES('E1000034B', FALSE, 'CS2309', 'AY 17/18 Sem 1');
INSERT INTO studentPlans VALUES('E1000034B', FALSE, 'CS2102', 'AY 17/18 Sem 1');
INSERT INTO studentPlans VALUES('E1000034B', FALSE, 'CS3216', 'AY 17/18 Sem 1');
INSERT INTO studentPlans VALUES('E1000034B', FALSE, 'CP3101A', 'AY 17/18 Sem 1');
INSERT INTO studentPlans VALUES('E1000034B', FALSE, 'CS2281', 'AY 17/18 Sem 2');
INSERT INTO studentPlans VALUES('E1000034B', FALSE, 'CS2108', 'AY 17/18 Sem 2');
INSERT INTO studentPlans VALUES('E1000034B', FALSE, 'CS3218', 'AY 17/18 Sem 2');
INSERT INTO studentPlans VALUES('E1000034B', FALSE, 'CG2271', 'AY 17/18 Sem 2');
INSERT INTO studentPlans VALUES('E1000034B', FALSE, 'CS2106', 'AY 17/18 Sem 2');

INSERT INTO student VALUES('E1000035B', 1);
INSERT INTO takesFocusArea VALUES('E1000035B', 'Multimedia Information Retrieval', NULL);
INSERT INTO studentPlans VALUES('E1000035B', TRUE, 'CS1010S', 'AY 16/17 Sem 1');
INSERT INTO studentPlans VALUES('E1000035B', TRUE, 'IT1003', 'AY 16/17 Sem 1');
INSERT INTO studentPlans VALUES('E1000035B', TRUE, 'FMC1203', 'AY 16/17 Sem 1');
INSERT INTO studentPlans VALUES('E1000035B', TRUE, 'CS1102C', 'AY 16/17 Sem 1');
INSERT INTO studentPlans VALUES('E1000035B', TRUE, 'FMC1206', 'AY 16/17 Sem 1');
INSERT INTO studentPlans VALUES('E1000035B', FALSE, 'IT1002', 'AY 16/17 Sem 2');
INSERT INTO studentPlans VALUES('E1000035B', FALSE, 'CS1010', 'AY 16/17 Sem 2');
INSERT INTO studentPlans VALUES('E1000035B', FALSE, 'FMC1202', 'AY 16/17 Sem 2');
INSERT INTO studentPlans VALUES('E1000035B', FALSE, 'IT1006', 'AY 16/17 Sem 2');
INSERT INTO studentPlans VALUES('E1000035B', FALSE, 'CS1231', 'AY 16/17 Sem 2');
INSERT INTO studentPlans VALUES('E1000035B', FALSE, 'CS2107', 'AY 17/18 Sem 1');
INSERT INTO studentPlans VALUES('E1000035B', FALSE, 'CS3271', 'AY 17/18 Sem 1');
INSERT INTO studentPlans VALUES('E1000035B', FALSE, 'CS2271', 'AY 17/18 Sem 1');
INSERT INTO studentPlans VALUES('E1000035B', FALSE, 'CS2220', 'AY 17/18 Sem 1');
INSERT INTO studentPlans VALUES('E1000035B', FALSE, 'CG2271', 'AY 17/18 Sem 1');
INSERT INTO studentPlans VALUES('E1000035B', FALSE, 'CS2106', 'AY 17/18 Sem 2');
INSERT INTO studentPlans VALUES('E1000035B', FALSE, 'CS2103T', 'AY 17/18 Sem 2');
INSERT INTO studentPlans VALUES('E1000035B', FALSE, 'CP2201', 'AY 17/18 Sem 2');
INSERT INTO studentPlans VALUES('E1000035B', FALSE, 'CS2010', 'AY 17/18 Sem 2');
INSERT INTO studentPlans VALUES('E1000035B', FALSE, 'CS3241', 'AY 17/18 Sem 2');

INSERT INTO student VALUES('E1000036B', 1);
INSERT INTO takesFocusArea VALUES('E1000036B', 'Multimedia Information Retrieval', NULL);
INSERT INTO studentPlans VALUES('E1000036B', TRUE, 'CG1001', 'AY 16/17 Sem 1');
INSERT INTO studentPlans VALUES('E1000036B', TRUE, 'CS1280', 'AY 16/17 Sem 1');
INSERT INTO studentPlans VALUES('E1000036B', TRUE, 'CS1010', 'AY 16/17 Sem 1');
INSERT INTO studentPlans VALUES('E1000036B', TRUE, 'CS1010E', 'AY 16/17 Sem 1');
INSERT INTO studentPlans VALUES('E1000036B', TRUE, 'FMC1204', 'AY 16/17 Sem 1');
INSERT INTO studentPlans VALUES('E1000036B', FALSE, 'CS1020E', 'AY 16/17 Sem 2');
INSERT INTO studentPlans VALUES('E1000036B', FALSE, 'FMC1203', 'AY 16/17 Sem 2');
INSERT INTO studentPlans VALUES('E1000036B', FALSE, 'CS1010J', 'AY 16/17 Sem 2');
INSERT INTO studentPlans VALUES('E1000036B', FALSE, 'FMC1205', 'AY 16/17 Sem 2');
INSERT INTO studentPlans VALUES('E1000036B', FALSE, 'CS1020', 'AY 16/17 Sem 2');
INSERT INTO studentPlans VALUES('E1000036B', FALSE, 'CS2220', 'AY 17/18 Sem 1');
INSERT INTO studentPlans VALUES('E1000036B', FALSE, 'CS2107', 'AY 17/18 Sem 1');
INSERT INTO studentPlans VALUES('E1000036B', FALSE, 'CS2104', 'AY 17/18 Sem 1');
INSERT INTO studentPlans VALUES('E1000036B', FALSE, 'IT2001', 'AY 17/18 Sem 1');
INSERT INTO studentPlans VALUES('E1000036B', FALSE, 'CS2100', 'AY 17/18 Sem 1');
INSERT INTO studentPlans VALUES('E1000036B', FALSE, 'CS2102', 'AY 17/18 Sem 2');
INSERT INTO studentPlans VALUES('E1000036B', FALSE, 'CS2103T', 'AY 17/18 Sem 2');
INSERT INTO studentPlans VALUES('E1000036B', FALSE, 'CS2106', 'AY 17/18 Sem 2');
INSERT INTO studentPlans VALUES('E1000036B', FALSE, 'CS3217', 'AY 17/18 Sem 2');
INSERT INTO studentPlans VALUES('E1000036B', FALSE, 'CS3236', 'AY 17/18 Sem 2');

INSERT INTO student VALUES('E1000037B', 1);
INSERT INTO takesFocusArea VALUES('E1000037B', 'Networking and Distributed Systems', NULL);
INSERT INTO studentPlans VALUES('E1000037B', TRUE, 'FMC1205', 'AY 16/17 Sem 1');
INSERT INTO studentPlans VALUES('E1000037B', TRUE, 'IT1003', 'AY 16/17 Sem 1');
INSERT INTO studentPlans VALUES('E1000037B', TRUE, 'CS1020E', 'AY 16/17 Sem 1');
INSERT INTO studentPlans VALUES('E1000037B', TRUE, 'FMC1204', 'AY 16/17 Sem 1');
INSERT INTO studentPlans VALUES('E1000037B', TRUE, 'CP2201', 'AY 16/17 Sem 1');
INSERT INTO studentPlans VALUES('E1000037B', FALSE, 'FMC1201', 'AY 16/17 Sem 2');
INSERT INTO studentPlans VALUES('E1000037B', FALSE, 'CG2271', 'AY 16/17 Sem 2');
INSERT INTO studentPlans VALUES('E1000037B', FALSE, 'CS1102', 'AY 16/17 Sem 2');
INSERT INTO studentPlans VALUES('E1000037B', FALSE, 'CS1231', 'AY 16/17 Sem 2');
INSERT INTO studentPlans VALUES('E1000037B', FALSE, 'FMC1202', 'AY 16/17 Sem 2');
INSERT INTO studentPlans VALUES('E1000037B', FALSE, 'CS2010', 'AY 17/18 Sem 1');
INSERT INTO studentPlans VALUES('E1000037B', FALSE, 'CS2309', 'AY 17/18 Sem 1');
INSERT INTO studentPlans VALUES('E1000037B', FALSE, 'CS2106', 'AY 17/18 Sem 1');
INSERT INTO studentPlans VALUES('E1000037B', FALSE, 'CP3200', 'AY 17/18 Sem 1');
INSERT INTO studentPlans VALUES('E1000037B', FALSE, 'CS2107', 'AY 17/18 Sem 1');
INSERT INTO studentPlans VALUES('E1000037B', FALSE, 'CS2108', 'AY 17/18 Sem 2');
INSERT INTO studentPlans VALUES('E1000037B', FALSE, 'CS2100', 'AY 17/18 Sem 2');
INSERT INTO studentPlans VALUES('E1000037B', FALSE, 'CS3234', 'AY 17/18 Sem 2');
INSERT INTO studentPlans VALUES('E1000037B', FALSE, 'CS2104', 'AY 17/18 Sem 2');
INSERT INTO studentPlans VALUES('E1000037B', FALSE, 'CS2271', 'AY 17/18 Sem 2');

INSERT INTO student VALUES('E1000038B', 1);
INSERT INTO takesFocusArea VALUES('E1000038B', 'Multimedia Information Retrieval', NULL);
INSERT INTO studentPlans VALUES('E1000038B', TRUE, 'FMC1201', 'AY 16/17 Sem 1');
INSERT INTO studentPlans VALUES('E1000038B', TRUE, 'FMC1204', 'AY 16/17 Sem 1');
INSERT INTO studentPlans VALUES('E1000038B', TRUE, 'CS1281', 'AY 16/17 Sem 1');
INSERT INTO studentPlans VALUES('E1000038B', TRUE, 'CS1280', 'AY 16/17 Sem 1');
INSERT INTO studentPlans VALUES('E1000038B', TRUE, 'IT1002', 'AY 16/17 Sem 1');
INSERT INTO studentPlans VALUES('E1000038B', FALSE, 'FMC1202', 'AY 16/17 Sem 2');
INSERT INTO studentPlans VALUES('E1000038B', FALSE, 'CS1010X', 'AY 16/17 Sem 2');
INSERT INTO studentPlans VALUES('E1000038B', FALSE, 'CS1101S', 'AY 16/17 Sem 2');
INSERT INTO studentPlans VALUES('E1000038B', FALSE, 'CG1001', 'AY 16/17 Sem 2');
INSERT INTO studentPlans VALUES('E1000038B', FALSE, 'IT1801', 'AY 16/17 Sem 2');
INSERT INTO studentPlans VALUES('E1000038B', FALSE, 'CP2201', 'AY 17/18 Sem 1');
INSERT INTO studentPlans VALUES('E1000038B', FALSE, 'CS2010', 'AY 17/18 Sem 1');
INSERT INTO studentPlans VALUES('E1000038B', FALSE, 'CS2105', 'AY 17/18 Sem 1');
INSERT INTO studentPlans VALUES('E1000038B', FALSE, 'CS2100', 'AY 17/18 Sem 1');
INSERT INTO studentPlans VALUES('E1000038B', FALSE, 'CG2271', 'AY 17/18 Sem 1');
INSERT INTO studentPlans VALUES('E1000038B', FALSE, 'IT2001', 'AY 17/18 Sem 2');
INSERT INTO studentPlans VALUES('E1000038B', FALSE, 'CS2101', 'AY 17/18 Sem 2');
INSERT INTO studentPlans VALUES('E1000038B', FALSE, 'CS2220', 'AY 17/18 Sem 2');
INSERT INTO studentPlans VALUES('E1000038B', FALSE, 'CS2309', 'AY 17/18 Sem 2');
INSERT INTO studentPlans VALUES('E1000038B', FALSE, 'CS2108', 'AY 17/18 Sem 2');

INSERT INTO student VALUES('E1000039B', 1);
INSERT INTO takesFocusArea VALUES('E1000039B', 'Artificial Intelligence', NULL);
INSERT INTO studentPlans VALUES('E1000039B', TRUE, 'FMC1201', 'AY 16/17 Sem 1');
INSERT INTO studentPlans VALUES('E1000039B', TRUE, 'CS1010E', 'AY 16/17 Sem 1');
INSERT INTO studentPlans VALUES('E1000039B', TRUE, 'IT1003', 'AY 16/17 Sem 1');
INSERT INTO studentPlans VALUES('E1000039B', TRUE, 'FMC1203', 'AY 16/17 Sem 1');
INSERT INTO studentPlans VALUES('E1000039B', TRUE, 'IT1006', 'AY 16/17 Sem 1');
INSERT INTO studentPlans VALUES('E1000039B', FALSE, 'CS1281', 'AY 16/17 Sem 2');
INSERT INTO studentPlans VALUES('E1000039B', FALSE, 'CS1010J', 'AY 16/17 Sem 2');
INSERT INTO studentPlans VALUES('E1000039B', FALSE, 'CS1010', 'AY 16/17 Sem 2');
INSERT INTO studentPlans VALUES('E1000039B', FALSE, 'IT1801', 'AY 16/17 Sem 2');
INSERT INTO studentPlans VALUES('E1000039B', FALSE, 'CS1101S', 'AY 16/17 Sem 2');
INSERT INTO studentPlans VALUES('E1000039B', FALSE, 'CS3202', 'AY 17/18 Sem 1');
INSERT INTO studentPlans VALUES('E1000039B', FALSE, 'CP3201', 'AY 17/18 Sem 1');
INSERT INTO studentPlans VALUES('E1000039B', FALSE, 'CS3212', 'AY 17/18 Sem 1');
INSERT INTO studentPlans VALUES('E1000039B', FALSE, 'CS2104', 'AY 17/18 Sem 1');
INSERT INTO studentPlans VALUES('E1000039B', FALSE, 'CS2103T', 'AY 17/18 Sem 1');
INSERT INTO studentPlans VALUES('E1000039B', FALSE, 'CS2020', 'AY 17/18 Sem 2');
INSERT INTO studentPlans VALUES('E1000039B', FALSE, 'CS2010', 'AY 17/18 Sem 2');
INSERT INTO studentPlans VALUES('E1000039B', FALSE, 'CP3202', 'AY 17/18 Sem 2');
INSERT INTO studentPlans VALUES('E1000039B', FALSE, 'CS2108', 'AY 17/18 Sem 2');
INSERT INTO studentPlans VALUES('E1000039B', FALSE, 'CS2281', 'AY 17/18 Sem 2');

INSERT INTO student VALUES('E1000040B', 1);
INSERT INTO takesFocusArea VALUES('E1000040B', 'Database Systems', NULL);
INSERT INTO studentPlans VALUES('E1000040B', TRUE, 'CS1020E', 'AY 16/17 Sem 1');
INSERT INTO studentPlans VALUES('E1000040B', TRUE, 'IT1006', 'AY 16/17 Sem 1');
INSERT INTO studentPlans VALUES('E1000040B', TRUE, 'IT1003', 'AY 16/17 Sem 1');
INSERT INTO studentPlans VALUES('E1000040B', TRUE, 'CS1102C', 'AY 16/17 Sem 1');
INSERT INTO studentPlans VALUES('E1000040B', TRUE, 'FMC1206', 'AY 16/17 Sem 1');
INSERT INTO studentPlans VALUES('E1000040B', FALSE, 'FMC1203', 'AY 16/17 Sem 2');
INSERT INTO studentPlans VALUES('E1000040B', FALSE, 'GEM1501', 'AY 16/17 Sem 2');
INSERT INTO studentPlans VALUES('E1000040B', FALSE, 'CS1010J', 'AY 16/17 Sem 2');
INSERT INTO studentPlans VALUES('E1000040B', FALSE, 'FMC1205', 'AY 16/17 Sem 2');
INSERT INTO studentPlans VALUES('E1000040B', FALSE, 'IT1801', 'AY 16/17 Sem 2');
INSERT INTO studentPlans VALUES('E1000040B', FALSE, 'IT2002', 'AY 17/18 Sem 1');
INSERT INTO studentPlans VALUES('E1000040B', FALSE, 'CS3213', 'AY 17/18 Sem 1');
INSERT INTO studentPlans VALUES('E1000040B', FALSE, 'CS2101', 'AY 17/18 Sem 1');
INSERT INTO studentPlans VALUES('E1000040B', FALSE, 'CS2107', 'AY 17/18 Sem 1');
INSERT INTO studentPlans VALUES('E1000040B', FALSE, 'CS2281', 'AY 17/18 Sem 1');
INSERT INTO studentPlans VALUES('E1000040B', FALSE, 'CS2309', 'AY 17/18 Sem 2');
INSERT INTO studentPlans VALUES('E1000040B', FALSE, 'CS2220', 'AY 17/18 Sem 2');
INSERT INTO studentPlans VALUES('E1000040B', FALSE, 'CS2271', 'AY 17/18 Sem 2');
INSERT INTO studentPlans VALUES('E1000040B', FALSE, 'CS2106', 'AY 17/18 Sem 2');
INSERT INTO studentPlans VALUES('E1000040B', FALSE, 'CS2105', 'AY 17/18 Sem 2');

INSERT INTO student VALUES('E1000041B', 1);
INSERT INTO takesFocusArea VALUES('E1000041B', 'Computer Graphics and Games', NULL);
INSERT INTO studentPlans VALUES('E1000041B', TRUE, 'CS2220', 'AY 16/17 Sem 1');
INSERT INTO studentPlans VALUES('E1000041B', TRUE, 'CS2309', 'AY 16/17 Sem 1');
INSERT INTO studentPlans VALUES('E1000041B', TRUE, 'CS1010', 'AY 16/17 Sem 1');
INSERT INTO studentPlans VALUES('E1000041B', TRUE, 'IT1004', 'AY 16/17 Sem 1');
INSERT INTO studentPlans VALUES('E1000041B', TRUE, 'CS1281', 'AY 16/17 Sem 1');
INSERT INTO studentPlans VALUES('E1000041B', FALSE, 'FMC1203', 'AY 16/17 Sem 2');
INSERT INTO studentPlans VALUES('E1000041B', FALSE, 'GEM1501', 'AY 16/17 Sem 2');
INSERT INTO studentPlans VALUES('E1000041B', FALSE, 'CS2105', 'AY 16/17 Sem 2');
INSERT INTO studentPlans VALUES('E1000041B', FALSE, 'CS1280', 'AY 16/17 Sem 2');
INSERT INTO studentPlans VALUES('E1000041B', FALSE, 'CS1010E', 'AY 16/17 Sem 2');
INSERT INTO studentPlans VALUES('E1000041B', FALSE, 'CS2106', 'AY 17/18 Sem 1');
INSERT INTO studentPlans VALUES('E1000041B', FALSE, 'IT2002', 'AY 17/18 Sem 1');
INSERT INTO studentPlans VALUES('E1000041B', FALSE, 'CS2100', 'AY 17/18 Sem 1');
INSERT INTO studentPlans VALUES('E1000041B', FALSE, 'CS2020', 'AY 17/18 Sem 1');
INSERT INTO studentPlans VALUES('E1000041B', FALSE, 'CS3281', 'AY 17/18 Sem 1');
INSERT INTO studentPlans VALUES('E1000041B', FALSE, 'CS2101', 'AY 17/18 Sem 2');
INSERT INTO studentPlans VALUES('E1000041B', FALSE, 'CS2104', 'AY 17/18 Sem 2');
INSERT INTO studentPlans VALUES('E1000041B', FALSE, 'CS2102', 'AY 17/18 Sem 2');
INSERT INTO studentPlans VALUES('E1000041B', FALSE, 'CG2271', 'AY 17/18 Sem 2');
INSERT INTO studentPlans VALUES('E1000041B', FALSE, 'CP2201', 'AY 17/18 Sem 2');

INSERT INTO student VALUES('E1000042B', 1);
INSERT INTO takesFocusArea VALUES('E1000042B', 'Algorithms & Theory', NULL);
INSERT INTO studentPlans VALUES('E1000042B', TRUE, 'GET1031', 'AY 16/17 Sem 1');
INSERT INTO studentPlans VALUES('E1000042B', TRUE, 'IT1002', 'AY 16/17 Sem 1');
INSERT INTO studentPlans VALUES('E1000042B', TRUE, 'CS1231', 'AY 16/17 Sem 1');
INSERT INTO studentPlans VALUES('E1000042B', TRUE, 'IT1004', 'AY 16/17 Sem 1');
INSERT INTO studentPlans VALUES('E1000042B', TRUE, 'CS1010E', 'AY 16/17 Sem 1');
INSERT INTO studentPlans VALUES('E1000042B', FALSE, 'CS1102C', 'AY 16/17 Sem 2');
INSERT INTO studentPlans VALUES('E1000042B', FALSE, 'FMC1201', 'AY 16/17 Sem 2');
INSERT INTO studentPlans VALUES('E1000042B', FALSE, 'FMC1204', 'AY 16/17 Sem 2');
INSERT INTO studentPlans VALUES('E1000042B', FALSE, 'CS1020', 'AY 16/17 Sem 2');
INSERT INTO studentPlans VALUES('E1000042B', FALSE, 'FMC1203', 'AY 16/17 Sem 2');
INSERT INTO studentPlans VALUES('E1000042B', FALSE, 'CS2104', 'AY 17/18 Sem 1');
INSERT INTO studentPlans VALUES('E1000042B', FALSE, 'IT2001', 'AY 17/18 Sem 1');
INSERT INTO studentPlans VALUES('E1000042B', FALSE, 'CS2010', 'AY 17/18 Sem 1');
INSERT INTO studentPlans VALUES('E1000042B', FALSE, 'CS3234', 'AY 17/18 Sem 1');
INSERT INTO studentPlans VALUES('E1000042B', FALSE, 'CS3211', 'AY 17/18 Sem 1');
INSERT INTO studentPlans VALUES('E1000042B', FALSE, 'CP2201', 'AY 17/18 Sem 2');
INSERT INTO studentPlans VALUES('E1000042B', FALSE, 'CS2106', 'AY 17/18 Sem 2');
INSERT INTO studentPlans VALUES('E1000042B', FALSE, 'CS3236', 'AY 17/18 Sem 2');
INSERT INTO studentPlans VALUES('E1000042B', FALSE, 'CS2102', 'AY 17/18 Sem 2');
INSERT INTO studentPlans VALUES('E1000042B', FALSE, 'CS2103T', 'AY 17/18 Sem 2');

INSERT INTO student VALUES('E1000043B', 1);
INSERT INTO takesFocusArea VALUES('E1000043B', 'Algorithms & Theory', NULL);
INSERT INTO studentPlans VALUES('E1000043B', TRUE, 'IT1006', 'AY 16/17 Sem 1');
INSERT INTO studentPlans VALUES('E1000043B', TRUE, 'FMC1203', 'AY 16/17 Sem 1');
INSERT INTO studentPlans VALUES('E1000043B', TRUE, 'CS1101S', 'AY 16/17 Sem 1');
INSERT INTO studentPlans VALUES('E1000043B', TRUE, 'GEM1501', 'AY 16/17 Sem 1');
INSERT INTO studentPlans VALUES('E1000043B', TRUE, 'CS2103', 'AY 16/17 Sem 1');
INSERT INTO studentPlans VALUES('E1000043B', FALSE, 'IT1003', 'AY 16/17 Sem 2');
INSERT INTO studentPlans VALUES('E1000043B', FALSE, 'CS2010', 'AY 16/17 Sem 2');
INSERT INTO studentPlans VALUES('E1000043B', FALSE, 'CS1010', 'AY 16/17 Sem 2');
INSERT INTO studentPlans VALUES('E1000043B', FALSE, 'IT1801', 'AY 16/17 Sem 2');
INSERT INTO studentPlans VALUES('E1000043B', FALSE, 'CS2105', 'AY 16/17 Sem 2');
INSERT INTO studentPlans VALUES('E1000043B', FALSE, 'CS3223', 'AY 17/18 Sem 1');
INSERT INTO studentPlans VALUES('E1000043B', FALSE, 'CS2104', 'AY 17/18 Sem 1');
INSERT INTO studentPlans VALUES('E1000043B', FALSE, 'CP3200', 'AY 17/18 Sem 1');
INSERT INTO studentPlans VALUES('E1000043B', FALSE, 'IT2001', 'AY 17/18 Sem 1');
INSERT INTO studentPlans VALUES('E1000043B', FALSE, 'CS2220', 'AY 17/18 Sem 1');
INSERT INTO studentPlans VALUES('E1000043B', FALSE, 'CG2271', 'AY 17/18 Sem 2');
INSERT INTO studentPlans VALUES('E1000043B', FALSE, 'CS2281', 'AY 17/18 Sem 2');
INSERT INTO studentPlans VALUES('E1000043B', FALSE, 'CS2107', 'AY 17/18 Sem 2');
INSERT INTO studentPlans VALUES('E1000043B', FALSE, 'CS2102', 'AY 17/18 Sem 2');
INSERT INTO studentPlans VALUES('E1000043B', FALSE, 'CS3241', 'AY 17/18 Sem 2');

INSERT INTO student VALUES('E1000044B', 1);
INSERT INTO takesFocusArea VALUES('E1000044B', 'Computer Security', NULL);
INSERT INTO studentPlans VALUES('E1000044B', TRUE, 'CS1101S', 'AY 16/17 Sem 1');
INSERT INTO studentPlans VALUES('E1000044B', TRUE, 'CS1010E', 'AY 16/17 Sem 1');
INSERT INTO studentPlans VALUES('E1000044B', TRUE, 'CG1001', 'AY 16/17 Sem 1');
INSERT INTO studentPlans VALUES('E1000044B', TRUE, 'IT1002', 'AY 16/17 Sem 1');
INSERT INTO studentPlans VALUES('E1000044B', TRUE, 'CS1020', 'AY 16/17 Sem 1');
INSERT INTO studentPlans VALUES('E1000044B', FALSE, 'CS1010J', 'AY 16/17 Sem 2');
INSERT INTO studentPlans VALUES('E1000044B', FALSE, 'CS1280', 'AY 16/17 Sem 2');
INSERT INTO studentPlans VALUES('E1000044B', FALSE, 'IT1003', 'AY 16/17 Sem 2');
INSERT INTO studentPlans VALUES('E1000044B', FALSE, 'IT1006', 'AY 16/17 Sem 2');
INSERT INTO studentPlans VALUES('E1000044B', FALSE, 'FMC1203', 'AY 16/17 Sem 2');
INSERT INTO studentPlans VALUES('E1000044B', FALSE, 'CS2220', 'AY 17/18 Sem 1');
INSERT INTO studentPlans VALUES('E1000044B', FALSE, 'CS2103', 'AY 17/18 Sem 1');
INSERT INTO studentPlans VALUES('E1000044B', FALSE, 'CS2105', 'AY 17/18 Sem 1');
INSERT INTO studentPlans VALUES('E1000044B', FALSE, 'CS3242', 'AY 17/18 Sem 1');
INSERT INTO studentPlans VALUES('E1000044B', FALSE, 'CS2020', 'AY 17/18 Sem 1');
INSERT INTO studentPlans VALUES('E1000044B', FALSE, 'CS2104', 'AY 17/18 Sem 2');
INSERT INTO studentPlans VALUES('E1000044B', FALSE, 'CS2010', 'AY 17/18 Sem 2');
INSERT INTO studentPlans VALUES('E1000044B', FALSE, 'CS2103T', 'AY 17/18 Sem 2');
INSERT INTO studentPlans VALUES('E1000044B', FALSE, 'IT2002', 'AY 17/18 Sem 2');
INSERT INTO studentPlans VALUES('E1000044B', FALSE, 'CS2271', 'AY 17/18 Sem 2');

INSERT INTO student VALUES('E1000045B', 1);
INSERT INTO takesFocusArea VALUES('E1000045B', 'Artificial Intelligence', NULL);
INSERT INTO studentPlans VALUES('E1000045B', TRUE, 'CS1280', 'AY 16/17 Sem 1');
INSERT INTO studentPlans VALUES('E1000045B', TRUE, 'FMC1202', 'AY 16/17 Sem 1');
INSERT INTO studentPlans VALUES('E1000045B', TRUE, 'FMC1203', 'AY 16/17 Sem 1');
INSERT INTO studentPlans VALUES('E1000045B', TRUE, 'CS1010S', 'AY 16/17 Sem 1');
INSERT INTO studentPlans VALUES('E1000045B', TRUE, 'IT1004', 'AY 16/17 Sem 1');
INSERT INTO studentPlans VALUES('E1000045B', FALSE, 'IT2001', 'AY 16/17 Sem 2');
INSERT INTO studentPlans VALUES('E1000045B', FALSE, 'IT1006', 'AY 16/17 Sem 2');
INSERT INTO studentPlans VALUES('E1000045B', FALSE, 'GET1031', 'AY 16/17 Sem 2');
INSERT INTO studentPlans VALUES('E1000045B', FALSE, 'IT1801', 'AY 16/17 Sem 2');
INSERT INTO studentPlans VALUES('E1000045B', FALSE, 'FMC1201', 'AY 16/17 Sem 2');
INSERT INTO studentPlans VALUES('E1000045B', FALSE, 'CG2271', 'AY 17/18 Sem 1');
INSERT INTO studentPlans VALUES('E1000045B', FALSE, 'CS3216', 'AY 17/18 Sem 1');
INSERT INTO studentPlans VALUES('E1000045B', FALSE, 'CP3881', 'AY 17/18 Sem 1');
INSERT INTO studentPlans VALUES('E1000045B', FALSE, 'CS2020', 'AY 17/18 Sem 1');
INSERT INTO studentPlans VALUES('E1000045B', FALSE, 'CS3247', 'AY 17/18 Sem 1');
INSERT INTO studentPlans VALUES('E1000045B', FALSE, 'CS2102', 'AY 17/18 Sem 2');
INSERT INTO studentPlans VALUES('E1000045B', FALSE, 'IT2002', 'AY 17/18 Sem 2');
INSERT INTO studentPlans VALUES('E1000045B', FALSE, 'CS2104', 'AY 17/18 Sem 2');
INSERT INTO studentPlans VALUES('E1000045B', FALSE, 'CS2106', 'AY 17/18 Sem 2');
INSERT INTO studentPlans VALUES('E1000045B', FALSE, 'CS2271', 'AY 17/18 Sem 2');

INSERT INTO student VALUES('E1000046B', 1);
INSERT INTO takesFocusArea VALUES('E1000046B', 'Database Systems', NULL);
INSERT INTO studentPlans VALUES('E1000046B', TRUE, 'CS2102', 'AY 16/17 Sem 1');
INSERT INTO studentPlans VALUES('E1000046B', TRUE, 'CS1102C', 'AY 16/17 Sem 1');
INSERT INTO studentPlans VALUES('E1000046B', TRUE, 'CS1010', 'AY 16/17 Sem 1');
INSERT INTO studentPlans VALUES('E1000046B', TRUE, 'CS1101S', 'AY 16/17 Sem 1');
INSERT INTO studentPlans VALUES('E1000046B', TRUE, 'CS1280', 'AY 16/17 Sem 1');
INSERT INTO studentPlans VALUES('E1000046B', FALSE, 'CS1020', 'AY 16/17 Sem 2');
INSERT INTO studentPlans VALUES('E1000046B', FALSE, 'CS1010S', 'AY 16/17 Sem 2');
INSERT INTO studentPlans VALUES('E1000046B', FALSE, 'CS1010J', 'AY 16/17 Sem 2');
INSERT INTO studentPlans VALUES('E1000046B', FALSE, 'FMC1204', 'AY 16/17 Sem 2');
INSERT INTO studentPlans VALUES('E1000046B', FALSE, 'CS2103T', 'AY 16/17 Sem 2');
INSERT INTO studentPlans VALUES('E1000046B', FALSE, 'CS2103', 'AY 17/18 Sem 1');
INSERT INTO studentPlans VALUES('E1000046B', FALSE, 'CS3246', 'AY 17/18 Sem 1');
INSERT INTO studentPlans VALUES('E1000046B', FALSE, 'CS3216', 'AY 17/18 Sem 1');
INSERT INTO studentPlans VALUES('E1000046B', FALSE, 'CS2104', 'AY 17/18 Sem 1');
INSERT INTO studentPlans VALUES('E1000046B', FALSE, 'CS2107', 'AY 17/18 Sem 1');
INSERT INTO studentPlans VALUES('E1000046B', FALSE, 'IT2001', 'AY 17/18 Sem 2');
INSERT INTO studentPlans VALUES('E1000046B', FALSE, 'IT2002', 'AY 17/18 Sem 2');
INSERT INTO studentPlans VALUES('E1000046B', FALSE, 'CS2281', 'AY 17/18 Sem 2');
INSERT INTO studentPlans VALUES('E1000046B', FALSE, 'CS2010', 'AY 17/18 Sem 2');
INSERT INTO studentPlans VALUES('E1000046B', FALSE, 'CS2108', 'AY 17/18 Sem 2');

INSERT INTO student VALUES('E1000047B', 1);
INSERT INTO takesFocusArea VALUES('E1000047B', 'Multimedia Information Retrieval', NULL);
INSERT INTO studentPlans VALUES('E1000047B', TRUE, 'CS2103T', 'AY 16/17 Sem 1');
INSERT INTO studentPlans VALUES('E1000047B', TRUE, 'CS2103', 'AY 16/17 Sem 1');
INSERT INTO studentPlans VALUES('E1000047B', TRUE, 'FMC1203', 'AY 16/17 Sem 1');
INSERT INTO studentPlans VALUES('E1000047B', TRUE, 'IT1006', 'AY 16/17 Sem 1');
INSERT INTO studentPlans VALUES('E1000047B', TRUE, 'CS2220', 'AY 16/17 Sem 1');
INSERT INTO studentPlans VALUES('E1000047B', FALSE, 'IT1005', 'AY 16/17 Sem 2');
INSERT INTO studentPlans VALUES('E1000047B', FALSE, 'CS1231', 'AY 16/17 Sem 2');
INSERT INTO studentPlans VALUES('E1000047B', FALSE, 'FMC1201', 'AY 16/17 Sem 2');
INSERT INTO studentPlans VALUES('E1000047B', FALSE, 'GET1031', 'AY 16/17 Sem 2');
INSERT INTO studentPlans VALUES('E1000047B', FALSE, 'IT1004', 'AY 16/17 Sem 2');
INSERT INTO studentPlans VALUES('E1000047B', FALSE, 'CS2108', 'AY 17/18 Sem 1');
INSERT INTO studentPlans VALUES('E1000047B', FALSE, 'CP2201', 'AY 17/18 Sem 1');
INSERT INTO studentPlans VALUES('E1000047B', FALSE, 'CS2106', 'AY 17/18 Sem 1');
INSERT INTO studentPlans VALUES('E1000047B', FALSE, 'CS2281', 'AY 17/18 Sem 1');
INSERT INTO studentPlans VALUES('E1000047B', FALSE, 'CS2309', 'AY 17/18 Sem 1');
INSERT INTO studentPlans VALUES('E1000047B', FALSE, 'CS2107', 'AY 17/18 Sem 2');
INSERT INTO studentPlans VALUES('E1000047B', FALSE, 'CS2010', 'AY 17/18 Sem 2');
INSERT INTO studentPlans VALUES('E1000047B', FALSE, 'CS2102', 'AY 17/18 Sem 2');
INSERT INTO studentPlans VALUES('E1000047B', FALSE, 'CS3247', 'AY 17/18 Sem 2');
INSERT INTO studentPlans VALUES('E1000047B', FALSE, 'CS2105', 'AY 17/18 Sem 2');

INSERT INTO student VALUES('E1000048B', 1);
INSERT INTO takesFocusArea VALUES('E1000048B', 'Algorithms & Theory', NULL);
INSERT INTO studentPlans VALUES('E1000048B', TRUE, 'CG1001', 'AY 16/17 Sem 1');
INSERT INTO studentPlans VALUES('E1000048B', TRUE, 'CS1101S', 'AY 16/17 Sem 1');
INSERT INTO studentPlans VALUES('E1000048B', TRUE, 'CS1231', 'AY 16/17 Sem 1');
INSERT INTO studentPlans VALUES('E1000048B', TRUE, 'CS1020', 'AY 16/17 Sem 1');
INSERT INTO studentPlans VALUES('E1000048B', TRUE, 'CS1010S', 'AY 16/17 Sem 1');
INSERT INTO studentPlans VALUES('E1000048B', FALSE, 'GET1031', 'AY 16/17 Sem 2');
INSERT INTO studentPlans VALUES('E1000048B', FALSE, 'CS1102C', 'AY 16/17 Sem 2');
INSERT INTO studentPlans VALUES('E1000048B', FALSE, 'FMC1204', 'AY 16/17 Sem 2');
INSERT INTO studentPlans VALUES('E1000048B', FALSE, 'IT1004', 'AY 16/17 Sem 2');
INSERT INTO studentPlans VALUES('E1000048B', FALSE, 'CS1010', 'AY 16/17 Sem 2');
INSERT INTO studentPlans VALUES('E1000048B', FALSE, 'CS2100', 'AY 17/18 Sem 1');
INSERT INTO studentPlans VALUES('E1000048B', FALSE, 'CS3223', 'AY 17/18 Sem 1');
INSERT INTO studentPlans VALUES('E1000048B', FALSE, 'CS2108', 'AY 17/18 Sem 1');
INSERT INTO studentPlans VALUES('E1000048B', FALSE, 'CS3218', 'AY 17/18 Sem 1');
INSERT INTO studentPlans VALUES('E1000048B', FALSE, 'CP2201', 'AY 17/18 Sem 1');
INSERT INTO studentPlans VALUES('E1000048B', FALSE, 'CS2107', 'AY 17/18 Sem 2');
INSERT INTO studentPlans VALUES('E1000048B', FALSE, 'IT2001', 'AY 17/18 Sem 2');
INSERT INTO studentPlans VALUES('E1000048B', FALSE, 'CS2105', 'AY 17/18 Sem 2');
INSERT INTO studentPlans VALUES('E1000048B', FALSE, 'CS2101', 'AY 17/18 Sem 2');
INSERT INTO studentPlans VALUES('E1000048B', FALSE, 'CS2103T', 'AY 17/18 Sem 2');

INSERT INTO student VALUES('E1000049B', 1);
INSERT INTO takesFocusArea VALUES('E1000049B', 'Algorithms & Theory', NULL);
INSERT INTO studentPlans VALUES('E1000049B', TRUE, 'FMC1205', 'AY 16/17 Sem 1');
INSERT INTO studentPlans VALUES('E1000049B', TRUE, 'FMC1204', 'AY 16/17 Sem 1');
INSERT INTO studentPlans VALUES('E1000049B', TRUE, 'FMC1203', 'AY 16/17 Sem 1');
INSERT INTO studentPlans VALUES('E1000049B', TRUE, 'IT2001', 'AY 16/17 Sem 1');
INSERT INTO studentPlans VALUES('E1000049B', TRUE, 'CS1010', 'AY 16/17 Sem 1');
INSERT INTO studentPlans VALUES('E1000049B', FALSE, 'CS1020', 'AY 16/17 Sem 2');
INSERT INTO studentPlans VALUES('E1000049B', FALSE, 'IT1004', 'AY 16/17 Sem 2');
INSERT INTO studentPlans VALUES('E1000049B', FALSE, 'CS1010S', 'AY 16/17 Sem 2');
INSERT INTO studentPlans VALUES('E1000049B', FALSE, 'CS1102', 'AY 16/17 Sem 2');
INSERT INTO studentPlans VALUES('E1000049B', FALSE, 'CS1010E', 'AY 16/17 Sem 2');
INSERT INTO studentPlans VALUES('E1000049B', FALSE, 'CS2108', 'AY 17/18 Sem 1');
INSERT INTO studentPlans VALUES('E1000049B', FALSE, 'CS2281', 'AY 17/18 Sem 1');
INSERT INTO studentPlans VALUES('E1000049B', FALSE, 'IT2002', 'AY 17/18 Sem 1');
INSERT INTO studentPlans VALUES('E1000049B', FALSE, 'CS2104', 'AY 17/18 Sem 1');
INSERT INTO studentPlans VALUES('E1000049B', FALSE, 'CP3202', 'AY 17/18 Sem 1');
INSERT INTO studentPlans VALUES('E1000049B', FALSE, 'CS2103T', 'AY 17/18 Sem 2');
INSERT INTO studentPlans VALUES('E1000049B', FALSE, 'CP2201', 'AY 17/18 Sem 2');
INSERT INTO studentPlans VALUES('E1000049B', FALSE, 'CG2271', 'AY 17/18 Sem 2');
INSERT INTO studentPlans VALUES('E1000049B', FALSE, 'CS2271', 'AY 17/18 Sem 2');
INSERT INTO studentPlans VALUES('E1000049B', FALSE, 'CS2020', 'AY 17/18 Sem 2');

INSERT INTO student VALUES('E1000050B', 1);
INSERT INTO takesFocusArea VALUES('E1000050B', 'Programming Languages', NULL);
INSERT INTO studentPlans VALUES('E1000050B', TRUE, 'CS1020', 'AY 16/17 Sem 1');
INSERT INTO studentPlans VALUES('E1000050B', TRUE, 'IT1002', 'AY 16/17 Sem 1');
INSERT INTO studentPlans VALUES('E1000050B', TRUE, 'FMC1204', 'AY 16/17 Sem 1');
INSERT INTO studentPlans VALUES('E1000050B', TRUE, 'IT1001', 'AY 16/17 Sem 1');
INSERT INTO studentPlans VALUES('E1000050B', TRUE, 'IT1004', 'AY 16/17 Sem 1');
INSERT INTO studentPlans VALUES('E1000050B', FALSE, 'IT1801', 'AY 16/17 Sem 2');
INSERT INTO studentPlans VALUES('E1000050B', FALSE, 'FMC1206', 'AY 16/17 Sem 2');
INSERT INTO studentPlans VALUES('E1000050B', FALSE, 'CS1020E', 'AY 16/17 Sem 2');
INSERT INTO studentPlans VALUES('E1000050B', FALSE, 'GET1031', 'AY 16/17 Sem 2');
INSERT INTO studentPlans VALUES('E1000050B', FALSE, 'CS2220', 'AY 16/17 Sem 2');
INSERT INTO studentPlans VALUES('E1000050B', FALSE, 'CS2105', 'AY 17/18 Sem 1');
INSERT INTO studentPlans VALUES('E1000050B', FALSE, 'CS2102', 'AY 17/18 Sem 1');
INSERT INTO studentPlans VALUES('E1000050B', FALSE, 'CS2309', 'AY 17/18 Sem 1');
INSERT INTO studentPlans VALUES('E1000050B', FALSE, 'CS2101', 'AY 17/18 Sem 1');
INSERT INTO studentPlans VALUES('E1000050B', FALSE, 'CG2271', 'AY 17/18 Sem 1');
INSERT INTO studentPlans VALUES('E1000050B', FALSE, 'IT2001', 'AY 17/18 Sem 2');
INSERT INTO studentPlans VALUES('E1000050B', FALSE, 'CS2103T', 'AY 17/18 Sem 2');
INSERT INTO studentPlans VALUES('E1000050B', FALSE, 'CS3282', 'AY 17/18 Sem 2');
INSERT INTO studentPlans VALUES('E1000050B', FALSE, 'CS2281', 'AY 17/18 Sem 2');
INSERT INTO studentPlans VALUES('E1000050B', FALSE, 'CS2107', 'AY 17/18 Sem 2');

INSERT INTO student VALUES('E1000051B', 1);
INSERT INTO takesFocusArea VALUES('E1000051B', 'Interactive Media', NULL);
INSERT INTO studentPlans VALUES('E1000051B', TRUE, 'CS1010', 'AY 16/17 Sem 1');
INSERT INTO studentPlans VALUES('E1000051B', TRUE, 'FMC1203', 'AY 16/17 Sem 1');
INSERT INTO studentPlans VALUES('E1000051B', TRUE, 'CS1020', 'AY 16/17 Sem 1');
INSERT INTO studentPlans VALUES('E1000051B', TRUE, 'IT1001', 'AY 16/17 Sem 1');
INSERT INTO studentPlans VALUES('E1000051B', TRUE, 'CS2102', 'AY 16/17 Sem 1');
INSERT INTO studentPlans VALUES('E1000051B', FALSE, 'CS1280', 'AY 16/17 Sem 2');
INSERT INTO studentPlans VALUES('E1000051B', FALSE, 'IT2001', 'AY 16/17 Sem 2');
INSERT INTO studentPlans VALUES('E1000051B', FALSE, 'IT1004', 'AY 16/17 Sem 2');
INSERT INTO studentPlans VALUES('E1000051B', FALSE, 'CS1010S', 'AY 16/17 Sem 2');
INSERT INTO studentPlans VALUES('E1000051B', FALSE, 'GET1031', 'AY 16/17 Sem 2');
INSERT INTO studentPlans VALUES('E1000051B', FALSE, 'CS2010', 'AY 17/18 Sem 1');
INSERT INTO studentPlans VALUES('E1000051B', FALSE, 'CS2104', 'AY 17/18 Sem 1');
INSERT INTO studentPlans VALUES('E1000051B', FALSE, 'CS2309', 'AY 17/18 Sem 1');
INSERT INTO studentPlans VALUES('E1000051B', FALSE, 'CS2020', 'AY 17/18 Sem 1');
INSERT INTO studentPlans VALUES('E1000051B', FALSE, 'CS3223', 'AY 17/18 Sem 1');
INSERT INTO studentPlans VALUES('E1000051B', FALSE, 'CP2201', 'AY 17/18 Sem 2');
INSERT INTO studentPlans VALUES('E1000051B', FALSE, 'CS2281', 'AY 17/18 Sem 2');
INSERT INTO studentPlans VALUES('E1000051B', FALSE, 'CS2106', 'AY 17/18 Sem 2');
INSERT INTO studentPlans VALUES('E1000051B', FALSE, 'CS2107', 'AY 17/18 Sem 2');
INSERT INTO studentPlans VALUES('E1000051B', FALSE, 'CP3101C', 'AY 17/18 Sem 2');

INSERT INTO student VALUES('E1000052B', 1);
INSERT INTO takesFocusArea VALUES('E1000052B', 'Algorithms & Theory', NULL);
INSERT INTO studentPlans VALUES('E1000052B', TRUE, 'FMC1203', 'AY 16/17 Sem 1');
INSERT INTO studentPlans VALUES('E1000052B', TRUE, 'CS1010J', 'AY 16/17 Sem 1');
INSERT INTO studentPlans VALUES('E1000052B', TRUE, 'CS2103T', 'AY 16/17 Sem 1');
INSERT INTO studentPlans VALUES('E1000052B', TRUE, 'IT1006', 'AY 16/17 Sem 1');
INSERT INTO studentPlans VALUES('E1000052B', TRUE, 'IT1801', 'AY 16/17 Sem 1');
INSERT INTO studentPlans VALUES('E1000052B', FALSE, 'IT1003', 'AY 16/17 Sem 2');
INSERT INTO studentPlans VALUES('E1000052B', FALSE, 'CS1020', 'AY 16/17 Sem 2');
INSERT INTO studentPlans VALUES('E1000052B', FALSE, 'CS1281', 'AY 16/17 Sem 2');
INSERT INTO studentPlans VALUES('E1000052B', FALSE, 'CS1280', 'AY 16/17 Sem 2');
INSERT INTO studentPlans VALUES('E1000052B', FALSE, 'CS1010E', 'AY 16/17 Sem 2');
INSERT INTO studentPlans VALUES('E1000052B', FALSE, 'CP3108A', 'AY 17/18 Sem 1');
INSERT INTO studentPlans VALUES('E1000052B', FALSE, 'CS3223', 'AY 17/18 Sem 1');
INSERT INTO studentPlans VALUES('E1000052B', FALSE, 'CG2271', 'AY 17/18 Sem 1');
INSERT INTO studentPlans VALUES('E1000052B', FALSE, 'CS2100', 'AY 17/18 Sem 1');
INSERT INTO studentPlans VALUES('E1000052B', FALSE, 'CP2201', 'AY 17/18 Sem 1');
INSERT INTO studentPlans VALUES('E1000052B', FALSE, 'CS2281', 'AY 17/18 Sem 2');
INSERT INTO studentPlans VALUES('E1000052B', FALSE, 'CS3249', 'AY 17/18 Sem 2');
INSERT INTO studentPlans VALUES('E1000052B', FALSE, 'CS2101', 'AY 17/18 Sem 2');
INSERT INTO studentPlans VALUES('E1000052B', FALSE, 'CP3109', 'AY 17/18 Sem 2');
INSERT INTO studentPlans VALUES('E1000052B', FALSE, 'CS2271', 'AY 17/18 Sem 2');

INSERT INTO student VALUES('E1000053B', 1);
INSERT INTO takesFocusArea VALUES('E1000053B', 'Algorithms & Theory', NULL);
INSERT INTO studentPlans VALUES('E1000053B', TRUE, 'CS1010', 'AY 16/17 Sem 1');
INSERT INTO studentPlans VALUES('E1000053B', TRUE, 'CS1102C', 'AY 16/17 Sem 1');
INSERT INTO studentPlans VALUES('E1000053B', TRUE, 'CS1010J', 'AY 16/17 Sem 1');
INSERT INTO studentPlans VALUES('E1000053B', TRUE, 'CG1001', 'AY 16/17 Sem 1');
INSERT INTO studentPlans VALUES('E1000053B', TRUE, 'FMC1203', 'AY 16/17 Sem 1');
INSERT INTO studentPlans VALUES('E1000053B', FALSE, 'CS1102', 'AY 16/17 Sem 2');
INSERT INTO studentPlans VALUES('E1000053B', FALSE, 'IT1002', 'AY 16/17 Sem 2');
INSERT INTO studentPlans VALUES('E1000053B', FALSE, 'CS1281', 'AY 16/17 Sem 2');
INSERT INTO studentPlans VALUES('E1000053B', FALSE, 'IT1005', 'AY 16/17 Sem 2');
INSERT INTO studentPlans VALUES('E1000053B', FALSE, 'CS1010E', 'AY 16/17 Sem 2');
INSERT INTO studentPlans VALUES('E1000053B', FALSE, 'CS3882', 'AY 17/18 Sem 1');
INSERT INTO studentPlans VALUES('E1000053B', FALSE, 'CS2103', 'AY 17/18 Sem 1');
INSERT INTO studentPlans VALUES('E1000053B', FALSE, 'CS2020', 'AY 17/18 Sem 1');
INSERT INTO studentPlans VALUES('E1000053B', FALSE, 'IT2002', 'AY 17/18 Sem 1');
INSERT INTO studentPlans VALUES('E1000053B', FALSE, 'CS2281', 'AY 17/18 Sem 1');
INSERT INTO studentPlans VALUES('E1000053B', FALSE, 'CS3241', 'AY 17/18 Sem 2');
INSERT INTO studentPlans VALUES('E1000053B', FALSE, 'CS2271', 'AY 17/18 Sem 2');
INSERT INTO studentPlans VALUES('E1000053B', FALSE, 'CS2104', 'AY 17/18 Sem 2');
INSERT INTO studentPlans VALUES('E1000053B', FALSE, 'CS2100', 'AY 17/18 Sem 2');
INSERT INTO studentPlans VALUES('E1000053B', FALSE, 'CG2271', 'AY 17/18 Sem 2');

INSERT INTO student VALUES('E1000054B', 1);
INSERT INTO takesFocusArea VALUES('E1000054B', 'Multimedia Information Retrieval', NULL);
INSERT INTO studentPlans VALUES('E1000054B', TRUE, 'CS1102', 'AY 16/17 Sem 1');
INSERT INTO studentPlans VALUES('E1000054B', TRUE, 'CS1010X', 'AY 16/17 Sem 1');
INSERT INTO studentPlans VALUES('E1000054B', TRUE, 'GET1031', 'AY 16/17 Sem 1');
INSERT INTO studentPlans VALUES('E1000054B', TRUE, 'GEM1501', 'AY 16/17 Sem 1');
INSERT INTO studentPlans VALUES('E1000054B', TRUE, 'IT1005', 'AY 16/17 Sem 1');
INSERT INTO studentPlans VALUES('E1000054B', FALSE, 'CS2108', 'AY 16/17 Sem 2');
INSERT INTO studentPlans VALUES('E1000054B', FALSE, 'IT1002', 'AY 16/17 Sem 2');
INSERT INTO studentPlans VALUES('E1000054B', FALSE, 'CS1281', 'AY 16/17 Sem 2');
INSERT INTO studentPlans VALUES('E1000054B', FALSE, 'CG1001', 'AY 16/17 Sem 2');
INSERT INTO studentPlans VALUES('E1000054B', FALSE, 'IT1004', 'AY 16/17 Sem 2');
INSERT INTO studentPlans VALUES('E1000054B', FALSE, 'CP3109', 'AY 17/18 Sem 1');
INSERT INTO studentPlans VALUES('E1000054B', FALSE, 'CS2100', 'AY 17/18 Sem 1');
INSERT INTO studentPlans VALUES('E1000054B', FALSE, 'CS2102', 'AY 17/18 Sem 1');
INSERT INTO studentPlans VALUES('E1000054B', FALSE, 'CS2104', 'AY 17/18 Sem 1');
INSERT INTO studentPlans VALUES('E1000054B', FALSE, 'IT2001', 'AY 17/18 Sem 1');
INSERT INTO studentPlans VALUES('E1000054B', FALSE, 'CS2220', 'AY 17/18 Sem 2');
INSERT INTO studentPlans VALUES('E1000054B', FALSE, 'CS2281', 'AY 17/18 Sem 2');
INSERT INTO studentPlans VALUES('E1000054B', FALSE, 'CS2020', 'AY 17/18 Sem 2');
INSERT INTO studentPlans VALUES('E1000054B', FALSE, 'CS2105', 'AY 17/18 Sem 2');
INSERT INTO studentPlans VALUES('E1000054B', FALSE, 'CS2309', 'AY 17/18 Sem 2');

INSERT INTO student VALUES('E1000055B', 1);
INSERT INTO takesFocusArea VALUES('E1000055B', 'Visual Computing', NULL);
INSERT INTO studentPlans VALUES('E1000055B', TRUE, 'CS1102C', 'AY 16/17 Sem 1');
INSERT INTO studentPlans VALUES('E1000055B', TRUE, 'CS2010', 'AY 16/17 Sem 1');
INSERT INTO studentPlans VALUES('E1000055B', TRUE, 'CS1010E', 'AY 16/17 Sem 1');
INSERT INTO studentPlans VALUES('E1000055B', TRUE, 'FMC1203', 'AY 16/17 Sem 1');
INSERT INTO studentPlans VALUES('E1000055B', TRUE, 'CS1020', 'AY 16/17 Sem 1');
INSERT INTO studentPlans VALUES('E1000055B', FALSE, 'FMC1204', 'AY 16/17 Sem 2');
INSERT INTO studentPlans VALUES('E1000055B', FALSE, 'FMC1201', 'AY 16/17 Sem 2');
INSERT INTO studentPlans VALUES('E1000055B', FALSE, 'CS1102', 'AY 16/17 Sem 2');
INSERT INTO studentPlans VALUES('E1000055B', FALSE, 'FMC1205', 'AY 16/17 Sem 2');
INSERT INTO studentPlans VALUES('E1000055B', FALSE, 'CS1101S', 'AY 16/17 Sem 2');
INSERT INTO studentPlans VALUES('E1000055B', FALSE, 'CS2108', 'AY 17/18 Sem 1');
INSERT INTO studentPlans VALUES('E1000055B', FALSE, 'CS2271', 'AY 17/18 Sem 1');
INSERT INTO studentPlans VALUES('E1000055B', FALSE, 'IT2002', 'AY 17/18 Sem 1');
INSERT INTO studentPlans VALUES('E1000055B', FALSE, 'CS2105', 'AY 17/18 Sem 1');
INSERT INTO studentPlans VALUES('E1000055B', FALSE, 'CS3247', 'AY 17/18 Sem 1');
INSERT INTO studentPlans VALUES('E1000055B', FALSE, 'CS2107', 'AY 17/18 Sem 2');
INSERT INTO studentPlans VALUES('E1000055B', FALSE, 'CS3243', 'AY 17/18 Sem 2');
INSERT INTO studentPlans VALUES('E1000055B', FALSE, 'CS2220', 'AY 17/18 Sem 2');
INSERT INTO studentPlans VALUES('E1000055B', FALSE, 'CG2271', 'AY 17/18 Sem 2');
INSERT INTO studentPlans VALUES('E1000055B', FALSE, 'CP2201', 'AY 17/18 Sem 2');

INSERT INTO student VALUES('E1000056B', 1);
INSERT INTO takesFocusArea VALUES('E1000056B', 'Artificial Intelligence', NULL);
INSERT INTO studentPlans VALUES('E1000056B', TRUE, 'CS1010X', 'AY 16/17 Sem 1');
INSERT INTO studentPlans VALUES('E1000056B', TRUE, 'CS1010', 'AY 16/17 Sem 1');
INSERT INTO studentPlans VALUES('E1000056B', TRUE, 'CS1102C', 'AY 16/17 Sem 1');
INSERT INTO studentPlans VALUES('E1000056B', TRUE, 'CS1102', 'AY 16/17 Sem 1');
INSERT INTO studentPlans VALUES('E1000056B', TRUE, 'IT1004', 'AY 16/17 Sem 1');
INSERT INTO studentPlans VALUES('E1000056B', FALSE, 'CS1020', 'AY 16/17 Sem 2');
INSERT INTO studentPlans VALUES('E1000056B', FALSE, 'CS2281', 'AY 16/17 Sem 2');
INSERT INTO studentPlans VALUES('E1000056B', FALSE, 'IT1801', 'AY 16/17 Sem 2');
INSERT INTO studentPlans VALUES('E1000056B', FALSE, 'CS1010J', 'AY 16/17 Sem 2');
INSERT INTO studentPlans VALUES('E1000056B', FALSE, 'FMC1203', 'AY 16/17 Sem 2');
INSERT INTO studentPlans VALUES('E1000056B', FALSE, 'CG2271', 'AY 17/18 Sem 1');
INSERT INTO studentPlans VALUES('E1000056B', FALSE, 'CS2106', 'AY 17/18 Sem 1');
INSERT INTO studentPlans VALUES('E1000056B', FALSE, 'CS2100', 'AY 17/18 Sem 1');
INSERT INTO studentPlans VALUES('E1000056B', FALSE, 'CS3236', 'AY 17/18 Sem 1');
INSERT INTO studentPlans VALUES('E1000056B', FALSE, 'CS2102', 'AY 17/18 Sem 1');
INSERT INTO studentPlans VALUES('E1000056B', FALSE, 'CS2101', 'AY 17/18 Sem 2');
INSERT INTO studentPlans VALUES('E1000056B', FALSE, 'CG3204L', 'AY 17/18 Sem 2');
INSERT INTO studentPlans VALUES('E1000056B', FALSE, 'CS2104', 'AY 17/18 Sem 2');
INSERT INTO studentPlans VALUES('E1000056B', FALSE, 'CS2105', 'AY 17/18 Sem 2');
INSERT INTO studentPlans VALUES('E1000056B', FALSE, 'CS2108', 'AY 17/18 Sem 2');

INSERT INTO student VALUES('E1000057B', 1);
INSERT INTO takesFocusArea VALUES('E1000057B', 'Networking and Distributed Systems', NULL);
INSERT INTO studentPlans VALUES('E1000057B', TRUE, 'CS2103T', 'AY 16/17 Sem 1');
INSERT INTO studentPlans VALUES('E1000057B', TRUE, 'CS1280', 'AY 16/17 Sem 1');
INSERT INTO studentPlans VALUES('E1000057B', TRUE, 'CS1020', 'AY 16/17 Sem 1');
INSERT INTO studentPlans VALUES('E1000057B', TRUE, 'CS1231', 'AY 16/17 Sem 1');
INSERT INTO studentPlans VALUES('E1000057B', TRUE, 'CS1010X', 'AY 16/17 Sem 1');
INSERT INTO studentPlans VALUES('E1000057B', FALSE, 'CS1010E', 'AY 16/17 Sem 2');
INSERT INTO studentPlans VALUES('E1000057B', FALSE, 'CS1010', 'AY 16/17 Sem 2');
INSERT INTO studentPlans VALUES('E1000057B', FALSE, 'IT1801', 'AY 16/17 Sem 2');
INSERT INTO studentPlans VALUES('E1000057B', FALSE, 'FMC1203', 'AY 16/17 Sem 2');
INSERT INTO studentPlans VALUES('E1000057B', FALSE, 'CS1010S', 'AY 16/17 Sem 2');
INSERT INTO studentPlans VALUES('E1000057B', FALSE, 'CS2105', 'AY 17/18 Sem 1');
INSERT INTO studentPlans VALUES('E1000057B', FALSE, 'CS2281', 'AY 17/18 Sem 1');
INSERT INTO studentPlans VALUES('E1000057B', FALSE, 'CS2100', 'AY 17/18 Sem 1');
INSERT INTO studentPlans VALUES('E1000057B', FALSE, 'CS2102', 'AY 17/18 Sem 1');
INSERT INTO studentPlans VALUES('E1000057B', FALSE, 'CS2108', 'AY 17/18 Sem 1');
INSERT INTO studentPlans VALUES('E1000057B', FALSE, 'CS2101', 'AY 17/18 Sem 2');
INSERT INTO studentPlans VALUES('E1000057B', FALSE, 'CS2010', 'AY 17/18 Sem 2');
INSERT INTO studentPlans VALUES('E1000057B', FALSE, 'CS2220', 'AY 17/18 Sem 2');
INSERT INTO studentPlans VALUES('E1000057B', FALSE, 'CG2271', 'AY 17/18 Sem 2');
INSERT INTO studentPlans VALUES('E1000057B', FALSE, 'CS2107', 'AY 17/18 Sem 2');

INSERT INTO student VALUES('E1000058B', 1);
INSERT INTO takesFocusArea VALUES('E1000058B', 'Programming Languages', NULL);
INSERT INTO studentPlans VALUES('E1000058B', TRUE, 'CS1281', 'AY 16/17 Sem 1');
INSERT INTO studentPlans VALUES('E1000058B', TRUE, 'CS1010X', 'AY 16/17 Sem 1');
INSERT INTO studentPlans VALUES('E1000058B', TRUE, 'FMC1206', 'AY 16/17 Sem 1');
INSERT INTO studentPlans VALUES('E1000058B', TRUE, 'FMC1201', 'AY 16/17 Sem 1');
INSERT INTO studentPlans VALUES('E1000058B', TRUE, 'FMC1203', 'AY 16/17 Sem 1');
INSERT INTO studentPlans VALUES('E1000058B', FALSE, 'CS1280', 'AY 16/17 Sem 2');
INSERT INTO studentPlans VALUES('E1000058B', FALSE, 'IT1801', 'AY 16/17 Sem 2');
INSERT INTO studentPlans VALUES('E1000058B', FALSE, 'IT1003', 'AY 16/17 Sem 2');
INSERT INTO studentPlans VALUES('E1000058B', FALSE, 'CS2010', 'AY 16/17 Sem 2');
INSERT INTO studentPlans VALUES('E1000058B', FALSE, 'IT1002', 'AY 16/17 Sem 2');
INSERT INTO studentPlans VALUES('E1000058B', FALSE, 'CS2107', 'AY 17/18 Sem 1');
INSERT INTO studentPlans VALUES('E1000058B', FALSE, 'CS2281', 'AY 17/18 Sem 1');
INSERT INTO studentPlans VALUES('E1000058B', FALSE, 'CS2104', 'AY 17/18 Sem 1');
INSERT INTO studentPlans VALUES('E1000058B', FALSE, 'CS3243', 'AY 17/18 Sem 1');
INSERT INTO studentPlans VALUES('E1000058B', FALSE, 'CS2309', 'AY 17/18 Sem 1');
INSERT INTO studentPlans VALUES('E1000058B', FALSE, 'CG2271', 'AY 17/18 Sem 2');
INSERT INTO studentPlans VALUES('E1000058B', FALSE, 'IT2002', 'AY 17/18 Sem 2');
INSERT INTO studentPlans VALUES('E1000058B', FALSE, 'CS3205', 'AY 17/18 Sem 2');
INSERT INTO studentPlans VALUES('E1000058B', FALSE, 'CS2102', 'AY 17/18 Sem 2');
INSERT INTO studentPlans VALUES('E1000058B', FALSE, 'CS2103', 'AY 17/18 Sem 2');

INSERT INTO student VALUES('E1000059B', 1);
INSERT INTO takesFocusArea VALUES('E1000059B', 'Computer Graphics and Games', NULL);
INSERT INTO studentPlans VALUES('E1000059B', TRUE, 'CG1001', 'AY 16/17 Sem 1');
INSERT INTO studentPlans VALUES('E1000059B', TRUE, 'CS1281', 'AY 16/17 Sem 1');
INSERT INTO studentPlans VALUES('E1000059B', TRUE, 'CS1231', 'AY 16/17 Sem 1');
INSERT INTO studentPlans VALUES('E1000059B', TRUE, 'CS1020E', 'AY 16/17 Sem 1');
INSERT INTO studentPlans VALUES('E1000059B', TRUE, 'CS1010E', 'AY 16/17 Sem 1');
INSERT INTO studentPlans VALUES('E1000059B', FALSE, 'CS1010S', 'AY 16/17 Sem 2');
INSERT INTO studentPlans VALUES('E1000059B', FALSE, 'FMC1206', 'AY 16/17 Sem 2');
INSERT INTO studentPlans VALUES('E1000059B', FALSE, 'CS2105', 'AY 16/17 Sem 2');
INSERT INTO studentPlans VALUES('E1000059B', FALSE, 'CS1010', 'AY 16/17 Sem 2');
INSERT INTO studentPlans VALUES('E1000059B', FALSE, 'FMC1202', 'AY 16/17 Sem 2');
INSERT INTO studentPlans VALUES('E1000059B', FALSE, 'CS2104', 'AY 17/18 Sem 1');
INSERT INTO studentPlans VALUES('E1000059B', FALSE, 'CS2106', 'AY 17/18 Sem 1');
INSERT INTO studentPlans VALUES('E1000059B', FALSE, 'CS2020', 'AY 17/18 Sem 1');
INSERT INTO studentPlans VALUES('E1000059B', FALSE, 'CG2271', 'AY 17/18 Sem 1');
INSERT INTO studentPlans VALUES('E1000059B', FALSE, 'CS2281', 'AY 17/18 Sem 1');
INSERT INTO studentPlans VALUES('E1000059B', FALSE, 'CS2103T', 'AY 17/18 Sem 2');
INSERT INTO studentPlans VALUES('E1000059B', FALSE, 'CS2220', 'AY 17/18 Sem 2');
INSERT INTO studentPlans VALUES('E1000059B', FALSE, 'CP2201', 'AY 17/18 Sem 2');
INSERT INTO studentPlans VALUES('E1000059B', FALSE, 'CP3880', 'AY 17/18 Sem 2');
INSERT INTO studentPlans VALUES('E1000059B', FALSE, 'CS2309', 'AY 17/18 Sem 2');

INSERT INTO student VALUES('E1000060B', 1);
INSERT INTO takesFocusArea VALUES('E1000060B', 'Computer Graphics and Games', NULL);
INSERT INTO studentPlans VALUES('E1000060B', TRUE, 'FMC1201', 'AY 16/17 Sem 1');
INSERT INTO studentPlans VALUES('E1000060B', TRUE, 'CS1102C', 'AY 16/17 Sem 1');
INSERT INTO studentPlans VALUES('E1000060B', TRUE, 'FMC1204', 'AY 16/17 Sem 1');
INSERT INTO studentPlans VALUES('E1000060B', TRUE, 'IT1801', 'AY 16/17 Sem 1');
INSERT INTO studentPlans VALUES('E1000060B', TRUE, 'CS1102', 'AY 16/17 Sem 1');
INSERT INTO studentPlans VALUES('E1000060B', FALSE, 'CS1010X', 'AY 16/17 Sem 2');
INSERT INTO studentPlans VALUES('E1000060B', FALSE, 'CS1231', 'AY 16/17 Sem 2');
INSERT INTO studentPlans VALUES('E1000060B', FALSE, 'CS1280', 'AY 16/17 Sem 2');
INSERT INTO studentPlans VALUES('E1000060B', FALSE, 'CG1001', 'AY 16/17 Sem 2');
INSERT INTO studentPlans VALUES('E1000060B', FALSE, 'IT1003', 'AY 16/17 Sem 2');
INSERT INTO studentPlans VALUES('E1000060B', FALSE, 'CS3205', 'AY 17/18 Sem 1');
INSERT INTO studentPlans VALUES('E1000060B', FALSE, 'CS2100', 'AY 17/18 Sem 1');
INSERT INTO studentPlans VALUES('E1000060B', FALSE, 'CP2201', 'AY 17/18 Sem 1');
INSERT INTO studentPlans VALUES('E1000060B', FALSE, 'CS2103T', 'AY 17/18 Sem 1');
INSERT INTO studentPlans VALUES('E1000060B', FALSE, 'CS2309', 'AY 17/18 Sem 1');
INSERT INTO studentPlans VALUES('E1000060B', FALSE, 'CP3208', 'AY 17/18 Sem 2');
INSERT INTO studentPlans VALUES('E1000060B', FALSE, 'CS2020', 'AY 17/18 Sem 2');
INSERT INTO studentPlans VALUES('E1000060B', FALSE, 'CS2101', 'AY 17/18 Sem 2');
INSERT INTO studentPlans VALUES('E1000060B', FALSE, 'IT2002', 'AY 17/18 Sem 2');
INSERT INTO studentPlans VALUES('E1000060B', FALSE, 'CS3244', 'AY 17/18 Sem 2');

INSERT INTO student VALUES('E1000061B', 1);
INSERT INTO takesFocusArea VALUES('E1000061B', 'Visual Computing', NULL);
INSERT INTO studentPlans VALUES('E1000061B', TRUE, 'CS2107', 'AY 16/17 Sem 1');
INSERT INTO studentPlans VALUES('E1000061B', TRUE, 'CS1102', 'AY 16/17 Sem 1');
INSERT INTO studentPlans VALUES('E1000061B', TRUE, 'CG1001', 'AY 16/17 Sem 1');
INSERT INTO studentPlans VALUES('E1000061B', TRUE, 'IT1004', 'AY 16/17 Sem 1');
INSERT INTO studentPlans VALUES('E1000061B', TRUE, 'IT1801', 'AY 16/17 Sem 1');
INSERT INTO studentPlans VALUES('E1000061B', FALSE, 'FMC1204', 'AY 16/17 Sem 2');
INSERT INTO studentPlans VALUES('E1000061B', FALSE, 'IT1001', 'AY 16/17 Sem 2');
INSERT INTO studentPlans VALUES('E1000061B', FALSE, 'CS1010', 'AY 16/17 Sem 2');
INSERT INTO studentPlans VALUES('E1000061B', FALSE, 'CS2220', 'AY 16/17 Sem 2');
INSERT INTO studentPlans VALUES('E1000061B', FALSE, 'IT1005', 'AY 16/17 Sem 2');
INSERT INTO studentPlans VALUES('E1000061B', FALSE, 'CG2271', 'AY 17/18 Sem 1');
INSERT INTO studentPlans VALUES('E1000061B', FALSE, 'CS2108', 'AY 17/18 Sem 1');
INSERT INTO studentPlans VALUES('E1000061B', FALSE, 'IT2001', 'AY 17/18 Sem 1');
INSERT INTO studentPlans VALUES('E1000061B', FALSE, 'CS2106', 'AY 17/18 Sem 1');
INSERT INTO studentPlans VALUES('E1000061B', FALSE, 'CS3240', 'AY 17/18 Sem 1');
INSERT INTO studentPlans VALUES('E1000061B', FALSE, 'CS2104', 'AY 17/18 Sem 2');
INSERT INTO studentPlans VALUES('E1000061B', FALSE, 'CS2271', 'AY 17/18 Sem 2');
INSERT INTO studentPlans VALUES('E1000061B', FALSE, 'CS3103L', 'AY 17/18 Sem 2');
INSERT INTO studentPlans VALUES('E1000061B', FALSE, 'IT2002', 'AY 17/18 Sem 2');
INSERT INTO studentPlans VALUES('E1000061B', FALSE, 'CS2020', 'AY 17/18 Sem 2');

INSERT INTO student VALUES('E1000062B', 1);
INSERT INTO takesFocusArea VALUES('E1000062B', 'Computer Graphics and Games', NULL);
INSERT INTO studentPlans VALUES('E1000062B', TRUE, 'CS1020', 'AY 16/17 Sem 1');
INSERT INTO studentPlans VALUES('E1000062B', TRUE, 'CS2106', 'AY 16/17 Sem 1');
INSERT INTO studentPlans VALUES('E1000062B', TRUE, 'CS1281', 'AY 16/17 Sem 1');
INSERT INTO studentPlans VALUES('E1000062B', TRUE, 'IT2002', 'AY 16/17 Sem 1');
INSERT INTO studentPlans VALUES('E1000062B', TRUE, 'IT1002', 'AY 16/17 Sem 1');
INSERT INTO studentPlans VALUES('E1000062B', FALSE, 'CS1010X', 'AY 16/17 Sem 2');
INSERT INTO studentPlans VALUES('E1000062B', FALSE, 'CS1102', 'AY 16/17 Sem 2');
INSERT INTO studentPlans VALUES('E1000062B', FALSE, 'FMC1205', 'AY 16/17 Sem 2');
INSERT INTO studentPlans VALUES('E1000062B', FALSE, 'CS1102C', 'AY 16/17 Sem 2');
INSERT INTO studentPlans VALUES('E1000062B', FALSE, 'CS1010S', 'AY 16/17 Sem 2');
INSERT INTO studentPlans VALUES('E1000062B', FALSE, 'CS3240', 'AY 17/18 Sem 1');
INSERT INTO studentPlans VALUES('E1000062B', FALSE, 'CP2201', 'AY 17/18 Sem 1');
INSERT INTO studentPlans VALUES('E1000062B', FALSE, 'CP3108A', 'AY 17/18 Sem 1');
INSERT INTO studentPlans VALUES('E1000062B', FALSE, 'CS2103', 'AY 17/18 Sem 1');
INSERT INTO studentPlans VALUES('E1000062B', FALSE, 'CS2102', 'AY 17/18 Sem 1');
INSERT INTO studentPlans VALUES('E1000062B', FALSE, 'CS3282', 'AY 17/18 Sem 2');
INSERT INTO studentPlans VALUES('E1000062B', FALSE, 'CS2108', 'AY 17/18 Sem 2');
INSERT INTO studentPlans VALUES('E1000062B', FALSE, 'CS2281', 'AY 17/18 Sem 2');
INSERT INTO studentPlans VALUES('E1000062B', FALSE, 'CS2103T', 'AY 17/18 Sem 2');
INSERT INTO studentPlans VALUES('E1000062B', FALSE, 'CS2220', 'AY 17/18 Sem 2');

INSERT INTO student VALUES('E1000063B', 1);
INSERT INTO takesFocusArea VALUES('E1000063B', 'Artificial Intelligence', NULL);
INSERT INTO studentPlans VALUES('E1000063B', TRUE, 'IT1005', 'AY 16/17 Sem 1');
INSERT INTO studentPlans VALUES('E1000063B', TRUE, 'CP2201', 'AY 16/17 Sem 1');
INSERT INTO studentPlans VALUES('E1000063B', TRUE, 'CS2108', 'AY 16/17 Sem 1');
INSERT INTO studentPlans VALUES('E1000063B', TRUE, 'CS1231', 'AY 16/17 Sem 1');
INSERT INTO studentPlans VALUES('E1000063B', TRUE, 'FMC1203', 'AY 16/17 Sem 1');
INSERT INTO studentPlans VALUES('E1000063B', FALSE, 'CS1101S', 'AY 16/17 Sem 2');
INSERT INTO studentPlans VALUES('E1000063B', FALSE, 'IT2001', 'AY 16/17 Sem 2');
INSERT INTO studentPlans VALUES('E1000063B', FALSE, 'FMC1202', 'AY 16/17 Sem 2');
INSERT INTO studentPlans VALUES('E1000063B', FALSE, 'IT1006', 'AY 16/17 Sem 2');
INSERT INTO studentPlans VALUES('E1000063B', FALSE, 'CS1281', 'AY 16/17 Sem 2');
INSERT INTO studentPlans VALUES('E1000063B', FALSE, 'IT2002', 'AY 17/18 Sem 1');
INSERT INTO studentPlans VALUES('E1000063B', FALSE, 'CS2100', 'AY 17/18 Sem 1');
INSERT INTO studentPlans VALUES('E1000063B', FALSE, 'CS3103L', 'AY 17/18 Sem 1');
INSERT INTO studentPlans VALUES('E1000063B', FALSE, 'CG2271', 'AY 17/18 Sem 1');
INSERT INTO studentPlans VALUES('E1000063B', FALSE, 'CS2101', 'AY 17/18 Sem 1');
INSERT INTO studentPlans VALUES('E1000063B', FALSE, 'CS2107', 'AY 17/18 Sem 2');
INSERT INTO studentPlans VALUES('E1000063B', FALSE, 'CS2103', 'AY 17/18 Sem 2');
INSERT INTO studentPlans VALUES('E1000063B', FALSE, 'CS3221', 'AY 17/18 Sem 2');
INSERT INTO studentPlans VALUES('E1000063B', FALSE, 'CS2102', 'AY 17/18 Sem 2');
INSERT INTO studentPlans VALUES('E1000063B', FALSE, 'CS2104', 'AY 17/18 Sem 2');

INSERT INTO student VALUES('E1000064B', 1);
INSERT INTO takesFocusArea VALUES('E1000064B', 'Parallel Computing', NULL);
INSERT INTO studentPlans VALUES('E1000064B', TRUE, 'CS1010X', 'AY 16/17 Sem 1');
INSERT INTO studentPlans VALUES('E1000064B', TRUE, 'CS1020E', 'AY 16/17 Sem 1');
INSERT INTO studentPlans VALUES('E1000064B', TRUE, 'IT1005', 'AY 16/17 Sem 1');
INSERT INTO studentPlans VALUES('E1000064B', TRUE, 'CS1231', 'AY 16/17 Sem 1');
INSERT INTO studentPlans VALUES('E1000064B', TRUE, 'CS1010E', 'AY 16/17 Sem 1');
INSERT INTO studentPlans VALUES('E1000064B', FALSE, 'IT1001', 'AY 16/17 Sem 2');
INSERT INTO studentPlans VALUES('E1000064B', FALSE, 'CS1010', 'AY 16/17 Sem 2');
INSERT INTO studentPlans VALUES('E1000064B', FALSE, 'FMC1202', 'AY 16/17 Sem 2');
INSERT INTO studentPlans VALUES('E1000064B', FALSE, 'IT1003', 'AY 16/17 Sem 2');
INSERT INTO studentPlans VALUES('E1000064B', FALSE, 'CS2100', 'AY 16/17 Sem 2');
INSERT INTO studentPlans VALUES('E1000064B', FALSE, 'CP3202', 'AY 17/18 Sem 1');
INSERT INTO studentPlans VALUES('E1000064B', FALSE, 'CS2106', 'AY 17/18 Sem 1');
INSERT INTO studentPlans VALUES('E1000064B', FALSE, 'CP3106', 'AY 17/18 Sem 1');
INSERT INTO studentPlans VALUES('E1000064B', FALSE, 'CS2103T', 'AY 17/18 Sem 1');
INSERT INTO studentPlans VALUES('E1000064B', FALSE, 'CS2309', 'AY 17/18 Sem 1');
INSERT INTO studentPlans VALUES('E1000064B', FALSE, 'CP2201', 'AY 17/18 Sem 2');
INSERT INTO studentPlans VALUES('E1000064B', FALSE, 'CS2281', 'AY 17/18 Sem 2');
INSERT INTO studentPlans VALUES('E1000064B', FALSE, 'CS2010', 'AY 17/18 Sem 2');
INSERT INTO studentPlans VALUES('E1000064B', FALSE, 'CS2102', 'AY 17/18 Sem 2');
INSERT INTO studentPlans VALUES('E1000064B', FALSE, 'CS2104', 'AY 17/18 Sem 2');

INSERT INTO student VALUES('E1000065B', 1);
INSERT INTO takesFocusArea VALUES('E1000065B', 'Visual Computing', NULL);
INSERT INTO studentPlans VALUES('E1000065B', TRUE, 'IT1003', 'AY 16/17 Sem 1');
INSERT INTO studentPlans VALUES('E1000065B', TRUE, 'IT1005', 'AY 16/17 Sem 1');
INSERT INTO studentPlans VALUES('E1000065B', TRUE, 'FMC1206', 'AY 16/17 Sem 1');
INSERT INTO studentPlans VALUES('E1000065B', TRUE, 'FMC1205', 'AY 16/17 Sem 1');
INSERT INTO studentPlans VALUES('E1000065B', TRUE, 'GET1031', 'AY 16/17 Sem 1');
INSERT INTO studentPlans VALUES('E1000065B', FALSE, 'CS1010S', 'AY 16/17 Sem 2');
INSERT INTO studentPlans VALUES('E1000065B', FALSE, 'IT1001', 'AY 16/17 Sem 2');
INSERT INTO studentPlans VALUES('E1000065B', FALSE, 'CS1101S', 'AY 16/17 Sem 2');
INSERT INTO studentPlans VALUES('E1000065B', FALSE, 'FMC1202', 'AY 16/17 Sem 2');
INSERT INTO studentPlans VALUES('E1000065B', FALSE, 'CS2103T', 'AY 16/17 Sem 2');
INSERT INTO studentPlans VALUES('E1000065B', FALSE, 'CS2309', 'AY 17/18 Sem 1');
INSERT INTO studentPlans VALUES('E1000065B', FALSE, 'CS2281', 'AY 17/18 Sem 1');
INSERT INTO studentPlans VALUES('E1000065B', FALSE, 'CP3880', 'AY 17/18 Sem 1');
INSERT INTO studentPlans VALUES('E1000065B', FALSE, 'CS2104', 'AY 17/18 Sem 1');
INSERT INTO studentPlans VALUES('E1000065B', FALSE, 'CS2020', 'AY 17/18 Sem 1');
INSERT INTO studentPlans VALUES('E1000065B', FALSE, 'CS2101', 'AY 17/18 Sem 2');
INSERT INTO studentPlans VALUES('E1000065B', FALSE, 'CS2105', 'AY 17/18 Sem 2');
INSERT INTO studentPlans VALUES('E1000065B', FALSE, 'IT2002', 'AY 17/18 Sem 2');
INSERT INTO studentPlans VALUES('E1000065B', FALSE, 'CS2103', 'AY 17/18 Sem 2');
INSERT INTO studentPlans VALUES('E1000065B', FALSE, 'CS2107', 'AY 17/18 Sem 2');

INSERT INTO student VALUES('E1000066B', 1);
INSERT INTO takesFocusArea VALUES('E1000066B', 'Visual Computing', NULL);
INSERT INTO studentPlans VALUES('E1000066B', TRUE, 'CS1010S', 'AY 16/17 Sem 1');
INSERT INTO studentPlans VALUES('E1000066B', TRUE, 'CS1010E', 'AY 16/17 Sem 1');
INSERT INTO studentPlans VALUES('E1000066B', TRUE, 'CS1020E', 'AY 16/17 Sem 1');
INSERT INTO studentPlans VALUES('E1000066B', TRUE, 'CS1102', 'AY 16/17 Sem 1');
INSERT INTO studentPlans VALUES('E1000066B', TRUE, 'IT1004', 'AY 16/17 Sem 1');
INSERT INTO studentPlans VALUES('E1000066B', FALSE, 'CS2103', 'AY 16/17 Sem 2');
INSERT INTO studentPlans VALUES('E1000066B', FALSE, 'GET1031', 'AY 16/17 Sem 2');
INSERT INTO studentPlans VALUES('E1000066B', FALSE, 'FMC1203', 'AY 16/17 Sem 2');
INSERT INTO studentPlans VALUES('E1000066B', FALSE, 'FMC1205', 'AY 16/17 Sem 2');
INSERT INTO studentPlans VALUES('E1000066B', FALSE, 'FMC1202', 'AY 16/17 Sem 2');
INSERT INTO studentPlans VALUES('E1000066B', FALSE, 'CS2103T', 'AY 17/18 Sem 1');
INSERT INTO studentPlans VALUES('E1000066B', FALSE, 'CS3103', 'AY 17/18 Sem 1');
INSERT INTO studentPlans VALUES('E1000066B', FALSE, 'CG2271', 'AY 17/18 Sem 1');
INSERT INTO studentPlans VALUES('E1000066B', FALSE, 'CS2102', 'AY 17/18 Sem 1');
INSERT INTO studentPlans VALUES('E1000066B', FALSE, 'CS3271', 'AY 17/18 Sem 1');
INSERT INTO studentPlans VALUES('E1000066B', FALSE, 'CS2010', 'AY 17/18 Sem 2');
INSERT INTO studentPlans VALUES('E1000066B', FALSE, 'CS3243', 'AY 17/18 Sem 2');
INSERT INTO studentPlans VALUES('E1000066B', FALSE, 'CS2309', 'AY 17/18 Sem 2');
INSERT INTO studentPlans VALUES('E1000066B', FALSE, 'CS2108', 'AY 17/18 Sem 2');
INSERT INTO studentPlans VALUES('E1000066B', FALSE, 'CS2106', 'AY 17/18 Sem 2');

INSERT INTO student VALUES('E1000067B', 1);
INSERT INTO takesFocusArea VALUES('E1000067B', 'Computer Security', NULL);
INSERT INTO studentPlans VALUES('E1000067B', TRUE, 'CS1020', 'AY 16/17 Sem 1');
INSERT INTO studentPlans VALUES('E1000067B', TRUE, 'IT1001', 'AY 16/17 Sem 1');
INSERT INTO studentPlans VALUES('E1000067B', TRUE, 'IT1004', 'AY 16/17 Sem 1');
INSERT INTO studentPlans VALUES('E1000067B', TRUE, 'IT1006', 'AY 16/17 Sem 1');
INSERT INTO studentPlans VALUES('E1000067B', TRUE, 'GET1031', 'AY 16/17 Sem 1');
INSERT INTO studentPlans VALUES('E1000067B', FALSE, 'IT1801', 'AY 16/17 Sem 2');
INSERT INTO studentPlans VALUES('E1000067B', FALSE, 'CS2106', 'AY 16/17 Sem 2');
INSERT INTO studentPlans VALUES('E1000067B', FALSE, 'CS1101S', 'AY 16/17 Sem 2');
INSERT INTO studentPlans VALUES('E1000067B', FALSE, 'CS1010E', 'AY 16/17 Sem 2');
INSERT INTO studentPlans VALUES('E1000067B', FALSE, 'CS2102', 'AY 16/17 Sem 2');
INSERT INTO studentPlans VALUES('E1000067B', FALSE, 'CS3249', 'AY 17/18 Sem 1');
INSERT INTO studentPlans VALUES('E1000067B', FALSE, 'CS2105', 'AY 17/18 Sem 1');
INSERT INTO studentPlans VALUES('E1000067B', FALSE, 'CG2271', 'AY 17/18 Sem 1');
INSERT INTO studentPlans VALUES('E1000067B', FALSE, 'CS2107', 'AY 17/18 Sem 1');
INSERT INTO studentPlans VALUES('E1000067B', FALSE, 'CS2104', 'AY 17/18 Sem 1');
INSERT INTO studentPlans VALUES('E1000067B', FALSE, 'CS2309', 'AY 17/18 Sem 2');
INSERT INTO studentPlans VALUES('E1000067B', FALSE, 'IT2002', 'AY 17/18 Sem 2');
INSERT INTO studentPlans VALUES('E1000067B', FALSE, 'CS2281', 'AY 17/18 Sem 2');
INSERT INTO studentPlans VALUES('E1000067B', FALSE, 'CP2201', 'AY 17/18 Sem 2');
INSERT INTO studentPlans VALUES('E1000067B', FALSE, 'CS3284', 'AY 17/18 Sem 2');

INSERT INTO student VALUES('E1000068B', 1);
INSERT INTO takesFocusArea VALUES('E1000068B', 'Networking and Distributed Systems', NULL);
INSERT INTO studentPlans VALUES('E1000068B', TRUE, 'IT1002', 'AY 16/17 Sem 1');
INSERT INTO studentPlans VALUES('E1000068B', TRUE, 'IT1006', 'AY 16/17 Sem 1');
INSERT INTO studentPlans VALUES('E1000068B', TRUE, 'CS1102C', 'AY 16/17 Sem 1');
INSERT INTO studentPlans VALUES('E1000068B', TRUE, 'CG2271', 'AY 16/17 Sem 1');
INSERT INTO studentPlans VALUES('E1000068B', TRUE, 'IT1801', 'AY 16/17 Sem 1');
INSERT INTO studentPlans VALUES('E1000068B', FALSE, 'CS1102', 'AY 16/17 Sem 2');
INSERT INTO studentPlans VALUES('E1000068B', FALSE, 'IT1003', 'AY 16/17 Sem 2');
INSERT INTO studentPlans VALUES('E1000068B', FALSE, 'FMC1203', 'AY 16/17 Sem 2');
INSERT INTO studentPlans VALUES('E1000068B', FALSE, 'IT1001', 'AY 16/17 Sem 2');
INSERT INTO studentPlans VALUES('E1000068B', FALSE, 'CS2108', 'AY 16/17 Sem 2');
INSERT INTO studentPlans VALUES('E1000068B', FALSE, 'CS3281', 'AY 17/18 Sem 1');
INSERT INTO studentPlans VALUES('E1000068B', FALSE, 'CS2281', 'AY 17/18 Sem 1');
INSERT INTO studentPlans VALUES('E1000068B', FALSE, 'CS2101', 'AY 17/18 Sem 1');
INSERT INTO studentPlans VALUES('E1000068B', FALSE, 'CS2271', 'AY 17/18 Sem 1');
INSERT INTO studentPlans VALUES('E1000068B', FALSE, 'CS3212', 'AY 17/18 Sem 1');
INSERT INTO studentPlans VALUES('E1000068B', FALSE, 'CS3271', 'AY 17/18 Sem 2');
INSERT INTO studentPlans VALUES('E1000068B', FALSE, 'IT2002', 'AY 17/18 Sem 2');
INSERT INTO studentPlans VALUES('E1000068B', FALSE, 'CS2220', 'AY 17/18 Sem 2');
INSERT INTO studentPlans VALUES('E1000068B', FALSE, 'CS2103T', 'AY 17/18 Sem 2');
INSERT INTO studentPlans VALUES('E1000068B', FALSE, 'CS2010', 'AY 17/18 Sem 2');

INSERT INTO student VALUES('E1000069B', 1);
INSERT INTO takesFocusArea VALUES('E1000069B', 'Artificial Intelligence', NULL);
INSERT INTO studentPlans VALUES('E1000069B', TRUE, 'GET1031', 'AY 16/17 Sem 1');
INSERT INTO studentPlans VALUES('E1000069B', TRUE, 'IT1001', 'AY 16/17 Sem 1');
INSERT INTO studentPlans VALUES('E1000069B', TRUE, 'CS1010E', 'AY 16/17 Sem 1');
INSERT INTO studentPlans VALUES('E1000069B', TRUE, 'FMC1206', 'AY 16/17 Sem 1');
INSERT INTO studentPlans VALUES('E1000069B', TRUE, 'CS1010X', 'AY 16/17 Sem 1');
INSERT INTO studentPlans VALUES('E1000069B', FALSE, 'CS1020E', 'AY 16/17 Sem 2');
INSERT INTO studentPlans VALUES('E1000069B', FALSE, 'IT1801', 'AY 16/17 Sem 2');
INSERT INTO studentPlans VALUES('E1000069B', FALSE, 'CS1102', 'AY 16/17 Sem 2');
INSERT INTO studentPlans VALUES('E1000069B', FALSE, 'CS1280', 'AY 16/17 Sem 2');
INSERT INTO studentPlans VALUES('E1000069B', FALSE, 'FMC1203', 'AY 16/17 Sem 2');
INSERT INTO studentPlans VALUES('E1000069B', FALSE, 'CS2104', 'AY 17/18 Sem 1');
INSERT INTO studentPlans VALUES('E1000069B', FALSE, 'CS2103T', 'AY 17/18 Sem 1');
INSERT INTO studentPlans VALUES('E1000069B', FALSE, 'CG2271', 'AY 17/18 Sem 1');
INSERT INTO studentPlans VALUES('E1000069B', FALSE, 'CS3246', 'AY 17/18 Sem 1');
INSERT INTO studentPlans VALUES('E1000069B', FALSE, 'CS2103', 'AY 17/18 Sem 1');
INSERT INTO studentPlans VALUES('E1000069B', FALSE, 'CS3202', 'AY 17/18 Sem 2');
INSERT INTO studentPlans VALUES('E1000069B', FALSE, 'CS2106', 'AY 17/18 Sem 2');
INSERT INTO studentPlans VALUES('E1000069B', FALSE, 'CS2271', 'AY 17/18 Sem 2');
INSERT INTO studentPlans VALUES('E1000069B', FALSE, 'CS2108', 'AY 17/18 Sem 2');
INSERT INTO studentPlans VALUES('E1000069B', FALSE, 'IT2001', 'AY 17/18 Sem 2');

INSERT INTO student VALUES('E1000070B', 1);
INSERT INTO takesFocusArea VALUES('E1000070B', 'Computer Graphics and Games', NULL);
INSERT INTO studentPlans VALUES('E1000070B', TRUE, 'CS2100', 'AY 16/17 Sem 1');
INSERT INTO studentPlans VALUES('E1000070B', TRUE, 'CG1001', 'AY 16/17 Sem 1');
INSERT INTO studentPlans VALUES('E1000070B', TRUE, 'CS1020E', 'AY 16/17 Sem 1');
INSERT INTO studentPlans VALUES('E1000070B', TRUE, 'GET1031', 'AY 16/17 Sem 1');
INSERT INTO studentPlans VALUES('E1000070B', TRUE, 'CS2108', 'AY 16/17 Sem 1');
INSERT INTO studentPlans VALUES('E1000070B', FALSE, 'FMC1206', 'AY 16/17 Sem 2');
INSERT INTO studentPlans VALUES('E1000070B', FALSE, 'CS1020', 'AY 16/17 Sem 2');
INSERT INTO studentPlans VALUES('E1000070B', FALSE, 'IT1003', 'AY 16/17 Sem 2');
INSERT INTO studentPlans VALUES('E1000070B', FALSE, 'CS1280', 'AY 16/17 Sem 2');
INSERT INTO studentPlans VALUES('E1000070B', FALSE, 'CS1010X', 'AY 16/17 Sem 2');
INSERT INTO studentPlans VALUES('E1000070B', FALSE, 'CS2309', 'AY 17/18 Sem 1');
INSERT INTO studentPlans VALUES('E1000070B', FALSE, 'CS2271', 'AY 17/18 Sem 1');
INSERT INTO studentPlans VALUES('E1000070B', FALSE, 'CP3202', 'AY 17/18 Sem 1');
INSERT INTO studentPlans VALUES('E1000070B', FALSE, 'CP2201', 'AY 17/18 Sem 1');
INSERT INTO studentPlans VALUES('E1000070B', FALSE, 'IT2001', 'AY 17/18 Sem 1');
INSERT INTO studentPlans VALUES('E1000070B', FALSE, 'CP3108B', 'AY 17/18 Sem 2');
INSERT INTO studentPlans VALUES('E1000070B', FALSE, 'CS2101', 'AY 17/18 Sem 2');
INSERT INTO studentPlans VALUES('E1000070B', FALSE, 'CS3103L', 'AY 17/18 Sem 2');
INSERT INTO studentPlans VALUES('E1000070B', FALSE, 'CS3215', 'AY 17/18 Sem 2');
INSERT INTO studentPlans VALUES('E1000070B', FALSE, 'CS2020', 'AY 17/18 Sem 2');

INSERT INTO student VALUES('E1000071B', 1);
INSERT INTO takesFocusArea VALUES('E1000071B', 'Algorithms & Theory', NULL);
INSERT INTO studentPlans VALUES('E1000071B', TRUE, 'IT1004', 'AY 16/17 Sem 1');
INSERT INTO studentPlans VALUES('E1000071B', TRUE, 'CS2220', 'AY 16/17 Sem 1');
INSERT INTO studentPlans VALUES('E1000071B', TRUE, 'CS2281', 'AY 16/17 Sem 1');
INSERT INTO studentPlans VALUES('E1000071B', TRUE, 'CS1010S', 'AY 16/17 Sem 1');
INSERT INTO studentPlans VALUES('E1000071B', TRUE, 'CS1231', 'AY 16/17 Sem 1');
INSERT INTO studentPlans VALUES('E1000071B', FALSE, 'CS1010', 'AY 16/17 Sem 2');
INSERT INTO studentPlans VALUES('E1000071B', FALSE, 'IT1801', 'AY 16/17 Sem 2');
INSERT INTO studentPlans VALUES('E1000071B', FALSE, 'FMC1203', 'AY 16/17 Sem 2');
INSERT INTO studentPlans VALUES('E1000071B', FALSE, 'FMC1202', 'AY 16/17 Sem 2');
INSERT INTO studentPlans VALUES('E1000071B', FALSE, 'FMC1201', 'AY 16/17 Sem 2');
INSERT INTO studentPlans VALUES('E1000071B', FALSE, 'CG2271', 'AY 17/18 Sem 1');
INSERT INTO studentPlans VALUES('E1000071B', FALSE, 'CS2107', 'AY 17/18 Sem 1');
INSERT INTO studentPlans VALUES('E1000071B', FALSE, 'CS3242', 'AY 17/18 Sem 1');
INSERT INTO studentPlans VALUES('E1000071B', FALSE, 'CS2103T', 'AY 17/18 Sem 1');
INSERT INTO studentPlans VALUES('E1000071B', FALSE, 'CP3209', 'AY 17/18 Sem 1');
INSERT INTO studentPlans VALUES('E1000071B', FALSE, 'CS2010', 'AY 17/18 Sem 2');
INSERT INTO studentPlans VALUES('E1000071B', FALSE, 'IT2001', 'AY 17/18 Sem 2');
INSERT INTO studentPlans VALUES('E1000071B', FALSE, 'CS2104', 'AY 17/18 Sem 2');
INSERT INTO studentPlans VALUES('E1000071B', FALSE, 'CS2271', 'AY 17/18 Sem 2');
INSERT INTO studentPlans VALUES('E1000071B', FALSE, 'CS2309', 'AY 17/18 Sem 2');

INSERT INTO student VALUES('E1000072B', 1);
INSERT INTO takesFocusArea VALUES('E1000072B', 'Software Engineering', NULL);
INSERT INTO studentPlans VALUES('E1000072B', TRUE, 'CS1010X', 'AY 16/17 Sem 1');
INSERT INTO studentPlans VALUES('E1000072B', TRUE, 'CS1281', 'AY 16/17 Sem 1');
INSERT INTO studentPlans VALUES('E1000072B', TRUE, 'CS1010J', 'AY 16/17 Sem 1');
INSERT INTO studentPlans VALUES('E1000072B', TRUE, 'IT1004', 'AY 16/17 Sem 1');
INSERT INTO studentPlans VALUES('E1000072B', TRUE, 'CS1020', 'AY 16/17 Sem 1');
INSERT INTO studentPlans VALUES('E1000072B', FALSE, 'FMC1203', 'AY 16/17 Sem 2');
INSERT INTO studentPlans VALUES('E1000072B', FALSE, 'CS1101S', 'AY 16/17 Sem 2');
INSERT INTO studentPlans VALUES('E1000072B', FALSE, 'CS1102C', 'AY 16/17 Sem 2');
INSERT INTO studentPlans VALUES('E1000072B', FALSE, 'FMC1205', 'AY 16/17 Sem 2');
INSERT INTO studentPlans VALUES('E1000072B', FALSE, 'CS1010E', 'AY 16/17 Sem 2');
INSERT INTO studentPlans VALUES('E1000072B', FALSE, 'CS2106', 'AY 17/18 Sem 1');
INSERT INTO studentPlans VALUES('E1000072B', FALSE, 'CS2108', 'AY 17/18 Sem 1');
INSERT INTO studentPlans VALUES('E1000072B', FALSE, 'CS3235', 'AY 17/18 Sem 1');
INSERT INTO studentPlans VALUES('E1000072B', FALSE, 'CS2220', 'AY 17/18 Sem 1');
INSERT INTO studentPlans VALUES('E1000072B', FALSE, 'CS2309', 'AY 17/18 Sem 1');
INSERT INTO studentPlans VALUES('E1000072B', FALSE, 'CS2281', 'AY 17/18 Sem 2');
INSERT INTO studentPlans VALUES('E1000072B', FALSE, 'CS2271', 'AY 17/18 Sem 2');
INSERT INTO studentPlans VALUES('E1000072B', FALSE, 'CS3282', 'AY 17/18 Sem 2');
INSERT INTO studentPlans VALUES('E1000072B', FALSE, 'CS2107', 'AY 17/18 Sem 2');
INSERT INTO studentPlans VALUES('E1000072B', FALSE, 'CS2100', 'AY 17/18 Sem 2');

INSERT INTO student VALUES('E1000073B', 1);
INSERT INTO takesFocusArea VALUES('E1000073B', 'Artificial Intelligence', NULL);
INSERT INTO studentPlans VALUES('E1000073B', TRUE, 'CS1231', 'AY 16/17 Sem 1');
INSERT INTO studentPlans VALUES('E1000073B', TRUE, 'IT1002', 'AY 16/17 Sem 1');
INSERT INTO studentPlans VALUES('E1000073B', TRUE, 'IT1001', 'AY 16/17 Sem 1');
INSERT INTO studentPlans VALUES('E1000073B', TRUE, 'CS1281', 'AY 16/17 Sem 1');
INSERT INTO studentPlans VALUES('E1000073B', TRUE, 'FMC1201', 'AY 16/17 Sem 1');
INSERT INTO studentPlans VALUES('E1000073B', FALSE, 'CS1010X', 'AY 16/17 Sem 2');
INSERT INTO studentPlans VALUES('E1000073B', FALSE, 'FMC1203', 'AY 16/17 Sem 2');
INSERT INTO studentPlans VALUES('E1000073B', FALSE, 'CS2106', 'AY 16/17 Sem 2');
INSERT INTO studentPlans VALUES('E1000073B', FALSE, 'FMC1205', 'AY 16/17 Sem 2');
INSERT INTO studentPlans VALUES('E1000073B', FALSE, 'CS2220', 'AY 16/17 Sem 2');
INSERT INTO studentPlans VALUES('E1000073B', FALSE, 'IT2002', 'AY 17/18 Sem 1');
INSERT INTO studentPlans VALUES('E1000073B', FALSE, 'CS2020', 'AY 17/18 Sem 1');
INSERT INTO studentPlans VALUES('E1000073B', FALSE, 'CS3246', 'AY 17/18 Sem 1');
INSERT INTO studentPlans VALUES('E1000073B', FALSE, 'CS3230', 'AY 17/18 Sem 1');
INSERT INTO studentPlans VALUES('E1000073B', FALSE, 'CS2101', 'AY 17/18 Sem 1');
INSERT INTO studentPlans VALUES('E1000073B', FALSE, 'CS2103T', 'AY 17/18 Sem 2');
INSERT INTO studentPlans VALUES('E1000073B', FALSE, 'CS3245', 'AY 17/18 Sem 2');
INSERT INTO studentPlans VALUES('E1000073B', FALSE, 'CS2107', 'AY 17/18 Sem 2');
INSERT INTO studentPlans VALUES('E1000073B', FALSE, 'CS2100', 'AY 17/18 Sem 2');
INSERT INTO studentPlans VALUES('E1000073B', FALSE, 'CS2108', 'AY 17/18 Sem 2');

INSERT INTO student VALUES('E1000074B', 1);
INSERT INTO takesFocusArea VALUES('E1000074B', 'Parallel Computing', NULL);
INSERT INTO studentPlans VALUES('E1000074B', TRUE, 'CS1231', 'AY 16/17 Sem 1');
INSERT INTO studentPlans VALUES('E1000074B', TRUE, 'CS2104', 'AY 16/17 Sem 1');
INSERT INTO studentPlans VALUES('E1000074B', TRUE, 'CS1010J', 'AY 16/17 Sem 1');
INSERT INTO studentPlans VALUES('E1000074B', TRUE, 'CS1101S', 'AY 16/17 Sem 1');
INSERT INTO studentPlans VALUES('E1000074B', TRUE, 'CS2106', 'AY 16/17 Sem 1');
INSERT INTO studentPlans VALUES('E1000074B', FALSE, 'CS1010E', 'AY 16/17 Sem 2');
INSERT INTO studentPlans VALUES('E1000074B', FALSE, 'FMC1205', 'AY 16/17 Sem 2');
INSERT INTO studentPlans VALUES('E1000074B', FALSE, 'CS1281', 'AY 16/17 Sem 2');
INSERT INTO studentPlans VALUES('E1000074B', FALSE, 'IT1006', 'AY 16/17 Sem 2');
INSERT INTO studentPlans VALUES('E1000074B', FALSE, 'CS1102', 'AY 16/17 Sem 2');
INSERT INTO studentPlans VALUES('E1000074B', FALSE, 'CS3103', 'AY 17/18 Sem 1');
INSERT INTO studentPlans VALUES('E1000074B', FALSE, 'CP3101', 'AY 17/18 Sem 1');
INSERT INTO studentPlans VALUES('E1000074B', FALSE, 'CS2101', 'AY 17/18 Sem 1');
INSERT INTO studentPlans VALUES('E1000074B', FALSE, 'CS2103', 'AY 17/18 Sem 1');
INSERT INTO studentPlans VALUES('E1000074B', FALSE, 'CS2105', 'AY 17/18 Sem 1');
INSERT INTO studentPlans VALUES('E1000074B', FALSE, 'CS2108', 'AY 17/18 Sem 2');
INSERT INTO studentPlans VALUES('E1000074B', FALSE, 'CS2020', 'AY 17/18 Sem 2');
INSERT INTO studentPlans VALUES('E1000074B', FALSE, 'CS2107', 'AY 17/18 Sem 2');
INSERT INTO studentPlans VALUES('E1000074B', FALSE, 'CP3201', 'AY 17/18 Sem 2');
INSERT INTO studentPlans VALUES('E1000074B', FALSE, 'IT2002', 'AY 17/18 Sem 2');

INSERT INTO student VALUES('E2000000B', 2);
INSERT INTO takesFocusArea VALUES('E2000000B', 'Computer Security', NULL);
INSERT INTO studentPlans VALUES('E2000000B', TRUE, 'CS2281', 'AY 16/17 Sem 1');
INSERT INTO studentPlans VALUES('E2000000B', TRUE, 'CS2271', 'AY 16/17 Sem 1');
INSERT INTO studentPlans VALUES('E2000000B', TRUE, 'CS2309', 'AY 16/17 Sem 1');
INSERT INTO studentPlans VALUES('E2000000B', TRUE, 'CS2107', 'AY 16/17 Sem 1');
INSERT INTO studentPlans VALUES('E2000000B', TRUE, 'CG2271', 'AY 16/17 Sem 1');
INSERT INTO studentPlans VALUES('E2000000B', FALSE, 'CS2104', 'AY 16/17 Sem 2');
INSERT INTO studentPlans VALUES('E2000000B', FALSE, 'CS2106', 'AY 16/17 Sem 2');
INSERT INTO studentPlans VALUES('E2000000B', FALSE, 'CS2100', 'AY 16/17 Sem 2');
INSERT INTO studentPlans VALUES('E2000000B', FALSE, 'CS2105', 'AY 16/17 Sem 2');
INSERT INTO studentPlans VALUES('E2000000B', FALSE, 'CS2101', 'AY 16/17 Sem 2');
INSERT INTO studentPlans VALUES('E2000000B', FALSE, 'CS3233', 'AY 17/18 Sem 1');
INSERT INTO studentPlans VALUES('E2000000B', FALSE, 'CS3218', 'AY 17/18 Sem 1');
INSERT INTO studentPlans VALUES('E2000000B', FALSE, 'CS3882', 'AY 17/18 Sem 1');
INSERT INTO studentPlans VALUES('E2000000B', FALSE, 'CS4340', 'AY 17/18 Sem 1');
INSERT INTO studentPlans VALUES('E2000000B', FALSE, 'CS4215', 'AY 17/18 Sem 1');
INSERT INTO studentPlans VALUES('E2000000B', FALSE, 'CP3201', 'AY 17/18 Sem 2');
INSERT INTO studentPlans VALUES('E2000000B', FALSE, 'CS3235', 'AY 17/18 Sem 2');
INSERT INTO studentPlans VALUES('E2000000B', FALSE, 'CS3271', 'AY 17/18 Sem 2');
INSERT INTO studentPlans VALUES('E2000000B', FALSE, 'CP3101A', 'AY 17/18 Sem 2');
INSERT INTO studentPlans VALUES('E2000000B', FALSE, 'CP3108A', 'AY 17/18 Sem 2');

INSERT INTO student VALUES('E2000001B', 2);
INSERT INTO takesFocusArea VALUES('E2000001B', 'Multimedia Information Retrieval', NULL);
INSERT INTO studentPlans VALUES('E2000001B', TRUE, 'CS2010', 'AY 16/17 Sem 1');
INSERT INTO studentPlans VALUES('E2000001B', TRUE, 'CS2103', 'AY 16/17 Sem 1');
INSERT INTO studentPlans VALUES('E2000001B', TRUE, 'CS2107', 'AY 16/17 Sem 1');
INSERT INTO studentPlans VALUES('E2000001B', TRUE, 'CS2102', 'AY 16/17 Sem 1');
INSERT INTO studentPlans VALUES('E2000001B', TRUE, 'IT2002', 'AY 16/17 Sem 1');
INSERT INTO studentPlans VALUES('E2000001B', FALSE, 'CS2104', 'AY 16/17 Sem 2');
INSERT INTO studentPlans VALUES('E2000001B', FALSE, 'CS2220', 'AY 16/17 Sem 2');
INSERT INTO studentPlans VALUES('E2000001B', FALSE, 'CS2106', 'AY 16/17 Sem 2');
INSERT INTO studentPlans VALUES('E2000001B', FALSE, 'CS2281', 'AY 16/17 Sem 2');
INSERT INTO studentPlans VALUES('E2000001B', FALSE, 'CS2020', 'AY 16/17 Sem 2');
INSERT INTO studentPlans VALUES('E2000001B', FALSE, 'CS3220', 'AY 17/18 Sem 1');
INSERT INTO studentPlans VALUES('E2000001B', FALSE, 'CS3241', 'AY 17/18 Sem 1');
INSERT INTO studentPlans VALUES('E2000001B', FALSE, 'CS4222', 'AY 17/18 Sem 1');
INSERT INTO studentPlans VALUES('E2000001B', FALSE, 'CS3221', 'AY 17/18 Sem 1');
INSERT INTO studentPlans VALUES('E2000001B', FALSE, 'CS3284', 'AY 17/18 Sem 1');
INSERT INTO studentPlans VALUES('E2000001B', FALSE, 'CS4345', 'AY 17/18 Sem 2');
INSERT INTO studentPlans VALUES('E2000001B', FALSE, 'CP3200', 'AY 17/18 Sem 2');
INSERT INTO studentPlans VALUES('E2000001B', FALSE, 'CS3247', 'AY 17/18 Sem 2');
INSERT INTO studentPlans VALUES('E2000001B', FALSE, 'CS3223', 'AY 17/18 Sem 2');
INSERT INTO studentPlans VALUES('E2000001B', FALSE, 'CS3216', 'AY 17/18 Sem 2');

INSERT INTO student VALUES('E2000002B', 2);
INSERT INTO takesFocusArea VALUES('E2000002B', 'Programming Languages', NULL);
INSERT INTO studentPlans VALUES('E2000002B', TRUE, 'CS2106', 'AY 16/17 Sem 1');
INSERT INTO studentPlans VALUES('E2000002B', TRUE, 'CS2102', 'AY 16/17 Sem 1');
INSERT INTO studentPlans VALUES('E2000002B', TRUE, 'CP3101C', 'AY 16/17 Sem 1');
INSERT INTO studentPlans VALUES('E2000002B', TRUE, 'IT2001', 'AY 16/17 Sem 1');
INSERT INTO studentPlans VALUES('E2000002B', TRUE, 'CG2271', 'AY 16/17 Sem 1');
INSERT INTO studentPlans VALUES('E2000002B', FALSE, 'CS2309', 'AY 16/17 Sem 2');
INSERT INTO studentPlans VALUES('E2000002B', FALSE, 'CS2271', 'AY 16/17 Sem 2');
INSERT INTO studentPlans VALUES('E2000002B', FALSE, 'CS2104', 'AY 16/17 Sem 2');
INSERT INTO studentPlans VALUES('E2000002B', FALSE, 'CS2281', 'AY 16/17 Sem 2');
INSERT INTO studentPlans VALUES('E2000002B', FALSE, 'CS2103', 'AY 16/17 Sem 2');
INSERT INTO studentPlans VALUES('E2000002B', FALSE, 'CP3881', 'AY 17/18 Sem 1');
INSERT INTO studentPlans VALUES('E2000002B', FALSE, 'CS3212', 'AY 17/18 Sem 1');
INSERT INTO studentPlans VALUES('E2000002B', FALSE, 'CS3220', 'AY 17/18 Sem 1');
INSERT INTO studentPlans VALUES('E2000002B', FALSE, 'CS3213', 'AY 17/18 Sem 1');
INSERT INTO studentPlans VALUES('E2000002B', FALSE, 'CS3241', 'AY 17/18 Sem 1');
INSERT INTO studentPlans VALUES('E2000002B', FALSE, 'CS3282', 'AY 17/18 Sem 2');
INSERT INTO studentPlans VALUES('E2000002B', FALSE, 'CS4235', 'AY 17/18 Sem 2');
INSERT INTO studentPlans VALUES('E2000002B', FALSE, 'CS3210', 'AY 17/18 Sem 2');
INSERT INTO studentPlans VALUES('E2000002B', FALSE, 'CS3271', 'AY 17/18 Sem 2');
INSERT INTO studentPlans VALUES('E2000002B', FALSE, 'CP3201', 'AY 17/18 Sem 2');

INSERT INTO student VALUES('E2000003B', 2);
INSERT INTO takesFocusArea VALUES('E2000003B', 'Computer Security', NULL);
INSERT INTO studentPlans VALUES('E2000003B', TRUE, 'CG2271', 'AY 16/17 Sem 1');
INSERT INTO studentPlans VALUES('E2000003B', TRUE, 'CS2271', 'AY 16/17 Sem 1');
INSERT INTO studentPlans VALUES('E2000003B', TRUE, 'CS3242', 'AY 16/17 Sem 1');
INSERT INTO studentPlans VALUES('E2000003B', TRUE, 'CS2102', 'AY 16/17 Sem 1');
INSERT INTO studentPlans VALUES('E2000003B', TRUE, 'CS2107', 'AY 16/17 Sem 1');
INSERT INTO studentPlans VALUES('E2000003B', FALSE, 'CS2281', 'AY 16/17 Sem 2');
INSERT INTO studentPlans VALUES('E2000003B', FALSE, 'CS2103', 'AY 16/17 Sem 2');
INSERT INTO studentPlans VALUES('E2000003B', FALSE, 'CS2108', 'AY 16/17 Sem 2');
INSERT INTO studentPlans VALUES('E2000003B', FALSE, 'CS2101', 'AY 16/17 Sem 2');
INSERT INTO studentPlans VALUES('E2000003B', FALSE, 'CS2104', 'AY 16/17 Sem 2');
INSERT INTO studentPlans VALUES('E2000003B', FALSE, 'CS3218', 'AY 17/18 Sem 1');
INSERT INTO studentPlans VALUES('E2000003B', FALSE, 'CS4248', 'AY 17/18 Sem 1');
INSERT INTO studentPlans VALUES('E2000003B', FALSE, 'CS3205', 'AY 17/18 Sem 1');
INSERT INTO studentPlans VALUES('E2000003B', FALSE, 'CS3201', 'AY 17/18 Sem 1');
INSERT INTO studentPlans VALUES('E2000003B', FALSE, 'CS3223', 'AY 17/18 Sem 1');
INSERT INTO studentPlans VALUES('E2000003B', FALSE, 'CS3247', 'AY 17/18 Sem 2');
INSERT INTO studentPlans VALUES('E2000003B', FALSE, 'CS3213', 'AY 17/18 Sem 2');
INSERT INTO studentPlans VALUES('E2000003B', FALSE, 'CS3233', 'AY 17/18 Sem 2');
INSERT INTO studentPlans VALUES('E2000003B', FALSE, 'CP3208', 'AY 17/18 Sem 2');
INSERT INTO studentPlans VALUES('E2000003B', FALSE, 'CP3200', 'AY 17/18 Sem 2');

INSERT INTO student VALUES('E2000004B', 2);
INSERT INTO takesFocusArea VALUES('E2000004B', 'Algorithms & Theory', NULL);
INSERT INTO studentPlans VALUES('E2000004B', TRUE, 'CS2106', 'AY 16/17 Sem 1');
INSERT INTO studentPlans VALUES('E2000004B', TRUE, 'CS2103T', 'AY 16/17 Sem 1');
INSERT INTO studentPlans VALUES('E2000004B', TRUE, 'CS2281', 'AY 16/17 Sem 1');
INSERT INTO studentPlans VALUES('E2000004B', TRUE, 'CS2108', 'AY 16/17 Sem 1');
INSERT INTO studentPlans VALUES('E2000004B', TRUE, 'CS2309', 'AY 16/17 Sem 1');
INSERT INTO studentPlans VALUES('E2000004B', FALSE, 'CS2104', 'AY 16/17 Sem 2');
INSERT INTO studentPlans VALUES('E2000004B', FALSE, 'CS3343', 'AY 16/17 Sem 2');
INSERT INTO studentPlans VALUES('E2000004B', FALSE, 'CS2020', 'AY 16/17 Sem 2');
INSERT INTO studentPlans VALUES('E2000004B', FALSE, 'CS3201', 'AY 16/17 Sem 2');
INSERT INTO studentPlans VALUES('E2000004B', FALSE, 'CS2220', 'AY 16/17 Sem 2');
INSERT INTO studentPlans VALUES('E2000004B', FALSE, 'CS3243', 'AY 17/18 Sem 1');
INSERT INTO studentPlans VALUES('E2000004B', FALSE, 'CP3880', 'AY 17/18 Sem 1');
INSERT INTO studentPlans VALUES('E2000004B', FALSE, 'CS3223', 'AY 17/18 Sem 1');
INSERT INTO studentPlans VALUES('E2000004B', FALSE, 'CP3202', 'AY 17/18 Sem 1');
INSERT INTO studentPlans VALUES('E2000004B', FALSE, 'CS3217', 'AY 17/18 Sem 1');
INSERT INTO studentPlans VALUES('E2000004B', FALSE, 'CS4232', 'AY 17/18 Sem 2');
INSERT INTO studentPlans VALUES('E2000004B', FALSE, 'CS3233', 'AY 17/18 Sem 2');
INSERT INTO studentPlans VALUES('E2000004B', FALSE, 'CS3244', 'AY 17/18 Sem 2');
INSERT INTO studentPlans VALUES('E2000004B', FALSE, 'CP3209', 'AY 17/18 Sem 2');
INSERT INTO studentPlans VALUES('E2000004B', FALSE, 'CS3213', 'AY 17/18 Sem 2');

INSERT INTO student VALUES('E2000005B', 2);
INSERT INTO takesFocusArea VALUES('E2000005B', 'Multimedia Information Retrieval', NULL);
INSERT INTO studentPlans VALUES('E2000005B', TRUE, 'CS2020', 'AY 16/17 Sem 1');
INSERT INTO studentPlans VALUES('E2000005B', TRUE, 'CS3882', 'AY 16/17 Sem 1');
INSERT INTO studentPlans VALUES('E2000005B', TRUE, 'IT2001', 'AY 16/17 Sem 1');
INSERT INTO studentPlans VALUES('E2000005B', TRUE, 'CS3235', 'AY 16/17 Sem 1');
INSERT INTO studentPlans VALUES('E2000005B', TRUE, 'CP3109', 'AY 16/17 Sem 1');
INSERT INTO studentPlans VALUES('E2000005B', FALSE, 'CS2108', 'AY 16/17 Sem 2');
INSERT INTO studentPlans VALUES('E2000005B', FALSE, 'CG2271', 'AY 16/17 Sem 2');
INSERT INTO studentPlans VALUES('E2000005B', FALSE, 'CS2271', 'AY 16/17 Sem 2');
INSERT INTO studentPlans VALUES('E2000005B', FALSE, 'CS3236', 'AY 16/17 Sem 2');
INSERT INTO studentPlans VALUES('E2000005B', FALSE, 'CS2309', 'AY 16/17 Sem 2');
INSERT INTO studentPlans VALUES('E2000005B', FALSE, 'CS3201', 'AY 17/18 Sem 1');
INSERT INTO studentPlans VALUES('E2000005B', FALSE, 'CS4344', 'AY 17/18 Sem 1');
INSERT INTO studentPlans VALUES('E2000005B', FALSE, 'CS4224', 'AY 17/18 Sem 1');
INSERT INTO studentPlans VALUES('E2000005B', FALSE, 'CS3283', 'AY 17/18 Sem 1');
INSERT INTO studentPlans VALUES('E2000005B', FALSE, 'CS4240', 'AY 17/18 Sem 1');
INSERT INTO studentPlans VALUES('E2000005B', FALSE, 'CS3223', 'AY 17/18 Sem 2');
INSERT INTO studentPlans VALUES('E2000005B', FALSE, 'CP3200', 'AY 17/18 Sem 2');
INSERT INTO studentPlans VALUES('E2000005B', FALSE, 'CP3209', 'AY 17/18 Sem 2');
INSERT INTO studentPlans VALUES('E2000005B', FALSE, 'CP3880', 'AY 17/18 Sem 2');
INSERT INTO studentPlans VALUES('E2000005B', FALSE, 'CS3226', 'AY 17/18 Sem 2');

INSERT INTO student VALUES('E2000006B', 2);
INSERT INTO takesFocusArea VALUES('E2000006B', 'Database Systems', NULL);
INSERT INTO studentPlans VALUES('E2000006B', TRUE, 'CS2104', 'AY 16/17 Sem 1');
INSERT INTO studentPlans VALUES('E2000006B', TRUE, 'CS2220', 'AY 16/17 Sem 1');
INSERT INTO studentPlans VALUES('E2000006B', TRUE, 'CP2201', 'AY 16/17 Sem 1');
INSERT INTO studentPlans VALUES('E2000006B', TRUE, 'IT2002', 'AY 16/17 Sem 1');
INSERT INTO studentPlans VALUES('E2000006B', TRUE, 'CS3247', 'AY 16/17 Sem 1');
INSERT INTO studentPlans VALUES('E2000006B', FALSE, 'CS2100', 'AY 16/17 Sem 2');
INSERT INTO studentPlans VALUES('E2000006B', FALSE, 'CS3283', 'AY 16/17 Sem 2');
INSERT INTO studentPlans VALUES('E2000006B', FALSE, 'CS2108', 'AY 16/17 Sem 2');
INSERT INTO studentPlans VALUES('E2000006B', FALSE, 'CS2102', 'AY 16/17 Sem 2');
INSERT INTO studentPlans VALUES('E2000006B', FALSE, 'CG3204L', 'AY 16/17 Sem 2');
INSERT INTO studentPlans VALUES('E2000006B', FALSE, 'CS3219', 'AY 17/18 Sem 1');
INSERT INTO studentPlans VALUES('E2000006B', FALSE, 'CS4231', 'AY 17/18 Sem 1');
INSERT INTO studentPlans VALUES('E2000006B', FALSE, 'CS3205', 'AY 17/18 Sem 1');
INSERT INTO studentPlans VALUES('E2000006B', FALSE, 'CS3233', 'AY 17/18 Sem 1');
INSERT INTO studentPlans VALUES('E2000006B', FALSE, 'CP3108A', 'AY 17/18 Sem 1');
INSERT INTO studentPlans VALUES('E2000006B', FALSE, 'CS3236', 'AY 17/18 Sem 2');
INSERT INTO studentPlans VALUES('E2000006B', FALSE, 'CS4215', 'AY 17/18 Sem 2');
INSERT INTO studentPlans VALUES('E2000006B', FALSE, 'CP3101', 'AY 17/18 Sem 2');
INSERT INTO studentPlans VALUES('E2000006B', FALSE, 'CS4214', 'AY 17/18 Sem 2');
INSERT INTO studentPlans VALUES('E2000006B', FALSE, 'CS3241', 'AY 17/18 Sem 2');

INSERT INTO student VALUES('E2000007B', 2);
INSERT INTO takesFocusArea VALUES('E2000007B', 'Visual Computing', NULL);
INSERT INTO studentPlans VALUES('E2000007B', TRUE, 'CS3215', 'AY 16/17 Sem 1');
INSERT INTO studentPlans VALUES('E2000007B', TRUE, 'CS2107', 'AY 16/17 Sem 1');
INSERT INTO studentPlans VALUES('E2000007B', TRUE, 'CP3109', 'AY 16/17 Sem 1');
INSERT INTO studentPlans VALUES('E2000007B', TRUE, 'CS2281', 'AY 16/17 Sem 1');
INSERT INTO studentPlans VALUES('E2000007B', TRUE, 'CS2010', 'AY 16/17 Sem 1');
INSERT INTO studentPlans VALUES('E2000007B', FALSE, 'IT2001', 'AY 16/17 Sem 2');
INSERT INTO studentPlans VALUES('E2000007B', FALSE, 'CS2106', 'AY 16/17 Sem 2');
INSERT INTO studentPlans VALUES('E2000007B', FALSE, 'CP2201', 'AY 16/17 Sem 2');
INSERT INTO studentPlans VALUES('E2000007B', FALSE, 'CS2103T', 'AY 16/17 Sem 2');
INSERT INTO studentPlans VALUES('E2000007B', FALSE, 'CS2100', 'AY 16/17 Sem 2');
INSERT INTO studentPlans VALUES('E2000007B', FALSE, 'CG3002', 'AY 17/18 Sem 1');
INSERT INTO studentPlans VALUES('E2000007B', FALSE, 'CP3881', 'AY 17/18 Sem 1');
INSERT INTO studentPlans VALUES('E2000007B', FALSE, 'CS3282', 'AY 17/18 Sem 1');
INSERT INTO studentPlans VALUES('E2000007B', FALSE, 'CS3226', 'AY 17/18 Sem 1');
INSERT INTO studentPlans VALUES('E2000007B', FALSE, 'CS4222', 'AY 17/18 Sem 1');
INSERT INTO studentPlans VALUES('E2000007B', FALSE, 'CP3209', 'AY 17/18 Sem 2');
INSERT INTO studentPlans VALUES('E2000007B', FALSE, 'CS3211', 'AY 17/18 Sem 2');
INSERT INTO studentPlans VALUES('E2000007B', FALSE, 'CS3283', 'AY 17/18 Sem 2');
INSERT INTO studentPlans VALUES('E2000007B', FALSE, 'CS3201', 'AY 17/18 Sem 2');
INSERT INTO studentPlans VALUES('E2000007B', FALSE, 'CS3343', 'AY 17/18 Sem 2');

INSERT INTO student VALUES('E2000008B', 2);
INSERT INTO takesFocusArea VALUES('E2000008B', 'Interactive Media', NULL);
INSERT INTO studentPlans VALUES('E2000008B', TRUE, 'CS2220', 'AY 16/17 Sem 1');
INSERT INTO studentPlans VALUES('E2000008B', TRUE, 'CS2309', 'AY 16/17 Sem 1');
INSERT INTO studentPlans VALUES('E2000008B', TRUE, 'CP2201', 'AY 16/17 Sem 1');
INSERT INTO studentPlans VALUES('E2000008B', TRUE, 'CG3204L', 'AY 16/17 Sem 1');
INSERT INTO studentPlans VALUES('E2000008B', TRUE, 'CS3202', 'AY 16/17 Sem 1');
INSERT INTO studentPlans VALUES('E2000008B', FALSE, 'CS3226', 'AY 16/17 Sem 2');
INSERT INTO studentPlans VALUES('E2000008B', FALSE, 'CS2104', 'AY 16/17 Sem 2');
INSERT INTO studentPlans VALUES('E2000008B', FALSE, 'CS2102', 'AY 16/17 Sem 2');
INSERT INTO studentPlans VALUES('E2000008B', FALSE, 'CS2105', 'AY 16/17 Sem 2');
INSERT INTO studentPlans VALUES('E2000008B', FALSE, 'CS2020', 'AY 16/17 Sem 2');
INSERT INTO studentPlans VALUES('E2000008B', FALSE, 'CS3212', 'AY 17/18 Sem 1');
INSERT INTO studentPlans VALUES('E2000008B', FALSE, 'CP3881', 'AY 17/18 Sem 1');
INSERT INTO studentPlans VALUES('E2000008B', FALSE, 'CS4239', 'AY 17/18 Sem 1');
INSERT INTO studentPlans VALUES('E2000008B', FALSE, 'CS3225', 'AY 17/18 Sem 1');
INSERT INTO studentPlans VALUES('E2000008B', FALSE, 'CS3343', 'AY 17/18 Sem 1');
INSERT INTO studentPlans VALUES('E2000008B', FALSE, 'CS3242', 'AY 17/18 Sem 2');
INSERT INTO studentPlans VALUES('E2000008B', FALSE, 'CS3249', 'AY 17/18 Sem 2');
INSERT INTO studentPlans VALUES('E2000008B', FALSE, 'CS3246', 'AY 17/18 Sem 2');
INSERT INTO studentPlans VALUES('E2000008B', FALSE, 'CP3101', 'AY 17/18 Sem 2');
INSERT INTO studentPlans VALUES('E2000008B', FALSE, 'CS3282', 'AY 17/18 Sem 2');

INSERT INTO student VALUES('E2000009B', 2);
INSERT INTO takesFocusArea VALUES('E2000009B', 'Interactive Media', NULL);
INSERT INTO studentPlans VALUES('E2000009B', TRUE, 'CS2103', 'AY 16/17 Sem 1');
INSERT INTO studentPlans VALUES('E2000009B', TRUE, 'CG2271', 'AY 16/17 Sem 1');
INSERT INTO studentPlans VALUES('E2000009B', TRUE, 'CS2309', 'AY 16/17 Sem 1');
INSERT INTO studentPlans VALUES('E2000009B', TRUE, 'CP3108B', 'AY 16/17 Sem 1');
INSERT INTO studentPlans VALUES('E2000009B', TRUE, 'CS2271', 'AY 16/17 Sem 1');
INSERT INTO studentPlans VALUES('E2000009B', FALSE, 'CS2107', 'AY 16/17 Sem 2');
INSERT INTO studentPlans VALUES('E2000009B', FALSE, 'CS3247', 'AY 16/17 Sem 2');
INSERT INTO studentPlans VALUES('E2000009B', FALSE, 'CS2106', 'AY 16/17 Sem 2');
INSERT INTO studentPlans VALUES('E2000009B', FALSE, 'CS2105', 'AY 16/17 Sem 2');
INSERT INTO studentPlans VALUES('E2000009B', FALSE, 'CS2101', 'AY 16/17 Sem 2');
INSERT INTO studentPlans VALUES('E2000009B', FALSE, 'CS3215', 'AY 17/18 Sem 1');
INSERT INTO studentPlans VALUES('E2000009B', FALSE, 'CS4244', 'AY 17/18 Sem 1');
INSERT INTO studentPlans VALUES('E2000009B', FALSE, 'CS4226', 'AY 17/18 Sem 1');
INSERT INTO studentPlans VALUES('E2000009B', FALSE, 'CS3282', 'AY 17/18 Sem 1');
INSERT INTO studentPlans VALUES('E2000009B', FALSE, 'CS3245', 'AY 17/18 Sem 1');
INSERT INTO studentPlans VALUES('E2000009B', FALSE, 'CS3281', 'AY 17/18 Sem 2');
INSERT INTO studentPlans VALUES('E2000009B', FALSE, 'CP3101A', 'AY 17/18 Sem 2');
INSERT INTO studentPlans VALUES('E2000009B', FALSE, 'CS3343', 'AY 17/18 Sem 2');
INSERT INTO studentPlans VALUES('E2000009B', FALSE, 'CS3201', 'AY 17/18 Sem 2');
INSERT INTO studentPlans VALUES('E2000009B', FALSE, 'CS3284', 'AY 17/18 Sem 2');

INSERT INTO student VALUES('E2000010B', 2);
INSERT INTO takesFocusArea VALUES('E2000010B', 'Interactive Media', NULL);
INSERT INTO studentPlans VALUES('E2000010B', TRUE, 'CS2103', 'AY 16/17 Sem 1');
INSERT INTO studentPlans VALUES('E2000010B', TRUE, 'IT2001', 'AY 16/17 Sem 1');
INSERT INTO studentPlans VALUES('E2000010B', TRUE, 'CS3225', 'AY 16/17 Sem 1');
INSERT INTO studentPlans VALUES('E2000010B', TRUE, 'CG2271', 'AY 16/17 Sem 1');
INSERT INTO studentPlans VALUES('E2000010B', TRUE, 'CS2101', 'AY 16/17 Sem 1');
INSERT INTO studentPlans VALUES('E2000010B', FALSE, 'CS2281', 'AY 16/17 Sem 2');
INSERT INTO studentPlans VALUES('E2000010B', FALSE, 'CS3235', 'AY 16/17 Sem 2');
INSERT INTO studentPlans VALUES('E2000010B', FALSE, 'CS2010', 'AY 16/17 Sem 2');
INSERT INTO studentPlans VALUES('E2000010B', FALSE, 'CP2201', 'AY 16/17 Sem 2');
INSERT INTO studentPlans VALUES('E2000010B', FALSE, 'CS2220', 'AY 16/17 Sem 2');
INSERT INTO studentPlans VALUES('E2000010B', FALSE, 'CS3220', 'AY 17/18 Sem 1');
INSERT INTO studentPlans VALUES('E2000010B', FALSE, 'CS3246', 'AY 17/18 Sem 1');
INSERT INTO studentPlans VALUES('E2000010B', FALSE, 'CP3101A', 'AY 17/18 Sem 1');
INSERT INTO studentPlans VALUES('E2000010B', FALSE, 'CS3211', 'AY 17/18 Sem 1');
INSERT INTO studentPlans VALUES('E2000010B', FALSE, 'CS3240', 'AY 17/18 Sem 1');
INSERT INTO studentPlans VALUES('E2000010B', FALSE, 'CS3210', 'AY 17/18 Sem 2');
INSERT INTO studentPlans VALUES('E2000010B', FALSE, 'CS3343', 'AY 17/18 Sem 2');
INSERT INTO studentPlans VALUES('E2000010B', FALSE, 'CS3219', 'AY 17/18 Sem 2');
INSERT INTO studentPlans VALUES('E2000010B', FALSE, 'CS4217', 'AY 17/18 Sem 2');
INSERT INTO studentPlans VALUES('E2000010B', FALSE, 'CS3243', 'AY 17/18 Sem 2');

INSERT INTO student VALUES('E2000011B', 2);
INSERT INTO takesFocusArea VALUES('E2000011B', 'Programming Languages', NULL);
INSERT INTO studentPlans VALUES('E2000011B', TRUE, 'IT2002', 'AY 16/17 Sem 1');
INSERT INTO studentPlans VALUES('E2000011B', TRUE, 'CS3212', 'AY 16/17 Sem 1');
INSERT INTO studentPlans VALUES('E2000011B', TRUE, 'CS2271', 'AY 16/17 Sem 1');
INSERT INTO studentPlans VALUES('E2000011B', TRUE, 'CS2309', 'AY 16/17 Sem 1');
INSERT INTO studentPlans VALUES('E2000011B', TRUE, 'CS3210', 'AY 16/17 Sem 1');
INSERT INTO studentPlans VALUES('E2000011B', FALSE, 'CS2220', 'AY 16/17 Sem 2');
INSERT INTO studentPlans VALUES('E2000011B', FALSE, 'CS3223', 'AY 16/17 Sem 2');
INSERT INTO studentPlans VALUES('E2000011B', FALSE, 'CS2104', 'AY 16/17 Sem 2');
INSERT INTO studentPlans VALUES('E2000011B', FALSE, 'CP3208', 'AY 16/17 Sem 2');
INSERT INTO studentPlans VALUES('E2000011B', FALSE, 'CS2105', 'AY 16/17 Sem 2');
INSERT INTO studentPlans VALUES('E2000011B', FALSE, 'CS3216', 'AY 17/18 Sem 1');
INSERT INTO studentPlans VALUES('E2000011B', FALSE, 'CS4232', 'AY 17/18 Sem 1');
INSERT INTO studentPlans VALUES('E2000011B', FALSE, 'CS4216', 'AY 17/18 Sem 1');
INSERT INTO studentPlans VALUES('E2000011B', FALSE, 'CS3282', 'AY 17/18 Sem 1');
INSERT INTO studentPlans VALUES('E2000011B', FALSE, 'CP3108A', 'AY 17/18 Sem 1');
INSERT INTO studentPlans VALUES('E2000011B', FALSE, 'CS3217', 'AY 17/18 Sem 2');
INSERT INTO studentPlans VALUES('E2000011B', FALSE, 'CS4214', 'AY 17/18 Sem 2');
INSERT INTO studentPlans VALUES('E2000011B', FALSE, 'CS3230', 'AY 17/18 Sem 2');
INSERT INTO studentPlans VALUES('E2000011B', FALSE, 'CP3101', 'AY 17/18 Sem 2');
INSERT INTO studentPlans VALUES('E2000011B', FALSE, 'CG3204L', 'AY 17/18 Sem 2');

INSERT INTO student VALUES('E2000012B', 2);
INSERT INTO takesFocusArea VALUES('E2000012B', 'Programming Languages', NULL);
INSERT INTO studentPlans VALUES('E2000012B', TRUE, 'IT2001', 'AY 16/17 Sem 1');
INSERT INTO studentPlans VALUES('E2000012B', TRUE, 'CS2281', 'AY 16/17 Sem 1');
INSERT INTO studentPlans VALUES('E2000012B', TRUE, 'CS2103T', 'AY 16/17 Sem 1');
INSERT INTO studentPlans VALUES('E2000012B', TRUE, 'CG2271', 'AY 16/17 Sem 1');
INSERT INTO studentPlans VALUES('E2000012B', TRUE, 'CS2010', 'AY 16/17 Sem 1');
INSERT INTO studentPlans VALUES('E2000012B', FALSE, 'CS2106', 'AY 16/17 Sem 2');
INSERT INTO studentPlans VALUES('E2000012B', FALSE, 'CS2104', 'AY 16/17 Sem 2');
INSERT INTO studentPlans VALUES('E2000012B', FALSE, 'CS2220', 'AY 16/17 Sem 2');
INSERT INTO studentPlans VALUES('E2000012B', FALSE, 'CS2271', 'AY 16/17 Sem 2');
INSERT INTO studentPlans VALUES('E2000012B', FALSE, 'CP2201', 'AY 16/17 Sem 2');
INSERT INTO studentPlans VALUES('E2000012B', FALSE, 'CS3211', 'AY 17/18 Sem 1');
INSERT INTO studentPlans VALUES('E2000012B', FALSE, 'CS4240', 'AY 17/18 Sem 1');
INSERT INTO studentPlans VALUES('E2000012B', FALSE, 'CS3242', 'AY 17/18 Sem 1');
INSERT INTO studentPlans VALUES('E2000012B', FALSE, 'CS3103L', 'AY 17/18 Sem 1');
INSERT INTO studentPlans VALUES('E2000012B', FALSE, 'CS4243', 'AY 17/18 Sem 1');
INSERT INTO studentPlans VALUES('E2000012B', FALSE, 'CS3247', 'AY 17/18 Sem 2');
INSERT INTO studentPlans VALUES('E2000012B', FALSE, 'CS3221', 'AY 17/18 Sem 2');
INSERT INTO studentPlans VALUES('E2000012B', FALSE, 'CS3234', 'AY 17/18 Sem 2');
INSERT INTO studentPlans VALUES('E2000012B', FALSE, 'CP3208', 'AY 17/18 Sem 2');
INSERT INTO studentPlans VALUES('E2000012B', FALSE, 'CS3220', 'AY 17/18 Sem 2');

INSERT INTO student VALUES('E2000013B', 2);
INSERT INTO takesFocusArea VALUES('E2000013B', 'Computer Security', NULL);
INSERT INTO studentPlans VALUES('E2000013B', TRUE, 'CP2201', 'AY 16/17 Sem 1');
INSERT INTO studentPlans VALUES('E2000013B', TRUE, 'CS2102', 'AY 16/17 Sem 1');
INSERT INTO studentPlans VALUES('E2000013B', TRUE, 'CS3213', 'AY 16/17 Sem 1');
INSERT INTO studentPlans VALUES('E2000013B', TRUE, 'CS2105', 'AY 16/17 Sem 1');
INSERT INTO studentPlans VALUES('E2000013B', TRUE, 'CS2107', 'AY 16/17 Sem 1');
INSERT INTO studentPlans VALUES('E2000013B', FALSE, 'CS2104', 'AY 16/17 Sem 2');
INSERT INTO studentPlans VALUES('E2000013B', FALSE, 'IT2001', 'AY 16/17 Sem 2');
INSERT INTO studentPlans VALUES('E2000013B', FALSE, 'CS3343', 'AY 16/17 Sem 2');
INSERT INTO studentPlans VALUES('E2000013B', FALSE, 'CS2100', 'AY 16/17 Sem 2');
INSERT INTO studentPlans VALUES('E2000013B', FALSE, 'CS2010', 'AY 16/17 Sem 2');
INSERT INTO studentPlans VALUES('E2000013B', FALSE, 'CS4231', 'AY 17/18 Sem 1');
INSERT INTO studentPlans VALUES('E2000013B', FALSE, 'CS3246', 'AY 17/18 Sem 1');
INSERT INTO studentPlans VALUES('E2000013B', FALSE, 'CP3881', 'AY 17/18 Sem 1');
INSERT INTO studentPlans VALUES('E2000013B', FALSE, 'CS3282', 'AY 17/18 Sem 1');
INSERT INTO studentPlans VALUES('E2000013B', FALSE, 'CS3242', 'AY 17/18 Sem 1');
INSERT INTO studentPlans VALUES('E2000013B', FALSE, 'CS3212', 'AY 17/18 Sem 2');
INSERT INTO studentPlans VALUES('E2000013B', FALSE, 'CS4238', 'AY 17/18 Sem 2');
INSERT INTO studentPlans VALUES('E2000013B', FALSE, 'CS4220', 'AY 17/18 Sem 2');
INSERT INTO studentPlans VALUES('E2000013B', FALSE, 'CS3236', 'AY 17/18 Sem 2');
INSERT INTO studentPlans VALUES('E2000013B', FALSE, 'CS3249', 'AY 17/18 Sem 2');

INSERT INTO student VALUES('E2000014B', 2);
INSERT INTO takesFocusArea VALUES('E2000014B', 'Visual Computing', NULL);
INSERT INTO studentPlans VALUES('E2000014B', TRUE, 'CS2102', 'AY 16/17 Sem 1');
INSERT INTO studentPlans VALUES('E2000014B', TRUE, 'CS3212', 'AY 16/17 Sem 1');
INSERT INTO studentPlans VALUES('E2000014B', TRUE, 'CS2105', 'AY 16/17 Sem 1');
INSERT INTO studentPlans VALUES('E2000014B', TRUE, 'CS2271', 'AY 16/17 Sem 1');
INSERT INTO studentPlans VALUES('E2000014B', TRUE, 'CS2020', 'AY 16/17 Sem 1');
INSERT INTO studentPlans VALUES('E2000014B', FALSE, 'IT2002', 'AY 16/17 Sem 2');
INSERT INTO studentPlans VALUES('E2000014B', FALSE, 'CS2104', 'AY 16/17 Sem 2');
INSERT INTO studentPlans VALUES('E2000014B', FALSE, 'CS2100', 'AY 16/17 Sem 2');
INSERT INTO studentPlans VALUES('E2000014B', FALSE, 'CS2010', 'AY 16/17 Sem 2');
INSERT INTO studentPlans VALUES('E2000014B', FALSE, 'CS2106', 'AY 16/17 Sem 2');
INSERT INTO studentPlans VALUES('E2000014B', FALSE, 'CP3200', 'AY 17/18 Sem 1');
INSERT INTO studentPlans VALUES('E2000014B', FALSE, 'CS4240', 'AY 17/18 Sem 1');
INSERT INTO studentPlans VALUES('E2000014B', FALSE, 'CS3245', 'AY 17/18 Sem 1');
INSERT INTO studentPlans VALUES('E2000014B', FALSE, 'CS3241', 'AY 17/18 Sem 1');
INSERT INTO studentPlans VALUES('E2000014B', FALSE, 'CS4220', 'AY 17/18 Sem 1');
INSERT INTO studentPlans VALUES('E2000014B', FALSE, 'CS3249', 'AY 17/18 Sem 2');
INSERT INTO studentPlans VALUES('E2000014B', FALSE, 'CS3201', 'AY 17/18 Sem 2');
INSERT INTO studentPlans VALUES('E2000014B', FALSE, 'CS3243', 'AY 17/18 Sem 2');
INSERT INTO studentPlans VALUES('E2000014B', FALSE, 'CS3215', 'AY 17/18 Sem 2');
INSERT INTO studentPlans VALUES('E2000014B', FALSE, 'CP4101', 'AY 17/18 Sem 2');

INSERT INTO student VALUES('E2000015B', 2);
INSERT INTO takesFocusArea VALUES('E2000015B', 'Database Systems', NULL);
INSERT INTO studentPlans VALUES('E2000015B', TRUE, 'CS2010', 'AY 16/17 Sem 1');
INSERT INTO studentPlans VALUES('E2000015B', TRUE, 'CS2104', 'AY 16/17 Sem 1');
INSERT INTO studentPlans VALUES('E2000015B', TRUE, 'CS3233', 'AY 16/17 Sem 1');
INSERT INTO studentPlans VALUES('E2000015B', TRUE, 'CS2102', 'AY 16/17 Sem 1');
INSERT INTO studentPlans VALUES('E2000015B', TRUE, 'CG3002', 'AY 16/17 Sem 1');
INSERT INTO studentPlans VALUES('E2000015B', FALSE, 'CS2108', 'AY 16/17 Sem 2');
INSERT INTO studentPlans VALUES('E2000015B', FALSE, 'CS2106', 'AY 16/17 Sem 2');
INSERT INTO studentPlans VALUES('E2000015B', FALSE, 'IT2002', 'AY 16/17 Sem 2');
INSERT INTO studentPlans VALUES('E2000015B', FALSE, 'CS2105', 'AY 16/17 Sem 2');
INSERT INTO studentPlans VALUES('E2000015B', FALSE, 'CS2309', 'AY 16/17 Sem 2');
INSERT INTO studentPlans VALUES('E2000015B', FALSE, 'CS3220', 'AY 17/18 Sem 1');
INSERT INTO studentPlans VALUES('E2000015B', FALSE, 'CS3234', 'AY 17/18 Sem 1');
INSERT INTO studentPlans VALUES('E2000015B', FALSE, 'CP3880', 'AY 17/18 Sem 1');
INSERT INTO studentPlans VALUES('E2000015B', FALSE, 'CS3103', 'AY 17/18 Sem 1');
INSERT INTO studentPlans VALUES('E2000015B', FALSE, 'CS3243', 'AY 17/18 Sem 1');
INSERT INTO studentPlans VALUES('E2000015B', FALSE, 'CS4221', 'AY 17/18 Sem 2');
INSERT INTO studentPlans VALUES('E2000015B', FALSE, 'CS3223', 'AY 17/18 Sem 2');
INSERT INTO studentPlans VALUES('E2000015B', FALSE, 'CS3217', 'AY 17/18 Sem 2');
INSERT INTO studentPlans VALUES('E2000015B', FALSE, 'CS4226', 'AY 17/18 Sem 2');
INSERT INTO studentPlans VALUES('E2000015B', FALSE, 'CP3202', 'AY 17/18 Sem 2');

INSERT INTO student VALUES('E2000016B', 2);
INSERT INTO takesFocusArea VALUES('E2000016B', 'Database Systems', NULL);
INSERT INTO studentPlans VALUES('E2000016B', TRUE, 'IT2002', 'AY 16/17 Sem 1');
INSERT INTO studentPlans VALUES('E2000016B', TRUE, 'IT2001', 'AY 16/17 Sem 1');
INSERT INTO studentPlans VALUES('E2000016B', TRUE, 'CS2103T', 'AY 16/17 Sem 1');
INSERT INTO studentPlans VALUES('E2000016B', TRUE, 'CS2101', 'AY 16/17 Sem 1');
INSERT INTO studentPlans VALUES('E2000016B', TRUE, 'CS3244', 'AY 16/17 Sem 1');
INSERT INTO studentPlans VALUES('E2000016B', FALSE, 'CS2271', 'AY 16/17 Sem 2');
INSERT INTO studentPlans VALUES('E2000016B', FALSE, 'CS2309', 'AY 16/17 Sem 2');
INSERT INTO studentPlans VALUES('E2000016B', FALSE, 'CS2220', 'AY 16/17 Sem 2');
INSERT INTO studentPlans VALUES('E2000016B', FALSE, 'CS2020', 'AY 16/17 Sem 2');
INSERT INTO studentPlans VALUES('E2000016B', FALSE, 'CS2106', 'AY 16/17 Sem 2');
INSERT INTO studentPlans VALUES('E2000016B', FALSE, 'CS3271', 'AY 17/18 Sem 1');
INSERT INTO studentPlans VALUES('E2000016B', FALSE, 'CS4216', 'AY 17/18 Sem 1');
INSERT INTO studentPlans VALUES('E2000016B', FALSE, 'CP3108B', 'AY 17/18 Sem 1');
INSERT INTO studentPlans VALUES('E2000016B', FALSE, 'CG3204L', 'AY 17/18 Sem 1');
INSERT INTO studentPlans VALUES('E2000016B', FALSE, 'CS3211', 'AY 17/18 Sem 1');
INSERT INTO studentPlans VALUES('E2000016B', FALSE, 'CS3243', 'AY 17/18 Sem 2');
INSERT INTO studentPlans VALUES('E2000016B', FALSE, 'CS3343', 'AY 17/18 Sem 2');
INSERT INTO studentPlans VALUES('E2000016B', FALSE, 'CS4246', 'AY 17/18 Sem 2');
INSERT INTO studentPlans VALUES('E2000016B', FALSE, 'CS3205', 'AY 17/18 Sem 2');
INSERT INTO studentPlans VALUES('E2000016B', FALSE, 'CS4880', 'AY 17/18 Sem 2');

INSERT INTO student VALUES('E2000017B', 2);
INSERT INTO takesFocusArea VALUES('E2000017B', 'Programming Languages', NULL);
INSERT INTO studentPlans VALUES('E2000017B', TRUE, 'CS2108', 'AY 16/17 Sem 1');
INSERT INTO studentPlans VALUES('E2000017B', TRUE, 'CS2103', 'AY 16/17 Sem 1');
INSERT INTO studentPlans VALUES('E2000017B', TRUE, 'IT2002', 'AY 16/17 Sem 1');
INSERT INTO studentPlans VALUES('E2000017B', TRUE, 'CG2271', 'AY 16/17 Sem 1');
INSERT INTO studentPlans VALUES('E2000017B', TRUE, 'CS2281', 'AY 16/17 Sem 1');
INSERT INTO studentPlans VALUES('E2000017B', FALSE, 'IT2001', 'AY 16/17 Sem 2');
INSERT INTO studentPlans VALUES('E2000017B', FALSE, 'CS2010', 'AY 16/17 Sem 2');
INSERT INTO studentPlans VALUES('E2000017B', FALSE, 'CS2101', 'AY 16/17 Sem 2');
INSERT INTO studentPlans VALUES('E2000017B', FALSE, 'CS2105', 'AY 16/17 Sem 2');
INSERT INTO studentPlans VALUES('E2000017B', FALSE, 'CS2106', 'AY 16/17 Sem 2');
INSERT INTO studentPlans VALUES('E2000017B', FALSE, 'CS3216', 'AY 17/18 Sem 1');
INSERT INTO studentPlans VALUES('E2000017B', FALSE, 'CS3271', 'AY 17/18 Sem 1');
INSERT INTO studentPlans VALUES('E2000017B', FALSE, 'CS4347', 'AY 17/18 Sem 1');
INSERT INTO studentPlans VALUES('E2000017B', FALSE, 'CS3243', 'AY 17/18 Sem 1');
INSERT INTO studentPlans VALUES('E2000017B', FALSE, 'CS3205', 'AY 17/18 Sem 1');
INSERT INTO studentPlans VALUES('E2000017B', FALSE, 'CS3234', 'AY 17/18 Sem 2');
INSERT INTO studentPlans VALUES('E2000017B', FALSE, 'CS4249', 'AY 17/18 Sem 2');
INSERT INTO studentPlans VALUES('E2000017B', FALSE, 'CS4225', 'AY 17/18 Sem 2');
INSERT INTO studentPlans VALUES('E2000017B', FALSE, 'CP3201', 'AY 17/18 Sem 2');
INSERT INTO studentPlans VALUES('E2000017B', FALSE, 'CP4101', 'AY 17/18 Sem 2');

INSERT INTO student VALUES('E2000018B', 2);
INSERT INTO takesFocusArea VALUES('E2000018B', 'Programming Languages', NULL);
INSERT INTO studentPlans VALUES('E2000018B', TRUE, 'CS3244', 'AY 16/17 Sem 1');
INSERT INTO studentPlans VALUES('E2000018B', TRUE, 'CS2105', 'AY 16/17 Sem 1');
INSERT INTO studentPlans VALUES('E2000018B', TRUE, 'CS2108', 'AY 16/17 Sem 1');
INSERT INTO studentPlans VALUES('E2000018B', TRUE, 'CG2271', 'AY 16/17 Sem 1');
INSERT INTO studentPlans VALUES('E2000018B', TRUE, 'CP2201', 'AY 16/17 Sem 1');
INSERT INTO studentPlans VALUES('E2000018B', FALSE, 'CS2020', 'AY 16/17 Sem 2');
INSERT INTO studentPlans VALUES('E2000018B', FALSE, 'CS2100', 'AY 16/17 Sem 2');
INSERT INTO studentPlans VALUES('E2000018B', FALSE, 'CS2010', 'AY 16/17 Sem 2');
INSERT INTO studentPlans VALUES('E2000018B', FALSE, 'CS2101', 'AY 16/17 Sem 2');
INSERT INTO studentPlans VALUES('E2000018B', FALSE, 'CS2104', 'AY 16/17 Sem 2');
INSERT INTO studentPlans VALUES('E2000018B', FALSE, 'CS3218', 'AY 17/18 Sem 1');
INSERT INTO studentPlans VALUES('E2000018B', FALSE, 'CS3240', 'AY 17/18 Sem 1');
INSERT INTO studentPlans VALUES('E2000018B', FALSE, 'CP3208', 'AY 17/18 Sem 1');
INSERT INTO studentPlans VALUES('E2000018B', FALSE, 'CP3881', 'AY 17/18 Sem 1');
INSERT INTO studentPlans VALUES('E2000018B', FALSE, 'CS3215', 'AY 17/18 Sem 1');
INSERT INTO studentPlans VALUES('E2000018B', FALSE, 'XFC4101', 'AY 17/18 Sem 2');
INSERT INTO studentPlans VALUES('E2000018B', FALSE, 'CS3201', 'AY 17/18 Sem 2');
INSERT INTO studentPlans VALUES('E2000018B', FALSE, 'CS3282', 'AY 17/18 Sem 2');
INSERT INTO studentPlans VALUES('E2000018B', FALSE, 'CS4224', 'AY 17/18 Sem 2');
INSERT INTO studentPlans VALUES('E2000018B', FALSE, 'CS3205', 'AY 17/18 Sem 2');

INSERT INTO student VALUES('E2000019B', 2);
INSERT INTO takesFocusArea VALUES('E2000019B', 'Programming Languages', NULL);
INSERT INTO studentPlans VALUES('E2000019B', TRUE, 'CS2106', 'AY 16/17 Sem 1');
INSERT INTO studentPlans VALUES('E2000019B', TRUE, 'CS3882', 'AY 16/17 Sem 1');
INSERT INTO studentPlans VALUES('E2000019B', TRUE, 'CS2100', 'AY 16/17 Sem 1');
INSERT INTO studentPlans VALUES('E2000019B', TRUE, 'CS2103T', 'AY 16/17 Sem 1');
INSERT INTO studentPlans VALUES('E2000019B', TRUE, 'CS2107', 'AY 16/17 Sem 1');
INSERT INTO studentPlans VALUES('E2000019B', FALSE, 'CS2220', 'AY 16/17 Sem 2');
INSERT INTO studentPlans VALUES('E2000019B', FALSE, 'IT2001', 'AY 16/17 Sem 2');
INSERT INTO studentPlans VALUES('E2000019B', FALSE, 'CS2104', 'AY 16/17 Sem 2');
INSERT INTO studentPlans VALUES('E2000019B', FALSE, 'CP2201', 'AY 16/17 Sem 2');
INSERT INTO studentPlans VALUES('E2000019B', FALSE, 'CS2271', 'AY 16/17 Sem 2');
INSERT INTO studentPlans VALUES('E2000019B', FALSE, 'CS3215', 'AY 17/18 Sem 1');
INSERT INTO studentPlans VALUES('E2000019B', FALSE, 'CS3245', 'AY 17/18 Sem 1');
INSERT INTO studentPlans VALUES('E2000019B', FALSE, 'CP3881', 'AY 17/18 Sem 1');
INSERT INTO studentPlans VALUES('E2000019B', FALSE, 'CP3108A', 'AY 17/18 Sem 1');
INSERT INTO studentPlans VALUES('E2000019B', FALSE, 'CS3234', 'AY 17/18 Sem 1');
INSERT INTO studentPlans VALUES('E2000019B', FALSE, 'CS3282', 'AY 17/18 Sem 2');
INSERT INTO studentPlans VALUES('E2000019B', FALSE, 'CS4275', 'AY 17/18 Sem 2');
INSERT INTO studentPlans VALUES('E2000019B', FALSE, 'CP3880', 'AY 17/18 Sem 2');
INSERT INTO studentPlans VALUES('E2000019B', FALSE, 'CS3223', 'AY 17/18 Sem 2');
INSERT INTO studentPlans VALUES('E2000019B', FALSE, 'CS3271', 'AY 17/18 Sem 2');

INSERT INTO student VALUES('E2000020B', 2);
INSERT INTO takesFocusArea VALUES('E2000020B', 'Database Systems', NULL);
INSERT INTO studentPlans VALUES('E2000020B', TRUE, 'CS2102', 'AY 16/17 Sem 1');
INSERT INTO studentPlans VALUES('E2000020B', TRUE, 'CG2271', 'AY 16/17 Sem 1');
INSERT INTO studentPlans VALUES('E2000020B', TRUE, 'CS3284', 'AY 16/17 Sem 1');
INSERT INTO studentPlans VALUES('E2000020B', TRUE, 'CS2107', 'AY 16/17 Sem 1');
INSERT INTO studentPlans VALUES('E2000020B', TRUE, 'IT2001', 'AY 16/17 Sem 1');
INSERT INTO studentPlans VALUES('E2000020B', FALSE, 'CS2103T', 'AY 16/17 Sem 2');
INSERT INTO studentPlans VALUES('E2000020B', FALSE, 'CS2100', 'AY 16/17 Sem 2');
INSERT INTO studentPlans VALUES('E2000020B', FALSE, 'CS2020', 'AY 16/17 Sem 2');
INSERT INTO studentPlans VALUES('E2000020B', FALSE, 'CS2010', 'AY 16/17 Sem 2');
INSERT INTO studentPlans VALUES('E2000020B', FALSE, 'CS2105', 'AY 16/17 Sem 2');
INSERT INTO studentPlans VALUES('E2000020B', FALSE, 'CS4243', 'AY 17/18 Sem 1');
INSERT INTO studentPlans VALUES('E2000020B', FALSE, 'CS3220', 'AY 17/18 Sem 1');
INSERT INTO studentPlans VALUES('E2000020B', FALSE, 'CS3283', 'AY 17/18 Sem 1');
INSERT INTO studentPlans VALUES('E2000020B', FALSE, 'CP3108B', 'AY 17/18 Sem 1');
INSERT INTO studentPlans VALUES('E2000020B', FALSE, 'CS3226', 'AY 17/18 Sem 1');
INSERT INTO studentPlans VALUES('E2000020B', FALSE, 'CS3103L', 'AY 17/18 Sem 2');
INSERT INTO studentPlans VALUES('E2000020B', FALSE, 'CS3246', 'AY 17/18 Sem 2');
INSERT INTO studentPlans VALUES('E2000020B', FALSE, 'CG3002', 'AY 17/18 Sem 2');
INSERT INTO studentPlans VALUES('E2000020B', FALSE, 'CP3201', 'AY 17/18 Sem 2');
INSERT INTO studentPlans VALUES('E2000020B', FALSE, 'CS3218', 'AY 17/18 Sem 2');

INSERT INTO student VALUES('E2000021B', 2);
INSERT INTO takesFocusArea VALUES('E2000021B', 'Software Engineering', NULL);
INSERT INTO studentPlans VALUES('E2000021B', TRUE, 'CS2220', 'AY 16/17 Sem 1');
INSERT INTO studentPlans VALUES('E2000021B', TRUE, 'CS2103', 'AY 16/17 Sem 1');
INSERT INTO studentPlans VALUES('E2000021B', TRUE, 'CS2102', 'AY 16/17 Sem 1');
INSERT INTO studentPlans VALUES('E2000021B', TRUE, 'CS2020', 'AY 16/17 Sem 1');
INSERT INTO studentPlans VALUES('E2000021B', TRUE, 'CS2271', 'AY 16/17 Sem 1');
INSERT INTO studentPlans VALUES('E2000021B', FALSE, 'CS2281', 'AY 16/17 Sem 2');
INSERT INTO studentPlans VALUES('E2000021B', FALSE, 'CS2108', 'AY 16/17 Sem 2');
INSERT INTO studentPlans VALUES('E2000021B', FALSE, 'CP3106', 'AY 16/17 Sem 2');
INSERT INTO studentPlans VALUES('E2000021B', FALSE, 'CP2201', 'AY 16/17 Sem 2');
INSERT INTO studentPlans VALUES('E2000021B', FALSE, 'CS2104', 'AY 16/17 Sem 2');
INSERT INTO studentPlans VALUES('E2000021B', FALSE, 'CS3246', 'AY 17/18 Sem 1');
INSERT INTO studentPlans VALUES('E2000021B', FALSE, 'CS3247', 'AY 17/18 Sem 1');
INSERT INTO studentPlans VALUES('E2000021B', FALSE, 'CS4235', 'AY 17/18 Sem 1');
INSERT INTO studentPlans VALUES('E2000021B', FALSE, 'CS4275', 'AY 17/18 Sem 1');
INSERT INTO studentPlans VALUES('E2000021B', FALSE, 'CS3212', 'AY 17/18 Sem 1');
INSERT INTO studentPlans VALUES('E2000021B', FALSE, 'CS3233', 'AY 17/18 Sem 2');
INSERT INTO studentPlans VALUES('E2000021B', FALSE, 'CP3208', 'AY 17/18 Sem 2');
INSERT INTO studentPlans VALUES('E2000021B', FALSE, 'CS3103L', 'AY 17/18 Sem 2');
INSERT INTO studentPlans VALUES('E2000021B', FALSE, 'CS3271', 'AY 17/18 Sem 2');
INSERT INTO studentPlans VALUES('E2000021B', FALSE, 'CS4217', 'AY 17/18 Sem 2');

INSERT INTO student VALUES('E2000022B', 2);
INSERT INTO takesFocusArea VALUES('E2000022B', 'Computer Security', NULL);
INSERT INTO studentPlans VALUES('E2000022B', TRUE, 'CS2103', 'AY 16/17 Sem 1');
INSERT INTO studentPlans VALUES('E2000022B', TRUE, 'CS2220', 'AY 16/17 Sem 1');
INSERT INTO studentPlans VALUES('E2000022B', TRUE, 'CS3213', 'AY 16/17 Sem 1');
INSERT INTO studentPlans VALUES('E2000022B', TRUE, 'CG2271', 'AY 16/17 Sem 1');
INSERT INTO studentPlans VALUES('E2000022B', TRUE, 'CS2105', 'AY 16/17 Sem 1');
INSERT INTO studentPlans VALUES('E2000022B', FALSE, 'CS2100', 'AY 16/17 Sem 2');
INSERT INTO studentPlans VALUES('E2000022B', FALSE, 'CS2309', 'AY 16/17 Sem 2');
INSERT INTO studentPlans VALUES('E2000022B', FALSE, 'CS2106', 'AY 16/17 Sem 2');
INSERT INTO studentPlans VALUES('E2000022B', FALSE, 'CS2010', 'AY 16/17 Sem 2');
INSERT INTO studentPlans VALUES('E2000022B', FALSE, 'CS3246', 'AY 16/17 Sem 2');
INSERT INTO studentPlans VALUES('E2000022B', FALSE, 'CS3235', 'AY 17/18 Sem 1');
INSERT INTO studentPlans VALUES('E2000022B', FALSE, 'CS3281', 'AY 17/18 Sem 1');
INSERT INTO studentPlans VALUES('E2000022B', FALSE, 'CP3108A', 'AY 17/18 Sem 1');
INSERT INTO studentPlans VALUES('E2000022B', FALSE, 'CS3249', 'AY 17/18 Sem 1');
INSERT INTO studentPlans VALUES('E2000022B', FALSE, 'CS3218', 'AY 17/18 Sem 1');
INSERT INTO studentPlans VALUES('E2000022B', FALSE, 'CS3221', 'AY 17/18 Sem 2');
INSERT INTO studentPlans VALUES('E2000022B', FALSE, 'CS3223', 'AY 17/18 Sem 2');
INSERT INTO studentPlans VALUES('E2000022B', FALSE, 'CP3106', 'AY 17/18 Sem 2');
INSERT INTO studentPlans VALUES('E2000022B', FALSE, 'CS3226', 'AY 17/18 Sem 2');
INSERT INTO studentPlans VALUES('E2000022B', FALSE, 'CS4215', 'AY 17/18 Sem 2');

INSERT INTO student VALUES('E2000023B', 2);
INSERT INTO takesFocusArea VALUES('E2000023B', 'Interactive Media', NULL);
INSERT INTO studentPlans VALUES('E2000023B', TRUE, 'CS2108', 'AY 16/17 Sem 1');
INSERT INTO studentPlans VALUES('E2000023B', TRUE, 'CS3103L', 'AY 16/17 Sem 1');
INSERT INTO studentPlans VALUES('E2000023B', TRUE, 'CS2107', 'AY 16/17 Sem 1');
INSERT INTO studentPlans VALUES('E2000023B', TRUE, 'CS3247', 'AY 16/17 Sem 1');
INSERT INTO studentPlans VALUES('E2000023B', TRUE, 'CS2103T', 'AY 16/17 Sem 1');
INSERT INTO studentPlans VALUES('E2000023B', FALSE, 'CS2020', 'AY 16/17 Sem 2');
INSERT INTO studentPlans VALUES('E2000023B', FALSE, 'CS3236', 'AY 16/17 Sem 2');
INSERT INTO studentPlans VALUES('E2000023B', FALSE, 'CS2100', 'AY 16/17 Sem 2');
INSERT INTO studentPlans VALUES('E2000023B', FALSE, 'CS2281', 'AY 16/17 Sem 2');
INSERT INTO studentPlans VALUES('E2000023B', FALSE, 'CS2271', 'AY 16/17 Sem 2');
INSERT INTO studentPlans VALUES('E2000023B', FALSE, 'CS3226', 'AY 17/18 Sem 1');
INSERT INTO studentPlans VALUES('E2000023B', FALSE, 'CS3244', 'AY 17/18 Sem 1');
INSERT INTO studentPlans VALUES('E2000023B', FALSE, 'CS3284', 'AY 17/18 Sem 1');
INSERT INTO studentPlans VALUES('E2000023B', FALSE, 'CS3246', 'AY 17/18 Sem 1');
INSERT INTO studentPlans VALUES('E2000023B', FALSE, 'CS4216', 'AY 17/18 Sem 1');
INSERT INTO studentPlans VALUES('E2000023B', FALSE, 'CP3881', 'AY 17/18 Sem 2');
INSERT INTO studentPlans VALUES('E2000023B', FALSE, 'CS4223', 'AY 17/18 Sem 2');
INSERT INTO studentPlans VALUES('E2000023B', FALSE, 'CS3281', 'AY 17/18 Sem 2');
INSERT INTO studentPlans VALUES('E2000023B', FALSE, 'CP3101', 'AY 17/18 Sem 2');
INSERT INTO studentPlans VALUES('E2000023B', FALSE, 'CP3202', 'AY 17/18 Sem 2');

INSERT INTO student VALUES('E2000024B', 2);
INSERT INTO takesFocusArea VALUES('E2000024B', 'Multimedia Information Retrieval', NULL);
INSERT INTO studentPlans VALUES('E2000024B', TRUE, 'CS2102', 'AY 16/17 Sem 1');
INSERT INTO studentPlans VALUES('E2000024B', TRUE, 'CS2106', 'AY 16/17 Sem 1');
INSERT INTO studentPlans VALUES('E2000024B', TRUE, 'CS2010', 'AY 16/17 Sem 1');
INSERT INTO studentPlans VALUES('E2000024B', TRUE, 'CS2107', 'AY 16/17 Sem 1');
INSERT INTO studentPlans VALUES('E2000024B', TRUE, 'CS3247', 'AY 16/17 Sem 1');
INSERT INTO studentPlans VALUES('E2000024B', FALSE, 'CS2220', 'AY 16/17 Sem 2');
INSERT INTO studentPlans VALUES('E2000024B', FALSE, 'CP2201', 'AY 16/17 Sem 2');
INSERT INTO studentPlans VALUES('E2000024B', FALSE, 'CS2271', 'AY 16/17 Sem 2');
INSERT INTO studentPlans VALUES('E2000024B', FALSE, 'CS2100', 'AY 16/17 Sem 2');
INSERT INTO studentPlans VALUES('E2000024B', FALSE, 'CS2103T', 'AY 16/17 Sem 2');
INSERT INTO studentPlans VALUES('E2000024B', FALSE, 'CP3101A', 'AY 17/18 Sem 1');
INSERT INTO studentPlans VALUES('E2000024B', FALSE, 'CS3271', 'AY 17/18 Sem 1');
INSERT INTO studentPlans VALUES('E2000024B', FALSE, 'CS4231', 'AY 17/18 Sem 1');
INSERT INTO studentPlans VALUES('E2000024B', FALSE, 'CS4236', 'AY 17/18 Sem 1');
INSERT INTO studentPlans VALUES('E2000024B', FALSE, 'CS4347', 'AY 17/18 Sem 1');
INSERT INTO studentPlans VALUES('E2000024B', FALSE, 'CS3201', 'AY 17/18 Sem 2');
INSERT INTO studentPlans VALUES('E2000024B', FALSE, 'CS3103', 'AY 17/18 Sem 2');
INSERT INTO studentPlans VALUES('E2000024B', FALSE, 'CS4340', 'AY 17/18 Sem 2');
INSERT INTO studentPlans VALUES('E2000024B', FALSE, 'CS3244', 'AY 17/18 Sem 2');
INSERT INTO studentPlans VALUES('E2000024B', FALSE, 'CP3101', 'AY 17/18 Sem 2');

INSERT INTO student VALUES('E2000025B', 2);
INSERT INTO takesFocusArea VALUES('E2000025B', 'Multimedia Information Retrieval', NULL);
INSERT INTO studentPlans VALUES('E2000025B', TRUE, 'CS2101', 'AY 16/17 Sem 1');
INSERT INTO studentPlans VALUES('E2000025B', TRUE, 'CS2107', 'AY 16/17 Sem 1');
INSERT INTO studentPlans VALUES('E2000025B', TRUE, 'CS2010', 'AY 16/17 Sem 1');
INSERT INTO studentPlans VALUES('E2000025B', TRUE, 'CS2281', 'AY 16/17 Sem 1');
INSERT INTO studentPlans VALUES('E2000025B', TRUE, 'CS2105', 'AY 16/17 Sem 1');
INSERT INTO studentPlans VALUES('E2000025B', FALSE, 'CS2220', 'AY 16/17 Sem 2');
INSERT INTO studentPlans VALUES('E2000025B', FALSE, 'CS2108', 'AY 16/17 Sem 2');
INSERT INTO studentPlans VALUES('E2000025B', FALSE, 'CS3240', 'AY 16/17 Sem 2');
INSERT INTO studentPlans VALUES('E2000025B', FALSE, 'CG2271', 'AY 16/17 Sem 2');
INSERT INTO studentPlans VALUES('E2000025B', FALSE, 'CS2106', 'AY 16/17 Sem 2');
INSERT INTO studentPlans VALUES('E2000025B', FALSE, 'CP3208', 'AY 17/18 Sem 1');
INSERT INTO studentPlans VALUES('E2000025B', FALSE, 'CS3210', 'AY 17/18 Sem 1');
INSERT INTO studentPlans VALUES('E2000025B', FALSE, 'CG3002', 'AY 17/18 Sem 1');
INSERT INTO studentPlans VALUES('E2000025B', FALSE, 'CP3109', 'AY 17/18 Sem 1');
INSERT INTO studentPlans VALUES('E2000025B', FALSE, 'CS3213', 'AY 17/18 Sem 1');
INSERT INTO studentPlans VALUES('E2000025B', FALSE, 'CS3236', 'AY 17/18 Sem 2');
INSERT INTO studentPlans VALUES('E2000025B', FALSE, 'CS3882', 'AY 17/18 Sem 2');
INSERT INTO studentPlans VALUES('E2000025B', FALSE, 'CS3284', 'AY 17/18 Sem 2');
INSERT INTO studentPlans VALUES('E2000025B', FALSE, 'CS3201', 'AY 17/18 Sem 2');
INSERT INTO studentPlans VALUES('E2000025B', FALSE, 'CS3249', 'AY 17/18 Sem 2');

INSERT INTO student VALUES('E2000026B', 2);
INSERT INTO takesFocusArea VALUES('E2000026B', 'Computer Graphics and Games', NULL);
INSERT INTO studentPlans VALUES('E2000026B', TRUE, 'CS2100', 'AY 16/17 Sem 1');
INSERT INTO studentPlans VALUES('E2000026B', TRUE, 'CS2108', 'AY 16/17 Sem 1');
INSERT INTO studentPlans VALUES('E2000026B', TRUE, 'CS3225', 'AY 16/17 Sem 1');
INSERT INTO studentPlans VALUES('E2000026B', TRUE, 'CP3880', 'AY 16/17 Sem 1');
INSERT INTO studentPlans VALUES('E2000026B', TRUE, 'CP2201', 'AY 16/17 Sem 1');
INSERT INTO studentPlans VALUES('E2000026B', FALSE, 'CS2309', 'AY 16/17 Sem 2');
INSERT INTO studentPlans VALUES('E2000026B', FALSE, 'IT2001', 'AY 16/17 Sem 2');
INSERT INTO studentPlans VALUES('E2000026B', FALSE, 'CS2281', 'AY 16/17 Sem 2');
INSERT INTO studentPlans VALUES('E2000026B', FALSE, 'CS3221', 'AY 16/17 Sem 2');
INSERT INTO studentPlans VALUES('E2000026B', FALSE, 'CS2101', 'AY 16/17 Sem 2');
INSERT INTO studentPlans VALUES('E2000026B', FALSE, 'CS3201', 'AY 17/18 Sem 1');
INSERT INTO studentPlans VALUES('E2000026B', FALSE, 'CS3284', 'AY 17/18 Sem 1');
INSERT INTO studentPlans VALUES('E2000026B', FALSE, 'CP3202', 'AY 17/18 Sem 1');
INSERT INTO studentPlans VALUES('E2000026B', FALSE, 'CS4880', 'AY 17/18 Sem 1');
INSERT INTO studentPlans VALUES('E2000026B', FALSE, 'CP3209', 'AY 17/18 Sem 1');
INSERT INTO studentPlans VALUES('E2000026B', FALSE, 'CS3217', 'AY 17/18 Sem 2');
INSERT INTO studentPlans VALUES('E2000026B', FALSE, 'CP3109', 'AY 17/18 Sem 2');
INSERT INTO studentPlans VALUES('E2000026B', FALSE, 'CS3240', 'AY 17/18 Sem 2');
INSERT INTO studentPlans VALUES('E2000026B', FALSE, 'CS3205', 'AY 17/18 Sem 2');
INSERT INTO studentPlans VALUES('E2000026B', FALSE, 'CS3233', 'AY 17/18 Sem 2');

INSERT INTO student VALUES('E2000027B', 2);
INSERT INTO takesFocusArea VALUES('E2000027B', 'Artificial Intelligence', NULL);
INSERT INTO studentPlans VALUES('E2000027B', TRUE, 'CS2108', 'AY 16/17 Sem 1');
INSERT INTO studentPlans VALUES('E2000027B', TRUE, 'CS2102', 'AY 16/17 Sem 1');
INSERT INTO studentPlans VALUES('E2000027B', TRUE, 'CG2271', 'AY 16/17 Sem 1');
INSERT INTO studentPlans VALUES('E2000027B', TRUE, 'CS2107', 'AY 16/17 Sem 1');
INSERT INTO studentPlans VALUES('E2000027B', TRUE, 'CS2020', 'AY 16/17 Sem 1');
INSERT INTO studentPlans VALUES('E2000027B', FALSE, 'CP3101C', 'AY 16/17 Sem 2');
INSERT INTO studentPlans VALUES('E2000027B', FALSE, 'CS2104', 'AY 16/17 Sem 2');
INSERT INTO studentPlans VALUES('E2000027B', FALSE, 'CS2309', 'AY 16/17 Sem 2');
INSERT INTO studentPlans VALUES('E2000027B', FALSE, 'CP3106', 'AY 16/17 Sem 2');
INSERT INTO studentPlans VALUES('E2000027B', FALSE, 'CS2010', 'AY 16/17 Sem 2');
INSERT INTO studentPlans VALUES('E2000027B', FALSE, 'CS3201', 'AY 17/18 Sem 1');
INSERT INTO studentPlans VALUES('E2000027B', FALSE, 'CG3204L', 'AY 17/18 Sem 1');
INSERT INTO studentPlans VALUES('E2000027B', FALSE, 'CS4238', 'AY 17/18 Sem 1');
INSERT INTO studentPlans VALUES('E2000027B', FALSE, 'CS3242', 'AY 17/18 Sem 1');
INSERT INTO studentPlans VALUES('E2000027B', FALSE, 'CS3213', 'AY 17/18 Sem 1');
INSERT INTO studentPlans VALUES('E2000027B', FALSE, 'CP3880', 'AY 17/18 Sem 2');
INSERT INTO studentPlans VALUES('E2000027B', FALSE, 'CS3343', 'AY 17/18 Sem 2');
INSERT INTO studentPlans VALUES('E2000027B', FALSE, 'CP3202', 'AY 17/18 Sem 2');
INSERT INTO studentPlans VALUES('E2000027B', FALSE, 'CS3247', 'AY 17/18 Sem 2');
INSERT INTO studentPlans VALUES('E2000027B', FALSE, 'CS3205', 'AY 17/18 Sem 2');

INSERT INTO student VALUES('E2000028B', 2);
INSERT INTO takesFocusArea VALUES('E2000028B', 'Algorithms & Theory', NULL);
INSERT INTO studentPlans VALUES('E2000028B', TRUE, 'CS2100', 'AY 16/17 Sem 1');
INSERT INTO studentPlans VALUES('E2000028B', TRUE, 'CS2105', 'AY 16/17 Sem 1');
INSERT INTO studentPlans VALUES('E2000028B', TRUE, 'CS2220', 'AY 16/17 Sem 1');
INSERT INTO studentPlans VALUES('E2000028B', TRUE, 'CS2107', 'AY 16/17 Sem 1');
INSERT INTO studentPlans VALUES('E2000028B', TRUE, 'CS3244', 'AY 16/17 Sem 1');
INSERT INTO studentPlans VALUES('E2000028B', FALSE, 'CS2104', 'AY 16/17 Sem 2');
INSERT INTO studentPlans VALUES('E2000028B', FALSE, 'CS2102', 'AY 16/17 Sem 2');
INSERT INTO studentPlans VALUES('E2000028B', FALSE, 'CS2106', 'AY 16/17 Sem 2');
INSERT INTO studentPlans VALUES('E2000028B', FALSE, 'CS2101', 'AY 16/17 Sem 2');
INSERT INTO studentPlans VALUES('E2000028B', FALSE, 'IT2002', 'AY 16/17 Sem 2');
INSERT INTO studentPlans VALUES('E2000028B', FALSE, 'CP3108B', 'AY 17/18 Sem 1');
INSERT INTO studentPlans VALUES('E2000028B', FALSE, 'CS3202', 'AY 17/18 Sem 1');
INSERT INTO studentPlans VALUES('E2000028B', FALSE, 'CS3213', 'AY 17/18 Sem 1');
INSERT INTO studentPlans VALUES('E2000028B', FALSE, 'CP3108A', 'AY 17/18 Sem 1');
INSERT INTO studentPlans VALUES('E2000028B', FALSE, 'CP3202', 'AY 17/18 Sem 1');
INSERT INTO studentPlans VALUES('E2000028B', FALSE, 'CS4242', 'AY 17/18 Sem 2');
INSERT INTO studentPlans VALUES('E2000028B', FALSE, 'CP3200', 'AY 17/18 Sem 2');
INSERT INTO studentPlans VALUES('E2000028B', FALSE, 'CP3109', 'AY 17/18 Sem 2');
INSERT INTO studentPlans VALUES('E2000028B', FALSE, 'CP3880', 'AY 17/18 Sem 2');
INSERT INTO studentPlans VALUES('E2000028B', FALSE, 'CS3245', 'AY 17/18 Sem 2');

INSERT INTO student VALUES('E2000029B', 2);
INSERT INTO takesFocusArea VALUES('E2000029B', 'Visual Computing', NULL);
INSERT INTO studentPlans VALUES('E2000029B', TRUE, 'CS2101', 'AY 16/17 Sem 1');
INSERT INTO studentPlans VALUES('E2000029B', TRUE, 'IT2002', 'AY 16/17 Sem 1');
INSERT INTO studentPlans VALUES('E2000029B', TRUE, 'CS2103T', 'AY 16/17 Sem 1');
INSERT INTO studentPlans VALUES('E2000029B', TRUE, 'CS2281', 'AY 16/17 Sem 1');
INSERT INTO studentPlans VALUES('E2000029B', TRUE, 'CG2271', 'AY 16/17 Sem 1');
INSERT INTO studentPlans VALUES('E2000029B', FALSE, 'CS2104', 'AY 16/17 Sem 2');
INSERT INTO studentPlans VALUES('E2000029B', FALSE, 'CS2105', 'AY 16/17 Sem 2');
INSERT INTO studentPlans VALUES('E2000029B', FALSE, 'CS2309', 'AY 16/17 Sem 2');
INSERT INTO studentPlans VALUES('E2000029B', FALSE, 'CS2220', 'AY 16/17 Sem 2');
INSERT INTO studentPlans VALUES('E2000029B', FALSE, 'CS2107', 'AY 16/17 Sem 2');
INSERT INTO studentPlans VALUES('E2000029B', FALSE, 'CS3284', 'AY 17/18 Sem 1');
INSERT INTO studentPlans VALUES('E2000029B', FALSE, 'CS4221', 'AY 17/18 Sem 1');
INSERT INTO studentPlans VALUES('E2000029B', FALSE, 'CP3109', 'AY 17/18 Sem 1');
INSERT INTO studentPlans VALUES('E2000029B', FALSE, 'CS4246', 'AY 17/18 Sem 1');
INSERT INTO studentPlans VALUES('E2000029B', FALSE, 'CS3210', 'AY 17/18 Sem 1');
INSERT INTO studentPlans VALUES('E2000029B', FALSE, 'CS3221', 'AY 17/18 Sem 2');
INSERT INTO studentPlans VALUES('E2000029B', FALSE, 'CS3281', 'AY 17/18 Sem 2');
INSERT INTO studentPlans VALUES('E2000029B', FALSE, 'CS3103', 'AY 17/18 Sem 2');
INSERT INTO studentPlans VALUES('E2000029B', FALSE, 'CS3219', 'AY 17/18 Sem 2');
INSERT INTO studentPlans VALUES('E2000029B', FALSE, 'CS3202', 'AY 17/18 Sem 2');

INSERT INTO student VALUES('E2000030B', 2);
INSERT INTO takesFocusArea VALUES('E2000030B', 'Interactive Media', NULL);
INSERT INTO studentPlans VALUES('E2000030B', TRUE, 'CS3220', 'AY 16/17 Sem 1');
INSERT INTO studentPlans VALUES('E2000030B', TRUE, 'CS2100', 'AY 16/17 Sem 1');
INSERT INTO studentPlans VALUES('E2000030B', TRUE, 'CS2101', 'AY 16/17 Sem 1');
INSERT INTO studentPlans VALUES('E2000030B', TRUE, 'CG2271', 'AY 16/17 Sem 1');
INSERT INTO studentPlans VALUES('E2000030B', TRUE, 'CS2220', 'AY 16/17 Sem 1');
INSERT INTO studentPlans VALUES('E2000030B', FALSE, 'CS2103T', 'AY 16/17 Sem 2');
INSERT INTO studentPlans VALUES('E2000030B', FALSE, 'CS2104', 'AY 16/17 Sem 2');
INSERT INTO studentPlans VALUES('E2000030B', FALSE, 'CS2020', 'AY 16/17 Sem 2');
INSERT INTO studentPlans VALUES('E2000030B', FALSE, 'CS2106', 'AY 16/17 Sem 2');
INSERT INTO studentPlans VALUES('E2000030B', FALSE, 'CP2201', 'AY 16/17 Sem 2');
INSERT INTO studentPlans VALUES('E2000030B', FALSE, 'CS3213', 'AY 17/18 Sem 1');
INSERT INTO studentPlans VALUES('E2000030B', FALSE, 'CS3235', 'AY 17/18 Sem 1');
INSERT INTO studentPlans VALUES('E2000030B', FALSE, 'CS3236', 'AY 17/18 Sem 1');
INSERT INTO studentPlans VALUES('E2000030B', FALSE, 'CS3242', 'AY 17/18 Sem 1');
INSERT INTO studentPlans VALUES('E2000030B', FALSE, 'CS3205', 'AY 17/18 Sem 1');
INSERT INTO studentPlans VALUES('E2000030B', FALSE, 'CS4242', 'AY 17/18 Sem 2');
INSERT INTO studentPlans VALUES('E2000030B', FALSE, 'CP3200', 'AY 17/18 Sem 2');
INSERT INTO studentPlans VALUES('E2000030B', FALSE, 'CS4271', 'AY 17/18 Sem 2');
INSERT INTO studentPlans VALUES('E2000030B', FALSE, 'CS3241', 'AY 17/18 Sem 2');
INSERT INTO studentPlans VALUES('E2000030B', FALSE, 'CS3343', 'AY 17/18 Sem 2');

INSERT INTO student VALUES('E2000031B', 2);
INSERT INTO takesFocusArea VALUES('E2000031B', 'Interactive Media', NULL);
INSERT INTO studentPlans VALUES('E2000031B', TRUE, 'IT2001', 'AY 16/17 Sem 1');
INSERT INTO studentPlans VALUES('E2000031B', TRUE, 'CS2281', 'AY 16/17 Sem 1');
INSERT INTO studentPlans VALUES('E2000031B', TRUE, 'CS3221', 'AY 16/17 Sem 1');
INSERT INTO studentPlans VALUES('E2000031B', TRUE, 'CS2103', 'AY 16/17 Sem 1');
INSERT INTO studentPlans VALUES('E2000031B', TRUE, 'CS2309', 'AY 16/17 Sem 1');
INSERT INTO studentPlans VALUES('E2000031B', FALSE, 'CS2102', 'AY 16/17 Sem 2');
INSERT INTO studentPlans VALUES('E2000031B', FALSE, 'CG2271', 'AY 16/17 Sem 2');
INSERT INTO studentPlans VALUES('E2000031B', FALSE, 'CS2105', 'AY 16/17 Sem 2');
INSERT INTO studentPlans VALUES('E2000031B', FALSE, 'CS2106', 'AY 16/17 Sem 2');
INSERT INTO studentPlans VALUES('E2000031B', FALSE, 'CS2101', 'AY 16/17 Sem 2');
INSERT INTO studentPlans VALUES('E2000031B', FALSE, 'CS3202', 'AY 17/18 Sem 1');
INSERT INTO studentPlans VALUES('E2000031B', FALSE, 'CS3284', 'AY 17/18 Sem 1');
INSERT INTO studentPlans VALUES('E2000031B', FALSE, 'CS3230', 'AY 17/18 Sem 1');
INSERT INTO studentPlans VALUES('E2000031B', FALSE, 'CS3236', 'AY 17/18 Sem 1');
INSERT INTO studentPlans VALUES('E2000031B', FALSE, 'CS3240', 'AY 17/18 Sem 1');
INSERT INTO studentPlans VALUES('E2000031B', FALSE, 'CP3880', 'AY 17/18 Sem 2');
INSERT INTO studentPlans VALUES('E2000031B', FALSE, 'CS3343', 'AY 17/18 Sem 2');
INSERT INTO studentPlans VALUES('E2000031B', FALSE, 'CP3106', 'AY 17/18 Sem 2');
INSERT INTO studentPlans VALUES('E2000031B', FALSE, 'CS3283', 'AY 17/18 Sem 2');
INSERT INTO studentPlans VALUES('E2000031B', FALSE, 'CG3002', 'AY 17/18 Sem 2');

INSERT INTO student VALUES('E2000032B', 2);
INSERT INTO takesFocusArea VALUES('E2000032B', 'Interactive Media', NULL);
INSERT INTO studentPlans VALUES('E2000032B', TRUE, 'CS2100', 'AY 16/17 Sem 1');
INSERT INTO studentPlans VALUES('E2000032B', TRUE, 'CP3101A', 'AY 16/17 Sem 1');
INSERT INTO studentPlans VALUES('E2000032B', TRUE, 'CS2101', 'AY 16/17 Sem 1');
INSERT INTO studentPlans VALUES('E2000032B', TRUE, 'CS2103', 'AY 16/17 Sem 1');
INSERT INTO studentPlans VALUES('E2000032B', TRUE, 'CS2104', 'AY 16/17 Sem 1');
INSERT INTO studentPlans VALUES('E2000032B', FALSE, 'CS2103T', 'AY 16/17 Sem 2');
INSERT INTO studentPlans VALUES('E2000032B', FALSE, 'CS2020', 'AY 16/17 Sem 2');
INSERT INTO studentPlans VALUES('E2000032B', FALSE, 'CS2102', 'AY 16/17 Sem 2');
INSERT INTO studentPlans VALUES('E2000032B', FALSE, 'IT2002', 'AY 16/17 Sem 2');
INSERT INTO studentPlans VALUES('E2000032B', FALSE, 'CS2105', 'AY 16/17 Sem 2');
INSERT INTO studentPlans VALUES('E2000032B', FALSE, 'CP3201', 'AY 17/18 Sem 1');
INSERT INTO studentPlans VALUES('E2000032B', FALSE, 'CP3109', 'AY 17/18 Sem 1');
INSERT INTO studentPlans VALUES('E2000032B', FALSE, 'CS3213', 'AY 17/18 Sem 1');
INSERT INTO studentPlans VALUES('E2000032B', FALSE, 'CS3103', 'AY 17/18 Sem 1');
INSERT INTO studentPlans VALUES('E2000032B', FALSE, 'CS3225', 'AY 17/18 Sem 1');
INSERT INTO studentPlans VALUES('E2000032B', FALSE, 'CP3208', 'AY 17/18 Sem 2');
INSERT INTO studentPlans VALUES('E2000032B', FALSE, 'CP3108A', 'AY 17/18 Sem 2');
INSERT INTO studentPlans VALUES('E2000032B', FALSE, 'CS4237', 'AY 17/18 Sem 2');
INSERT INTO studentPlans VALUES('E2000032B', FALSE, 'CP3200', 'AY 17/18 Sem 2');
INSERT INTO studentPlans VALUES('E2000032B', FALSE, 'CP3209', 'AY 17/18 Sem 2');

INSERT INTO student VALUES('E2000033B', 2);
INSERT INTO takesFocusArea VALUES('E2000033B', 'Database Systems', NULL);
INSERT INTO studentPlans VALUES('E2000033B', TRUE, 'CS3247', 'AY 16/17 Sem 1');
INSERT INTO studentPlans VALUES('E2000033B', TRUE, 'CS2281', 'AY 16/17 Sem 1');
INSERT INTO studentPlans VALUES('E2000033B', TRUE, 'CS2102', 'AY 16/17 Sem 1');
INSERT INTO studentPlans VALUES('E2000033B', TRUE, 'CS2101', 'AY 16/17 Sem 1');
INSERT INTO studentPlans VALUES('E2000033B', TRUE, 'CP3106', 'AY 16/17 Sem 1');
INSERT INTO studentPlans VALUES('E2000033B', FALSE, 'CG2271', 'AY 16/17 Sem 2');
INSERT INTO studentPlans VALUES('E2000033B', FALSE, 'IT2001', 'AY 16/17 Sem 2');
INSERT INTO studentPlans VALUES('E2000033B', FALSE, 'CS2103T', 'AY 16/17 Sem 2');
INSERT INTO studentPlans VALUES('E2000033B', FALSE, 'CS3233', 'AY 16/17 Sem 2');
INSERT INTO studentPlans VALUES('E2000033B', FALSE, 'CS2220', 'AY 16/17 Sem 2');
INSERT INTO studentPlans VALUES('E2000033B', FALSE, 'CP3881', 'AY 17/18 Sem 1');
INSERT INTO studentPlans VALUES('E2000033B', FALSE, 'CS3226', 'AY 17/18 Sem 1');
INSERT INTO studentPlans VALUES('E2000033B', FALSE, 'CG3204L', 'AY 17/18 Sem 1');
INSERT INTO studentPlans VALUES('E2000033B', FALSE, 'CP3209', 'AY 17/18 Sem 1');
INSERT INTO studentPlans VALUES('E2000033B', FALSE, 'CS3215', 'AY 17/18 Sem 1');
INSERT INTO studentPlans VALUES('E2000033B', FALSE, 'CP3880', 'AY 17/18 Sem 2');
INSERT INTO studentPlans VALUES('E2000033B', FALSE, 'CS3246', 'AY 17/18 Sem 2');
INSERT INTO studentPlans VALUES('E2000033B', FALSE, 'CS3241', 'AY 17/18 Sem 2');
INSERT INTO studentPlans VALUES('E2000033B', FALSE, 'CS3230', 'AY 17/18 Sem 2');
INSERT INTO studentPlans VALUES('E2000033B', FALSE, 'CP3202', 'AY 17/18 Sem 2');

INSERT INTO student VALUES('E2000034B', 2);
INSERT INTO takesFocusArea VALUES('E2000034B', 'Computer Security', NULL);
INSERT INTO studentPlans VALUES('E2000034B', TRUE, 'IT2002', 'AY 16/17 Sem 1');
INSERT INTO studentPlans VALUES('E2000034B', TRUE, 'CS2105', 'AY 16/17 Sem 1');
INSERT INTO studentPlans VALUES('E2000034B', TRUE, 'CS3223', 'AY 16/17 Sem 1');
INSERT INTO studentPlans VALUES('E2000034B', TRUE, 'CG2271', 'AY 16/17 Sem 1');
INSERT INTO studentPlans VALUES('E2000034B', TRUE, 'CS2271', 'AY 16/17 Sem 1');
INSERT INTO studentPlans VALUES('E2000034B', FALSE, 'CS2103T', 'AY 16/17 Sem 2');
INSERT INTO studentPlans VALUES('E2000034B', FALSE, 'CS3103L', 'AY 16/17 Sem 2');
INSERT INTO studentPlans VALUES('E2000034B', FALSE, 'CS2220', 'AY 16/17 Sem 2');
INSERT INTO studentPlans VALUES('E2000034B', FALSE, 'CS3281', 'AY 16/17 Sem 2');
INSERT INTO studentPlans VALUES('E2000034B', FALSE, 'CS2010', 'AY 16/17 Sem 2');
INSERT INTO studentPlans VALUES('E2000034B', FALSE, 'CS3235', 'AY 17/18 Sem 1');
INSERT INTO studentPlans VALUES('E2000034B', FALSE, 'CS3242', 'AY 17/18 Sem 1');
INSERT INTO studentPlans VALUES('E2000034B', FALSE, 'CS3246', 'AY 17/18 Sem 1');
INSERT INTO studentPlans VALUES('E2000034B', FALSE, 'CS3271', 'AY 17/18 Sem 1');
INSERT INTO studentPlans VALUES('E2000034B', FALSE, 'CP3201', 'AY 17/18 Sem 1');
INSERT INTO studentPlans VALUES('E2000034B', FALSE, 'CS3218', 'AY 17/18 Sem 2');
INSERT INTO studentPlans VALUES('E2000034B', FALSE, 'CP3880', 'AY 17/18 Sem 2');
INSERT INTO studentPlans VALUES('E2000034B', FALSE, 'CS3202', 'AY 17/18 Sem 2');
INSERT INTO studentPlans VALUES('E2000034B', FALSE, 'CS3215', 'AY 17/18 Sem 2');
INSERT INTO studentPlans VALUES('E2000034B', FALSE, 'CP3101A', 'AY 17/18 Sem 2');

INSERT INTO student VALUES('E2000035B', 2);
INSERT INTO takesFocusArea VALUES('E2000035B', 'Algorithms & Theory', NULL);
INSERT INTO studentPlans VALUES('E2000035B', TRUE, 'CP3101C', 'AY 16/17 Sem 1');
INSERT INTO studentPlans VALUES('E2000035B', TRUE, 'CS2101', 'AY 16/17 Sem 1');
INSERT INTO studentPlans VALUES('E2000035B', TRUE, 'CG2271', 'AY 16/17 Sem 1');
INSERT INTO studentPlans VALUES('E2000035B', TRUE, 'CS2281', 'AY 16/17 Sem 1');
INSERT INTO studentPlans VALUES('E2000035B', TRUE, 'CS2106', 'AY 16/17 Sem 1');
INSERT INTO studentPlans VALUES('E2000035B', FALSE, 'CS2102', 'AY 16/17 Sem 2');
INSERT INTO studentPlans VALUES('E2000035B', FALSE, 'CS2105', 'AY 16/17 Sem 2');
INSERT INTO studentPlans VALUES('E2000035B', FALSE, 'CS2103T', 'AY 16/17 Sem 2');
INSERT INTO studentPlans VALUES('E2000035B', FALSE, 'IT2001', 'AY 16/17 Sem 2');
INSERT INTO studentPlans VALUES('E2000035B', FALSE, 'CS2020', 'AY 16/17 Sem 2');
INSERT INTO studentPlans VALUES('E2000035B', FALSE, 'CS3271', 'AY 17/18 Sem 1');
INSERT INTO studentPlans VALUES('E2000035B', FALSE, 'CS3230', 'AY 17/18 Sem 1');
INSERT INTO studentPlans VALUES('E2000035B', FALSE, 'CS3215', 'AY 17/18 Sem 1');
INSERT INTO studentPlans VALUES('E2000035B', FALSE, 'CS4275', 'AY 17/18 Sem 1');
INSERT INTO studentPlans VALUES('E2000035B', FALSE, 'CS3247', 'AY 17/18 Sem 1');
INSERT INTO studentPlans VALUES('E2000035B', FALSE, 'CG3002', 'AY 17/18 Sem 2');
INSERT INTO studentPlans VALUES('E2000035B', FALSE, 'CS4241', 'AY 17/18 Sem 2');
INSERT INTO studentPlans VALUES('E2000035B', FALSE, 'CS4248', 'AY 17/18 Sem 2');
INSERT INTO studentPlans VALUES('E2000035B', FALSE, 'CS4344', 'AY 17/18 Sem 2');
INSERT INTO studentPlans VALUES('E2000035B', FALSE, 'CS4350', 'AY 17/18 Sem 2');

INSERT INTO student VALUES('E2000036B', 2);
INSERT INTO takesFocusArea VALUES('E2000036B', 'Visual Computing', NULL);
INSERT INTO studentPlans VALUES('E2000036B', TRUE, 'CS2103', 'AY 16/17 Sem 1');
INSERT INTO studentPlans VALUES('E2000036B', TRUE, 'CS3212', 'AY 16/17 Sem 1');
INSERT INTO studentPlans VALUES('E2000036B', TRUE, 'CS2105', 'AY 16/17 Sem 1');
INSERT INTO studentPlans VALUES('E2000036B', TRUE, 'CS2010', 'AY 16/17 Sem 1');
INSERT INTO studentPlans VALUES('E2000036B', TRUE, 'CS2107', 'AY 16/17 Sem 1');
INSERT INTO studentPlans VALUES('E2000036B', FALSE, 'CG2271', 'AY 16/17 Sem 2');
INSERT INTO studentPlans VALUES('E2000036B', FALSE, 'CS2104', 'AY 16/17 Sem 2');
INSERT INTO studentPlans VALUES('E2000036B', FALSE, 'CS2020', 'AY 16/17 Sem 2');
INSERT INTO studentPlans VALUES('E2000036B', FALSE, 'CS2309', 'AY 16/17 Sem 2');
INSERT INTO studentPlans VALUES('E2000036B', FALSE, 'IT2002', 'AY 16/17 Sem 2');
INSERT INTO studentPlans VALUES('E2000036B', FALSE, 'CP3201', 'AY 17/18 Sem 1');
INSERT INTO studentPlans VALUES('E2000036B', FALSE, 'CS4224', 'AY 17/18 Sem 1');
INSERT INTO studentPlans VALUES('E2000036B', FALSE, 'CS3244', 'AY 17/18 Sem 1');
INSERT INTO studentPlans VALUES('E2000036B', FALSE, 'CS4275', 'AY 17/18 Sem 1');
INSERT INTO studentPlans VALUES('E2000036B', FALSE, 'CG3002', 'AY 17/18 Sem 1');
INSERT INTO studentPlans VALUES('E2000036B', FALSE, 'CS3234', 'AY 17/18 Sem 2');
INSERT INTO studentPlans VALUES('E2000036B', FALSE, 'CS3243', 'AY 17/18 Sem 2');
INSERT INTO studentPlans VALUES('E2000036B', FALSE, 'CP3109', 'AY 17/18 Sem 2');
INSERT INTO studentPlans VALUES('E2000036B', FALSE, 'CS3284', 'AY 17/18 Sem 2');
INSERT INTO studentPlans VALUES('E2000036B', FALSE, 'CS3217', 'AY 17/18 Sem 2');

INSERT INTO student VALUES('E2000037B', 2);
INSERT INTO takesFocusArea VALUES('E2000037B', 'Computer Security', NULL);
INSERT INTO studentPlans VALUES('E2000037B', TRUE, 'CS2010', 'AY 16/17 Sem 1');
INSERT INTO studentPlans VALUES('E2000037B', TRUE, 'CS2104', 'AY 16/17 Sem 1');
INSERT INTO studentPlans VALUES('E2000037B', TRUE, 'CS3103L', 'AY 16/17 Sem 1');
INSERT INTO studentPlans VALUES('E2000037B', TRUE, 'CS2103T', 'AY 16/17 Sem 1');
INSERT INTO studentPlans VALUES('E2000037B', TRUE, 'CS2220', 'AY 16/17 Sem 1');
INSERT INTO studentPlans VALUES('E2000037B', FALSE, 'CS3103', 'AY 16/17 Sem 2');
INSERT INTO studentPlans VALUES('E2000037B', FALSE, 'CS2309', 'AY 16/17 Sem 2');
INSERT INTO studentPlans VALUES('E2000037B', FALSE, 'CS2271', 'AY 16/17 Sem 2');
INSERT INTO studentPlans VALUES('E2000037B', FALSE, 'CS3234', 'AY 16/17 Sem 2');
INSERT INTO studentPlans VALUES('E2000037B', FALSE, 'IT2001', 'AY 16/17 Sem 2');
INSERT INTO studentPlans VALUES('E2000037B', FALSE, 'CP3101A', 'AY 17/18 Sem 1');
INSERT INTO studentPlans VALUES('E2000037B', FALSE, 'CS3271', 'AY 17/18 Sem 1');
INSERT INTO studentPlans VALUES('E2000037B', FALSE, 'CS3244', 'AY 17/18 Sem 1');
INSERT INTO studentPlans VALUES('E2000037B', FALSE, 'CP3200', 'AY 17/18 Sem 1');
INSERT INTO studentPlans VALUES('E2000037B', FALSE, 'CS3283', 'AY 17/18 Sem 1');
INSERT INTO studentPlans VALUES('E2000037B', FALSE, 'CS4211', 'AY 17/18 Sem 2');
INSERT INTO studentPlans VALUES('E2000037B', FALSE, 'CP3101', 'AY 17/18 Sem 2');
INSERT INTO studentPlans VALUES('E2000037B', FALSE, 'CS3284', 'AY 17/18 Sem 2');
INSERT INTO studentPlans VALUES('E2000037B', FALSE, 'CP3880', 'AY 17/18 Sem 2');
INSERT INTO studentPlans VALUES('E2000037B', FALSE, 'CS3212', 'AY 17/18 Sem 2');

INSERT INTO student VALUES('E2000038B', 2);
INSERT INTO takesFocusArea VALUES('E2000038B', 'Multimedia Information Retrieval', NULL);
INSERT INTO studentPlans VALUES('E2000038B', TRUE, 'CS2100', 'AY 16/17 Sem 1');
INSERT INTO studentPlans VALUES('E2000038B', TRUE, 'IT2002', 'AY 16/17 Sem 1');
INSERT INTO studentPlans VALUES('E2000038B', TRUE, 'CS2104', 'AY 16/17 Sem 1');
INSERT INTO studentPlans VALUES('E2000038B', TRUE, 'CS2220', 'AY 16/17 Sem 1');
INSERT INTO studentPlans VALUES('E2000038B', TRUE, 'CS2271', 'AY 16/17 Sem 1');
INSERT INTO studentPlans VALUES('E2000038B', FALSE, 'CS3282', 'AY 16/17 Sem 2');
INSERT INTO studentPlans VALUES('E2000038B', FALSE, 'CS2103', 'AY 16/17 Sem 2');
INSERT INTO studentPlans VALUES('E2000038B', FALSE, 'CS2020', 'AY 16/17 Sem 2');
INSERT INTO studentPlans VALUES('E2000038B', FALSE, 'CP2201', 'AY 16/17 Sem 2');
INSERT INTO studentPlans VALUES('E2000038B', FALSE, 'CS2108', 'AY 16/17 Sem 2');
INSERT INTO studentPlans VALUES('E2000038B', FALSE, 'CP3881', 'AY 17/18 Sem 1');
INSERT INTO studentPlans VALUES('E2000038B', FALSE, 'CS3245', 'AY 17/18 Sem 1');
INSERT INTO studentPlans VALUES('E2000038B', FALSE, 'CS3221', 'AY 17/18 Sem 1');
INSERT INTO studentPlans VALUES('E2000038B', FALSE, 'CP3101A', 'AY 17/18 Sem 1');
INSERT INTO studentPlans VALUES('E2000038B', FALSE, 'CS3240', 'AY 17/18 Sem 1');
INSERT INTO studentPlans VALUES('E2000038B', FALSE, 'CS3243', 'AY 17/18 Sem 2');
INSERT INTO studentPlans VALUES('E2000038B', FALSE, 'CS3230', 'AY 17/18 Sem 2');
INSERT INTO studentPlans VALUES('E2000038B', FALSE, 'CS3211', 'AY 17/18 Sem 2');
INSERT INTO studentPlans VALUES('E2000038B', FALSE, 'CP3208', 'AY 17/18 Sem 2');
INSERT INTO studentPlans VALUES('E2000038B', FALSE, 'CG3002', 'AY 17/18 Sem 2');

INSERT INTO student VALUES('E2000039B', 2);
INSERT INTO takesFocusArea VALUES('E2000039B', 'Programming Languages', NULL);
INSERT INTO studentPlans VALUES('E2000039B', TRUE, 'CS2100', 'AY 16/17 Sem 1');
INSERT INTO studentPlans VALUES('E2000039B', TRUE, 'CS2271', 'AY 16/17 Sem 1');
INSERT INTO studentPlans VALUES('E2000039B', TRUE, 'CS2309', 'AY 16/17 Sem 1');
INSERT INTO studentPlans VALUES('E2000039B', TRUE, 'CS2108', 'AY 16/17 Sem 1');
INSERT INTO studentPlans VALUES('E2000039B', TRUE, 'CS2106', 'AY 16/17 Sem 1');
INSERT INTO studentPlans VALUES('E2000039B', FALSE, 'CS2104', 'AY 16/17 Sem 2');
INSERT INTO studentPlans VALUES('E2000039B', FALSE, 'CS2220', 'AY 16/17 Sem 2');
INSERT INTO studentPlans VALUES('E2000039B', FALSE, 'IT2001', 'AY 16/17 Sem 2');
INSERT INTO studentPlans VALUES('E2000039B', FALSE, 'CS2107', 'AY 16/17 Sem 2');
INSERT INTO studentPlans VALUES('E2000039B', FALSE, 'CS3205', 'AY 16/17 Sem 2');
INSERT INTO studentPlans VALUES('E2000039B', FALSE, 'CS4244', 'AY 17/18 Sem 1');
INSERT INTO studentPlans VALUES('E2000039B', FALSE, 'CP3208', 'AY 17/18 Sem 1');
INSERT INTO studentPlans VALUES('E2000039B', FALSE, 'CS3242', 'AY 17/18 Sem 1');
INSERT INTO studentPlans VALUES('E2000039B', FALSE, 'CS3213', 'AY 17/18 Sem 1');
INSERT INTO studentPlans VALUES('E2000039B', FALSE, 'CS4235', 'AY 17/18 Sem 1');
INSERT INTO studentPlans VALUES('E2000039B', FALSE, 'CS4880', 'AY 17/18 Sem 2');
INSERT INTO studentPlans VALUES('E2000039B', FALSE, 'CS4249', 'AY 17/18 Sem 2');
INSERT INTO studentPlans VALUES('E2000039B', FALSE, 'CS3247', 'AY 17/18 Sem 2');
INSERT INTO studentPlans VALUES('E2000039B', FALSE, 'CS3219', 'AY 17/18 Sem 2');
INSERT INTO studentPlans VALUES('E2000039B', FALSE, 'CS3233', 'AY 17/18 Sem 2');

INSERT INTO student VALUES('E2000040B', 2);
INSERT INTO takesFocusArea VALUES('E2000040B', 'Computer Graphics and Games', NULL);
INSERT INTO studentPlans VALUES('E2000040B', TRUE, 'CP3201', 'AY 16/17 Sem 1');
INSERT INTO studentPlans VALUES('E2000040B', TRUE, 'CS2309', 'AY 16/17 Sem 1');
INSERT INTO studentPlans VALUES('E2000040B', TRUE, 'CP2201', 'AY 16/17 Sem 1');
INSERT INTO studentPlans VALUES('E2000040B', TRUE, 'CS2108', 'AY 16/17 Sem 1');
INSERT INTO studentPlans VALUES('E2000040B', TRUE, 'CS2220', 'AY 16/17 Sem 1');
INSERT INTO studentPlans VALUES('E2000040B', FALSE, 'CS2281', 'AY 16/17 Sem 2');
INSERT INTO studentPlans VALUES('E2000040B', FALSE, 'CS2020', 'AY 16/17 Sem 2');
INSERT INTO studentPlans VALUES('E2000040B', FALSE, 'CS3201', 'AY 16/17 Sem 2');
INSERT INTO studentPlans VALUES('E2000040B', FALSE, 'CS3240', 'AY 16/17 Sem 2');
INSERT INTO studentPlans VALUES('E2000040B', FALSE, 'CS2102', 'AY 16/17 Sem 2');
INSERT INTO studentPlans VALUES('E2000040B', FALSE, 'CS3234', 'AY 17/18 Sem 1');
INSERT INTO studentPlans VALUES('E2000040B', FALSE, 'XFC4101', 'AY 17/18 Sem 1');
INSERT INTO studentPlans VALUES('E2000040B', FALSE, 'CS4232', 'AY 17/18 Sem 1');
INSERT INTO studentPlans VALUES('E2000040B', FALSE, 'CS3233', 'AY 17/18 Sem 1');
INSERT INTO studentPlans VALUES('E2000040B', FALSE, 'CP3209', 'AY 17/18 Sem 1');
INSERT INTO studentPlans VALUES('E2000040B', FALSE, 'CS3219', 'AY 17/18 Sem 2');
INSERT INTO studentPlans VALUES('E2000040B', FALSE, 'CS3103', 'AY 17/18 Sem 2');
INSERT INTO studentPlans VALUES('E2000040B', FALSE, 'CS4225', 'AY 17/18 Sem 2');
INSERT INTO studentPlans VALUES('E2000040B', FALSE, 'CS3205', 'AY 17/18 Sem 2');
INSERT INTO studentPlans VALUES('E2000040B', FALSE, 'CP3200', 'AY 17/18 Sem 2');

INSERT INTO student VALUES('E2000041B', 2);
INSERT INTO takesFocusArea VALUES('E2000041B', 'Software Engineering', NULL);
INSERT INTO studentPlans VALUES('E2000041B', TRUE, 'CS2281', 'AY 16/17 Sem 1');
INSERT INTO studentPlans VALUES('E2000041B', TRUE, 'CS2010', 'AY 16/17 Sem 1');
INSERT INTO studentPlans VALUES('E2000041B', TRUE, 'IT2001', 'AY 16/17 Sem 1');
INSERT INTO studentPlans VALUES('E2000041B', TRUE, 'CS2107', 'AY 16/17 Sem 1');
INSERT INTO studentPlans VALUES('E2000041B', TRUE, 'CS2104', 'AY 16/17 Sem 1');
INSERT INTO studentPlans VALUES('E2000041B', FALSE, 'CS2309', 'AY 16/17 Sem 2');
INSERT INTO studentPlans VALUES('E2000041B', FALSE, 'CG2271', 'AY 16/17 Sem 2');
INSERT INTO studentPlans VALUES('E2000041B', FALSE, 'CS2108', 'AY 16/17 Sem 2');
INSERT INTO studentPlans VALUES('E2000041B', FALSE, 'CS2220', 'AY 16/17 Sem 2');
INSERT INTO studentPlans VALUES('E2000041B', FALSE, 'CS2103', 'AY 16/17 Sem 2');
INSERT INTO studentPlans VALUES('E2000041B', FALSE, 'CS4247', 'AY 17/18 Sem 1');
INSERT INTO studentPlans VALUES('E2000041B', FALSE, 'CS3215', 'AY 17/18 Sem 1');
INSERT INTO studentPlans VALUES('E2000041B', FALSE, 'CP3881', 'AY 17/18 Sem 1');
INSERT INTO studentPlans VALUES('E2000041B', FALSE, 'CP3101', 'AY 17/18 Sem 1');
INSERT INTO studentPlans VALUES('E2000041B', FALSE, 'CP3202', 'AY 17/18 Sem 1');
INSERT INTO studentPlans VALUES('E2000041B', FALSE, 'CS4236', 'AY 17/18 Sem 2');
INSERT INTO studentPlans VALUES('E2000041B', FALSE, 'CP3208', 'AY 17/18 Sem 2');
INSERT INTO studentPlans VALUES('E2000041B', FALSE, 'CS3247', 'AY 17/18 Sem 2');
INSERT INTO studentPlans VALUES('E2000041B', FALSE, 'CP3108A', 'AY 17/18 Sem 2');
INSERT INTO studentPlans VALUES('E2000041B', FALSE, 'CS3219', 'AY 17/18 Sem 2');

INSERT INTO student VALUES('E2000042B', 2);
INSERT INTO takesFocusArea VALUES('E2000042B', 'Multimedia Information Retrieval', NULL);
INSERT INTO studentPlans VALUES('E2000042B', TRUE, 'CS2103', 'AY 16/17 Sem 1');
INSERT INTO studentPlans VALUES('E2000042B', TRUE, 'CS3249', 'AY 16/17 Sem 1');
INSERT INTO studentPlans VALUES('E2000042B', TRUE, 'CS2271', 'AY 16/17 Sem 1');
INSERT INTO studentPlans VALUES('E2000042B', TRUE, 'CS2105', 'AY 16/17 Sem 1');
INSERT INTO studentPlans VALUES('E2000042B', TRUE, 'CS3234', 'AY 16/17 Sem 1');
INSERT INTO studentPlans VALUES('E2000042B', FALSE, 'CS2106', 'AY 16/17 Sem 2');
INSERT INTO studentPlans VALUES('E2000042B', FALSE, 'CS2104', 'AY 16/17 Sem 2');
INSERT INTO studentPlans VALUES('E2000042B', FALSE, 'CS2220', 'AY 16/17 Sem 2');
INSERT INTO studentPlans VALUES('E2000042B', FALSE, 'IT2001', 'AY 16/17 Sem 2');
INSERT INTO studentPlans VALUES('E2000042B', FALSE, 'CS2103T', 'AY 16/17 Sem 2');
INSERT INTO studentPlans VALUES('E2000042B', FALSE, 'CS3226', 'AY 17/18 Sem 1');
INSERT INTO studentPlans VALUES('E2000042B', FALSE, 'CP3209', 'AY 17/18 Sem 1');
INSERT INTO studentPlans VALUES('E2000042B', FALSE, 'CS3219', 'AY 17/18 Sem 1');
INSERT INTO studentPlans VALUES('E2000042B', FALSE, 'CS4244', 'AY 17/18 Sem 1');
INSERT INTO studentPlans VALUES('E2000042B', FALSE, 'CS3343', 'AY 17/18 Sem 1');
INSERT INTO studentPlans VALUES('E2000042B', FALSE, 'CP3108A', 'AY 17/18 Sem 2');
INSERT INTO studentPlans VALUES('E2000042B', FALSE, 'CS3243', 'AY 17/18 Sem 2');
INSERT INTO studentPlans VALUES('E2000042B', FALSE, 'CS3211', 'AY 17/18 Sem 2');
INSERT INTO studentPlans VALUES('E2000042B', FALSE, 'CG3002', 'AY 17/18 Sem 2');
INSERT INTO studentPlans VALUES('E2000042B', FALSE, 'CS3215', 'AY 17/18 Sem 2');

INSERT INTO student VALUES('E2000043B', 2);
INSERT INTO takesFocusArea VALUES('E2000043B', 'Visual Computing', NULL);
INSERT INTO studentPlans VALUES('E2000043B', TRUE, 'CS2100', 'AY 16/17 Sem 1');
INSERT INTO studentPlans VALUES('E2000043B', TRUE, 'CS2020', 'AY 16/17 Sem 1');
INSERT INTO studentPlans VALUES('E2000043B', TRUE, 'CS2281', 'AY 16/17 Sem 1');
INSERT INTO studentPlans VALUES('E2000043B', TRUE, 'CP2201', 'AY 16/17 Sem 1');
INSERT INTO studentPlans VALUES('E2000043B', TRUE, 'IT2001', 'AY 16/17 Sem 1');
INSERT INTO studentPlans VALUES('E2000043B', FALSE, 'CS2107', 'AY 16/17 Sem 2');
INSERT INTO studentPlans VALUES('E2000043B', FALSE, 'CS2102', 'AY 16/17 Sem 2');
INSERT INTO studentPlans VALUES('E2000043B', FALSE, 'CS2010', 'AY 16/17 Sem 2');
INSERT INTO studentPlans VALUES('E2000043B', FALSE, 'CS2309', 'AY 16/17 Sem 2');
INSERT INTO studentPlans VALUES('E2000043B', FALSE, 'CP3880', 'AY 16/17 Sem 2');
INSERT INTO studentPlans VALUES('E2000043B', FALSE, 'CS3241', 'AY 17/18 Sem 1');
INSERT INTO studentPlans VALUES('E2000043B', FALSE, 'CG3204L', 'AY 17/18 Sem 1');
INSERT INTO studentPlans VALUES('E2000043B', FALSE, 'CS3233', 'AY 17/18 Sem 1');
INSERT INTO studentPlans VALUES('E2000043B', FALSE, 'CP3101A', 'AY 17/18 Sem 1');
INSERT INTO studentPlans VALUES('E2000043B', FALSE, 'CS3244', 'AY 17/18 Sem 1');
INSERT INTO studentPlans VALUES('E2000043B', FALSE, 'CP3881', 'AY 17/18 Sem 2');
INSERT INTO studentPlans VALUES('E2000043B', FALSE, 'CP3108A', 'AY 17/18 Sem 2');
INSERT INTO studentPlans VALUES('E2000043B', FALSE, 'CP3108B', 'AY 17/18 Sem 2');
INSERT INTO studentPlans VALUES('E2000043B', FALSE, 'CP3209', 'AY 17/18 Sem 2');
INSERT INTO studentPlans VALUES('E2000043B', FALSE, 'CS3882', 'AY 17/18 Sem 2');

INSERT INTO student VALUES('E2000044B', 2);
INSERT INTO takesFocusArea VALUES('E2000044B', 'Computer Security', NULL);
INSERT INTO studentPlans VALUES('E2000044B', TRUE, 'CS2281', 'AY 16/17 Sem 1');
INSERT INTO studentPlans VALUES('E2000044B', TRUE, 'CS2106', 'AY 16/17 Sem 1');
INSERT INTO studentPlans VALUES('E2000044B', TRUE, 'CS2102', 'AY 16/17 Sem 1');
INSERT INTO studentPlans VALUES('E2000044B', TRUE, 'CS2100', 'AY 16/17 Sem 1');
INSERT INTO studentPlans VALUES('E2000044B', TRUE, 'CS2103', 'AY 16/17 Sem 1');
INSERT INTO studentPlans VALUES('E2000044B', FALSE, 'CS3212', 'AY 16/17 Sem 2');
INSERT INTO studentPlans VALUES('E2000044B', FALSE, 'CG2271', 'AY 16/17 Sem 2');
INSERT INTO studentPlans VALUES('E2000044B', FALSE, 'IT2001', 'AY 16/17 Sem 2');
INSERT INTO studentPlans VALUES('E2000044B', FALSE, 'CP3106', 'AY 16/17 Sem 2');
INSERT INTO studentPlans VALUES('E2000044B', FALSE, 'CS2108', 'AY 16/17 Sem 2');
INSERT INTO studentPlans VALUES('E2000044B', FALSE, 'CS3244', 'AY 17/18 Sem 1');
INSERT INTO studentPlans VALUES('E2000044B', FALSE, 'CP3881', 'AY 17/18 Sem 1');
INSERT INTO studentPlans VALUES('E2000044B', FALSE, 'CS3220', 'AY 17/18 Sem 1');
INSERT INTO studentPlans VALUES('E2000044B', FALSE, 'CP3209', 'AY 17/18 Sem 1');
INSERT INTO studentPlans VALUES('E2000044B', FALSE, 'XFC4101', 'AY 17/18 Sem 1');
INSERT INTO studentPlans VALUES('E2000044B', FALSE, 'CS3219', 'AY 17/18 Sem 2');
INSERT INTO studentPlans VALUES('E2000044B', FALSE, 'CS4238', 'AY 17/18 Sem 2');
INSERT INTO studentPlans VALUES('E2000044B', FALSE, 'CS3221', 'AY 17/18 Sem 2');
INSERT INTO studentPlans VALUES('E2000044B', FALSE, 'CS3236', 'AY 17/18 Sem 2');
INSERT INTO studentPlans VALUES('E2000044B', FALSE, 'CP3101A', 'AY 17/18 Sem 2');

INSERT INTO student VALUES('E2000045B', 2);
INSERT INTO takesFocusArea VALUES('E2000045B', 'Database Systems', NULL);
INSERT INTO studentPlans VALUES('E2000045B', TRUE, 'CS2271', 'AY 16/17 Sem 1');
INSERT INTO studentPlans VALUES('E2000045B', TRUE, 'IT2001', 'AY 16/17 Sem 1');
INSERT INTO studentPlans VALUES('E2000045B', TRUE, 'CS2020', 'AY 16/17 Sem 1');
INSERT INTO studentPlans VALUES('E2000045B', TRUE, 'IT2002', 'AY 16/17 Sem 1');
INSERT INTO studentPlans VALUES('E2000045B', TRUE, 'CS2103T', 'AY 16/17 Sem 1');
INSERT INTO studentPlans VALUES('E2000045B', FALSE, 'CS2106', 'AY 16/17 Sem 2');
INSERT INTO studentPlans VALUES('E2000045B', FALSE, 'CS2220', 'AY 16/17 Sem 2');
INSERT INTO studentPlans VALUES('E2000045B', FALSE, 'CP3108A', 'AY 16/17 Sem 2');
INSERT INTO studentPlans VALUES('E2000045B', FALSE, 'CS3212', 'AY 16/17 Sem 2');
INSERT INTO studentPlans VALUES('E2000045B', FALSE, 'CS2108', 'AY 16/17 Sem 2');
INSERT INTO studentPlans VALUES('E2000045B', FALSE, 'CS4218', 'AY 17/18 Sem 1');
INSERT INTO studentPlans VALUES('E2000045B', FALSE, 'CS3103L', 'AY 17/18 Sem 1');
INSERT INTO studentPlans VALUES('E2000045B', FALSE, 'CS3236', 'AY 17/18 Sem 1');
INSERT INTO studentPlans VALUES('E2000045B', FALSE, 'CS3247', 'AY 17/18 Sem 1');
INSERT INTO studentPlans VALUES('E2000045B', FALSE, 'CS3343', 'AY 17/18 Sem 1');
INSERT INTO studentPlans VALUES('E2000045B', FALSE, 'CS3244', 'AY 17/18 Sem 2');
INSERT INTO studentPlans VALUES('E2000045B', FALSE, 'CS4215', 'AY 17/18 Sem 2');
INSERT INTO studentPlans VALUES('E2000045B', FALSE, 'CS3234', 'AY 17/18 Sem 2');
INSERT INTO studentPlans VALUES('E2000045B', FALSE, 'CS3284', 'AY 17/18 Sem 2');
INSERT INTO studentPlans VALUES('E2000045B', FALSE, 'CS3225', 'AY 17/18 Sem 2');

INSERT INTO student VALUES('E2000046B', 2);
INSERT INTO takesFocusArea VALUES('E2000046B', 'Algorithms & Theory', NULL);
INSERT INTO studentPlans VALUES('E2000046B', TRUE, 'CS2101', 'AY 16/17 Sem 1');
INSERT INTO studentPlans VALUES('E2000046B', TRUE, 'CS2281', 'AY 16/17 Sem 1');
INSERT INTO studentPlans VALUES('E2000046B', TRUE, 'CS2106', 'AY 16/17 Sem 1');
INSERT INTO studentPlans VALUES('E2000046B', TRUE, 'CS2271', 'AY 16/17 Sem 1');
INSERT INTO studentPlans VALUES('E2000046B', TRUE, 'CS2010', 'AY 16/17 Sem 1');
INSERT INTO studentPlans VALUES('E2000046B', FALSE, 'CP3202', 'AY 16/17 Sem 2');
INSERT INTO studentPlans VALUES('E2000046B', FALSE, 'CS2107', 'AY 16/17 Sem 2');
INSERT INTO studentPlans VALUES('E2000046B', FALSE, 'CS2309', 'AY 16/17 Sem 2');
INSERT INTO studentPlans VALUES('E2000046B', FALSE, 'CS3103L', 'AY 16/17 Sem 2');
INSERT INTO studentPlans VALUES('E2000046B', FALSE, 'IT2002', 'AY 16/17 Sem 2');
INSERT INTO studentPlans VALUES('E2000046B', FALSE, 'CP3108A', 'AY 17/18 Sem 1');
INSERT INTO studentPlans VALUES('E2000046B', FALSE, 'CS3244', 'AY 17/18 Sem 1');
INSERT INTO studentPlans VALUES('E2000046B', FALSE, 'CS3271', 'AY 17/18 Sem 1');
INSERT INTO studentPlans VALUES('E2000046B', FALSE, 'CP3101C', 'AY 17/18 Sem 1');
INSERT INTO studentPlans VALUES('E2000046B', FALSE, 'CS3282', 'AY 17/18 Sem 1');
INSERT INTO studentPlans VALUES('E2000046B', FALSE, 'CS3234', 'AY 17/18 Sem 2');
INSERT INTO studentPlans VALUES('E2000046B', FALSE, 'CS3201', 'AY 17/18 Sem 2');
INSERT INTO studentPlans VALUES('E2000046B', FALSE, 'CS4271', 'AY 17/18 Sem 2');
INSERT INTO studentPlans VALUES('E2000046B', FALSE, 'CG3204L', 'AY 17/18 Sem 2');
INSERT INTO studentPlans VALUES('E2000046B', FALSE, 'CS4211', 'AY 17/18 Sem 2');

INSERT INTO student VALUES('E2000047B', 2);
INSERT INTO takesFocusArea VALUES('E2000047B', 'Interactive Media', NULL);
INSERT INTO studentPlans VALUES('E2000047B', TRUE, 'CS2020', 'AY 16/17 Sem 1');
INSERT INTO studentPlans VALUES('E2000047B', TRUE, 'CP3101C', 'AY 16/17 Sem 1');
INSERT INTO studentPlans VALUES('E2000047B', TRUE, 'IT2002', 'AY 16/17 Sem 1');
INSERT INTO studentPlans VALUES('E2000047B', TRUE, 'CS2309', 'AY 16/17 Sem 1');
INSERT INTO studentPlans VALUES('E2000047B', TRUE, 'CS2103T', 'AY 16/17 Sem 1');
INSERT INTO studentPlans VALUES('E2000047B', FALSE, 'CS2100', 'AY 16/17 Sem 2');
INSERT INTO studentPlans VALUES('E2000047B', FALSE, 'CS2104', 'AY 16/17 Sem 2');
INSERT INTO studentPlans VALUES('E2000047B', FALSE, 'CS3205', 'AY 16/17 Sem 2');
INSERT INTO studentPlans VALUES('E2000047B', FALSE, 'CG2271', 'AY 16/17 Sem 2');
INSERT INTO studentPlans VALUES('E2000047B', FALSE, 'CS2107', 'AY 16/17 Sem 2');
INSERT INTO studentPlans VALUES('E2000047B', FALSE, 'CS3241', 'AY 17/18 Sem 1');
INSERT INTO studentPlans VALUES('E2000047B', FALSE, 'CP3880', 'AY 17/18 Sem 1');
INSERT INTO studentPlans VALUES('E2000047B', FALSE, 'CS3211', 'AY 17/18 Sem 1');
INSERT INTO studentPlans VALUES('E2000047B', FALSE, 'CS4234', 'AY 17/18 Sem 1');
INSERT INTO studentPlans VALUES('E2000047B', FALSE, 'CS3882', 'AY 17/18 Sem 1');
INSERT INTO studentPlans VALUES('E2000047B', FALSE, 'CP3202', 'AY 17/18 Sem 2');
INSERT INTO studentPlans VALUES('E2000047B', FALSE, 'CP3106', 'AY 17/18 Sem 2');
INSERT INTO studentPlans VALUES('E2000047B', FALSE, 'CS3233', 'AY 17/18 Sem 2');
INSERT INTO studentPlans VALUES('E2000047B', FALSE, 'CP3201', 'AY 17/18 Sem 2');
INSERT INTO studentPlans VALUES('E2000047B', FALSE, 'CS3240', 'AY 17/18 Sem 2');

INSERT INTO student VALUES('E2000048B', 2);
INSERT INTO takesFocusArea VALUES('E2000048B', 'Database Systems', NULL);
INSERT INTO studentPlans VALUES('E2000048B', TRUE, 'CS3202', 'AY 16/17 Sem 1');
INSERT INTO studentPlans VALUES('E2000048B', TRUE, 'CS2020', 'AY 16/17 Sem 1');
INSERT INTO studentPlans VALUES('E2000048B', TRUE, 'CS2104', 'AY 16/17 Sem 1');
INSERT INTO studentPlans VALUES('E2000048B', TRUE, 'CS2309', 'AY 16/17 Sem 1');
INSERT INTO studentPlans VALUES('E2000048B', TRUE, 'CS2103T', 'AY 16/17 Sem 1');
INSERT INTO studentPlans VALUES('E2000048B', FALSE, 'CS2108', 'AY 16/17 Sem 2');
INSERT INTO studentPlans VALUES('E2000048B', FALSE, 'IT2002', 'AY 16/17 Sem 2');
INSERT INTO studentPlans VALUES('E2000048B', FALSE, 'CS2103', 'AY 16/17 Sem 2');
INSERT INTO studentPlans VALUES('E2000048B', FALSE, 'CS2102', 'AY 16/17 Sem 2');
INSERT INTO studentPlans VALUES('E2000048B', FALSE, 'CS3233', 'AY 16/17 Sem 2');
INSERT INTO studentPlans VALUES('E2000048B', FALSE, 'CP3881', 'AY 17/18 Sem 1');
INSERT INTO studentPlans VALUES('E2000048B', FALSE, 'CS3243', 'AY 17/18 Sem 1');
INSERT INTO studentPlans VALUES('E2000048B', FALSE, 'CS3223', 'AY 17/18 Sem 1');
INSERT INTO studentPlans VALUES('E2000048B', FALSE, 'CS3213', 'AY 17/18 Sem 1');
INSERT INTO studentPlans VALUES('E2000048B', FALSE, 'CS3882', 'AY 17/18 Sem 1');
INSERT INTO studentPlans VALUES('E2000048B', FALSE, 'CS3271', 'AY 17/18 Sem 2');
INSERT INTO studentPlans VALUES('E2000048B', FALSE, 'CS3281', 'AY 17/18 Sem 2');
INSERT INTO studentPlans VALUES('E2000048B', FALSE, 'CS4243', 'AY 17/18 Sem 2');
INSERT INTO studentPlans VALUES('E2000048B', FALSE, 'CS3103L', 'AY 17/18 Sem 2');
INSERT INTO studentPlans VALUES('E2000048B', FALSE, 'CS3216', 'AY 17/18 Sem 2');

INSERT INTO student VALUES('E2000049B', 2);
INSERT INTO takesFocusArea VALUES('E2000049B', 'Artificial Intelligence', NULL);
INSERT INTO studentPlans VALUES('E2000049B', TRUE, 'IT2002', 'AY 16/17 Sem 1');
INSERT INTO studentPlans VALUES('E2000049B', TRUE, 'CS2100', 'AY 16/17 Sem 1');
INSERT INTO studentPlans VALUES('E2000049B', TRUE, 'CS3226', 'AY 16/17 Sem 1');
INSERT INTO studentPlans VALUES('E2000049B', TRUE, 'CS2107', 'AY 16/17 Sem 1');
INSERT INTO studentPlans VALUES('E2000049B', TRUE, 'CP2201', 'AY 16/17 Sem 1');
INSERT INTO studentPlans VALUES('E2000049B', FALSE, 'CS2309', 'AY 16/17 Sem 2');
INSERT INTO studentPlans VALUES('E2000049B', FALSE, 'CG2271', 'AY 16/17 Sem 2');
INSERT INTO studentPlans VALUES('E2000049B', FALSE, 'CS2010', 'AY 16/17 Sem 2');
INSERT INTO studentPlans VALUES('E2000049B', FALSE, 'CS2220', 'AY 16/17 Sem 2');
INSERT INTO studentPlans VALUES('E2000049B', FALSE, 'IT2001', 'AY 16/17 Sem 2');
INSERT INTO studentPlans VALUES('E2000049B', FALSE, 'CS4220', 'AY 17/18 Sem 1');
INSERT INTO studentPlans VALUES('E2000049B', FALSE, 'CS3281', 'AY 17/18 Sem 1');
INSERT INTO studentPlans VALUES('E2000049B', FALSE, 'CS3241', 'AY 17/18 Sem 1');
INSERT INTO studentPlans VALUES('E2000049B', FALSE, 'CS4350', 'AY 17/18 Sem 1');
INSERT INTO studentPlans VALUES('E2000049B', FALSE, 'CS3240', 'AY 17/18 Sem 1');
INSERT INTO studentPlans VALUES('E2000049B', FALSE, 'CS3247', 'AY 17/18 Sem 2');
INSERT INTO studentPlans VALUES('E2000049B', FALSE, 'CS4222', 'AY 17/18 Sem 2');
INSERT INTO studentPlans VALUES('E2000049B', FALSE, 'CS3201', 'AY 17/18 Sem 2');
INSERT INTO studentPlans VALUES('E2000049B', FALSE, 'CS3234', 'AY 17/18 Sem 2');
INSERT INTO studentPlans VALUES('E2000049B', FALSE, 'CS3211', 'AY 17/18 Sem 2');

INSERT INTO student VALUES('E2000050B', 2);
INSERT INTO takesFocusArea VALUES('E2000050B', 'Multimedia Information Retrieval', NULL);
INSERT INTO studentPlans VALUES('E2000050B', TRUE, 'CS2101', 'AY 16/17 Sem 1');
INSERT INTO studentPlans VALUES('E2000050B', TRUE, 'CS2107', 'AY 16/17 Sem 1');
INSERT INTO studentPlans VALUES('E2000050B', TRUE, 'CS2100', 'AY 16/17 Sem 1');
INSERT INTO studentPlans VALUES('E2000050B', TRUE, 'CS3241', 'AY 16/17 Sem 1');
INSERT INTO studentPlans VALUES('E2000050B', TRUE, 'IT2001', 'AY 16/17 Sem 1');
INSERT INTO studentPlans VALUES('E2000050B', FALSE, 'CS2309', 'AY 16/17 Sem 2');
INSERT INTO studentPlans VALUES('E2000050B', FALSE, 'CS2103', 'AY 16/17 Sem 2');
INSERT INTO studentPlans VALUES('E2000050B', FALSE, 'CS2271', 'AY 16/17 Sem 2');
INSERT INTO studentPlans VALUES('E2000050B', FALSE, 'IT2002', 'AY 16/17 Sem 2');
INSERT INTO studentPlans VALUES('E2000050B', FALSE, 'CS3202', 'AY 16/17 Sem 2');
INSERT INTO studentPlans VALUES('E2000050B', FALSE, 'CP3109', 'AY 17/18 Sem 1');
INSERT INTO studentPlans VALUES('E2000050B', FALSE, 'CG3204L', 'AY 17/18 Sem 1');
INSERT INTO studentPlans VALUES('E2000050B', FALSE, 'CS3225', 'AY 17/18 Sem 1');
INSERT INTO studentPlans VALUES('E2000050B', FALSE, 'CG3002', 'AY 17/18 Sem 1');
INSERT INTO studentPlans VALUES('E2000050B', FALSE, 'CS3226', 'AY 17/18 Sem 1');
INSERT INTO studentPlans VALUES('E2000050B', FALSE, 'CS3211', 'AY 17/18 Sem 2');
INSERT INTO studentPlans VALUES('E2000050B', FALSE, 'CS3220', 'AY 17/18 Sem 2');
INSERT INTO studentPlans VALUES('E2000050B', FALSE, 'CS3230', 'AY 17/18 Sem 2');
INSERT INTO studentPlans VALUES('E2000050B', FALSE, 'CS3223', 'AY 17/18 Sem 2');
INSERT INTO studentPlans VALUES('E2000050B', FALSE, 'CS4222', 'AY 17/18 Sem 2');

INSERT INTO student VALUES('E2000051B', 2);
INSERT INTO takesFocusArea VALUES('E2000051B', 'Networking and Distributed Systems', NULL);
INSERT INTO studentPlans VALUES('E2000051B', TRUE, 'CS2107', 'AY 16/17 Sem 1');
INSERT INTO studentPlans VALUES('E2000051B', TRUE, 'CS2108', 'AY 16/17 Sem 1');
INSERT INTO studentPlans VALUES('E2000051B', TRUE, 'CS2309', 'AY 16/17 Sem 1');
INSERT INTO studentPlans VALUES('E2000051B', TRUE, 'CS2281', 'AY 16/17 Sem 1');
INSERT INTO studentPlans VALUES('E2000051B', TRUE, 'CS2103T', 'AY 16/17 Sem 1');
INSERT INTO studentPlans VALUES('E2000051B', FALSE, 'CG2271', 'AY 16/17 Sem 2');
INSERT INTO studentPlans VALUES('E2000051B', FALSE, 'CS2010', 'AY 16/17 Sem 2');
INSERT INTO studentPlans VALUES('E2000051B', FALSE, 'CS2103', 'AY 16/17 Sem 2');
INSERT INTO studentPlans VALUES('E2000051B', FALSE, 'CS2105', 'AY 16/17 Sem 2');
INSERT INTO studentPlans VALUES('E2000051B', FALSE, 'CS2100', 'AY 16/17 Sem 2');
INSERT INTO studentPlans VALUES('E2000051B', FALSE, 'CS3271', 'AY 17/18 Sem 1');
INSERT INTO studentPlans VALUES('E2000051B', FALSE, 'CS3882', 'AY 17/18 Sem 1');
INSERT INTO studentPlans VALUES('E2000051B', FALSE, 'CS4242', 'AY 17/18 Sem 1');
INSERT INTO studentPlans VALUES('E2000051B', FALSE, 'CS4239', 'AY 17/18 Sem 1');
INSERT INTO studentPlans VALUES('E2000051B', FALSE, 'CS3103L', 'AY 17/18 Sem 1');
INSERT INTO studentPlans VALUES('E2000051B', FALSE, 'CP3101A', 'AY 17/18 Sem 2');
INSERT INTO studentPlans VALUES('E2000051B', FALSE, 'CS3210', 'AY 17/18 Sem 2');
INSERT INTO studentPlans VALUES('E2000051B', FALSE, 'CS3201', 'AY 17/18 Sem 2');
INSERT INTO studentPlans VALUES('E2000051B', FALSE, 'CS3221', 'AY 17/18 Sem 2');
INSERT INTO studentPlans VALUES('E2000051B', FALSE, 'CS3242', 'AY 17/18 Sem 2');

INSERT INTO student VALUES('E2000052B', 2);
INSERT INTO takesFocusArea VALUES('E2000052B', 'Computer Security', NULL);
INSERT INTO studentPlans VALUES('E2000052B', TRUE, 'CS2220', 'AY 16/17 Sem 1');
INSERT INTO studentPlans VALUES('E2000052B', TRUE, 'CS2271', 'AY 16/17 Sem 1');
INSERT INTO studentPlans VALUES('E2000052B', TRUE, 'CS2281', 'AY 16/17 Sem 1');
INSERT INTO studentPlans VALUES('E2000052B', TRUE, 'CS2100', 'AY 16/17 Sem 1');
INSERT INTO studentPlans VALUES('E2000052B', TRUE, 'CS2020', 'AY 16/17 Sem 1');
INSERT INTO studentPlans VALUES('E2000052B', FALSE, 'CS2105', 'AY 16/17 Sem 2');
INSERT INTO studentPlans VALUES('E2000052B', FALSE, 'CS3219', 'AY 16/17 Sem 2');
INSERT INTO studentPlans VALUES('E2000052B', FALSE, 'CS2010', 'AY 16/17 Sem 2');
INSERT INTO studentPlans VALUES('E2000052B', FALSE, 'CS2102', 'AY 16/17 Sem 2');
INSERT INTO studentPlans VALUES('E2000052B', FALSE, 'CG2271', 'AY 16/17 Sem 2');
INSERT INTO studentPlans VALUES('E2000052B', FALSE, 'CS4238', 'AY 17/18 Sem 1');
INSERT INTO studentPlans VALUES('E2000052B', FALSE, 'CS3213', 'AY 17/18 Sem 1');
INSERT INTO studentPlans VALUES('E2000052B', FALSE, 'CS3225', 'AY 17/18 Sem 1');
INSERT INTO studentPlans VALUES('E2000052B', FALSE, 'CS3343', 'AY 17/18 Sem 1');
INSERT INTO studentPlans VALUES('E2000052B', FALSE, 'CS3220', 'AY 17/18 Sem 1');
INSERT INTO studentPlans VALUES('E2000052B', FALSE, 'CS3223', 'AY 17/18 Sem 2');
INSERT INTO studentPlans VALUES('E2000052B', FALSE, 'CS4221', 'AY 17/18 Sem 2');
INSERT INTO studentPlans VALUES('E2000052B', FALSE, 'CS3212', 'AY 17/18 Sem 2');
INSERT INTO studentPlans VALUES('E2000052B', FALSE, 'CS3210', 'AY 17/18 Sem 2');
INSERT INTO studentPlans VALUES('E2000052B', FALSE, 'CS3284', 'AY 17/18 Sem 2');

INSERT INTO student VALUES('E2000053B', 2);
INSERT INTO takesFocusArea VALUES('E2000053B', 'Visual Computing', NULL);
INSERT INTO studentPlans VALUES('E2000053B', TRUE, 'CG3204L', 'AY 16/17 Sem 1');
INSERT INTO studentPlans VALUES('E2000053B', TRUE, 'CP2201', 'AY 16/17 Sem 1');
INSERT INTO studentPlans VALUES('E2000053B', TRUE, 'CS2220', 'AY 16/17 Sem 1');
INSERT INTO studentPlans VALUES('E2000053B', TRUE, 'CS2106', 'AY 16/17 Sem 1');
INSERT INTO studentPlans VALUES('E2000053B', TRUE, 'CS2100', 'AY 16/17 Sem 1');
INSERT INTO studentPlans VALUES('E2000053B', FALSE, 'CS2271', 'AY 16/17 Sem 2');
INSERT INTO studentPlans VALUES('E2000053B', FALSE, 'CS2103T', 'AY 16/17 Sem 2');
INSERT INTO studentPlans VALUES('E2000053B', FALSE, 'CS2105', 'AY 16/17 Sem 2');
INSERT INTO studentPlans VALUES('E2000053B', FALSE, 'CS2101', 'AY 16/17 Sem 2');
INSERT INTO studentPlans VALUES('E2000053B', FALSE, 'CS2010', 'AY 16/17 Sem 2');
INSERT INTO studentPlans VALUES('E2000053B', FALSE, 'CS3882', 'AY 17/18 Sem 1');
INSERT INTO studentPlans VALUES('E2000053B', FALSE, 'CS3236', 'AY 17/18 Sem 1');
INSERT INTO studentPlans VALUES('E2000053B', FALSE, 'CS4240', 'AY 17/18 Sem 1');
INSERT INTO studentPlans VALUES('E2000053B', FALSE, 'CS3219', 'AY 17/18 Sem 1');
INSERT INTO studentPlans VALUES('E2000053B', FALSE, 'CP3101C', 'AY 17/18 Sem 1');
INSERT INTO studentPlans VALUES('E2000053B', FALSE, 'CP3881', 'AY 17/18 Sem 2');
INSERT INTO studentPlans VALUES('E2000053B', FALSE, 'CS3246', 'AY 17/18 Sem 2');
INSERT INTO studentPlans VALUES('E2000053B', FALSE, 'CP3200', 'AY 17/18 Sem 2');
INSERT INTO studentPlans VALUES('E2000053B', FALSE, 'CS3103L', 'AY 17/18 Sem 2');
INSERT INTO studentPlans VALUES('E2000053B', FALSE, 'CS3249', 'AY 17/18 Sem 2');

INSERT INTO student VALUES('E2000054B', 2);
INSERT INTO takesFocusArea VALUES('E2000054B', 'Computer Security', NULL);
INSERT INTO studentPlans VALUES('E2000054B', TRUE, 'CS2220', 'AY 16/17 Sem 1');
INSERT INTO studentPlans VALUES('E2000054B', TRUE, 'IT2001', 'AY 16/17 Sem 1');
INSERT INTO studentPlans VALUES('E2000054B', TRUE, 'CS2104', 'AY 16/17 Sem 1');
INSERT INTO studentPlans VALUES('E2000054B', TRUE, 'CS2271', 'AY 16/17 Sem 1');
INSERT INTO studentPlans VALUES('E2000054B', TRUE, 'CG3204L', 'AY 16/17 Sem 1');
INSERT INTO studentPlans VALUES('E2000054B', FALSE, 'CS2106', 'AY 16/17 Sem 2');
INSERT INTO studentPlans VALUES('E2000054B', FALSE, 'CS2102', 'AY 16/17 Sem 2');
INSERT INTO studentPlans VALUES('E2000054B', FALSE, 'CS2020', 'AY 16/17 Sem 2');
INSERT INTO studentPlans VALUES('E2000054B', FALSE, 'CP3101', 'AY 16/17 Sem 2');
INSERT INTO studentPlans VALUES('E2000054B', FALSE, 'CS2100', 'AY 16/17 Sem 2');
INSERT INTO studentPlans VALUES('E2000054B', FALSE, 'CS3221', 'AY 17/18 Sem 1');
INSERT INTO studentPlans VALUES('E2000054B', FALSE, 'CS3202', 'AY 17/18 Sem 1');
INSERT INTO studentPlans VALUES('E2000054B', FALSE, 'CP3202', 'AY 17/18 Sem 1');
INSERT INTO studentPlans VALUES('E2000054B', FALSE, 'CS3201', 'AY 17/18 Sem 1');
INSERT INTO studentPlans VALUES('E2000054B', FALSE, 'CS3205', 'AY 17/18 Sem 1');
INSERT INTO studentPlans VALUES('E2000054B', FALSE, 'CS3219', 'AY 17/18 Sem 2');
INSERT INTO studentPlans VALUES('E2000054B', FALSE, 'CP3109', 'AY 17/18 Sem 2');
INSERT INTO studentPlans VALUES('E2000054B', FALSE, 'CS4231', 'AY 17/18 Sem 2');
INSERT INTO studentPlans VALUES('E2000054B', FALSE, 'CP3200', 'AY 17/18 Sem 2');
INSERT INTO studentPlans VALUES('E2000054B', FALSE, 'CS4211', 'AY 17/18 Sem 2');

INSERT INTO student VALUES('E2000055B', 2);
INSERT INTO takesFocusArea VALUES('E2000055B', 'Software Engineering', NULL);
INSERT INTO studentPlans VALUES('E2000055B', TRUE, 'CS2104', 'AY 16/17 Sem 1');
INSERT INTO studentPlans VALUES('E2000055B', TRUE, 'CS2106', 'AY 16/17 Sem 1');
INSERT INTO studentPlans VALUES('E2000055B', TRUE, 'IT2002', 'AY 16/17 Sem 1');
INSERT INTO studentPlans VALUES('E2000055B', TRUE, 'CS2105', 'AY 16/17 Sem 1');
INSERT INTO studentPlans VALUES('E2000055B', TRUE, 'CS2220', 'AY 16/17 Sem 1');
INSERT INTO studentPlans VALUES('E2000055B', FALSE, 'CP3202', 'AY 16/17 Sem 2');
INSERT INTO studentPlans VALUES('E2000055B', FALSE, 'CG2271', 'AY 16/17 Sem 2');
INSERT INTO studentPlans VALUES('E2000055B', FALSE, 'CS2103', 'AY 16/17 Sem 2');
INSERT INTO studentPlans VALUES('E2000055B', FALSE, 'CS2108', 'AY 16/17 Sem 2');
INSERT INTO studentPlans VALUES('E2000055B', FALSE, 'CP3881', 'AY 16/17 Sem 2');
INSERT INTO studentPlans VALUES('E2000055B', FALSE, 'CP3106', 'AY 17/18 Sem 1');
INSERT INTO studentPlans VALUES('E2000055B', FALSE, 'CS3205', 'AY 17/18 Sem 1');
INSERT INTO studentPlans VALUES('E2000055B', FALSE, 'CP3108B', 'AY 17/18 Sem 1');
INSERT INTO studentPlans VALUES('E2000055B', FALSE, 'CP3880', 'AY 17/18 Sem 1');
INSERT INTO studentPlans VALUES('E2000055B', FALSE, 'CP3209', 'AY 17/18 Sem 1');
INSERT INTO studentPlans VALUES('E2000055B', FALSE, 'CS3243', 'AY 17/18 Sem 2');
INSERT INTO studentPlans VALUES('E2000055B', FALSE, 'CP3208', 'AY 17/18 Sem 2');
INSERT INTO studentPlans VALUES('E2000055B', FALSE, 'CS3201', 'AY 17/18 Sem 2');
INSERT INTO studentPlans VALUES('E2000055B', FALSE, 'CS3241', 'AY 17/18 Sem 2');
INSERT INTO studentPlans VALUES('E2000055B', FALSE, 'CS4275', 'AY 17/18 Sem 2');

INSERT INTO student VALUES('E2000056B', 2);
INSERT INTO takesFocusArea VALUES('E2000056B', 'Parallel Computing', NULL);
INSERT INTO studentPlans VALUES('E2000056B', TRUE, 'IT2002', 'AY 16/17 Sem 1');
INSERT INTO studentPlans VALUES('E2000056B', TRUE, 'CS2106', 'AY 16/17 Sem 1');
INSERT INTO studentPlans VALUES('E2000056B', TRUE, 'CS2105', 'AY 16/17 Sem 1');
INSERT INTO studentPlans VALUES('E2000056B', TRUE, 'CS2100', 'AY 16/17 Sem 1');
INSERT INTO studentPlans VALUES('E2000056B', TRUE, 'CS2108', 'AY 16/17 Sem 1');
INSERT INTO studentPlans VALUES('E2000056B', FALSE, 'CS2101', 'AY 16/17 Sem 2');
INSERT INTO studentPlans VALUES('E2000056B', FALSE, 'CS2220', 'AY 16/17 Sem 2');
INSERT INTO studentPlans VALUES('E2000056B', FALSE, 'CS2103', 'AY 16/17 Sem 2');
INSERT INTO studentPlans VALUES('E2000056B', FALSE, 'CG2271', 'AY 16/17 Sem 2');
INSERT INTO studentPlans VALUES('E2000056B', FALSE, 'CS2309', 'AY 16/17 Sem 2');
INSERT INTO studentPlans VALUES('E2000056B', FALSE, 'CP3881', 'AY 17/18 Sem 1');
INSERT INTO studentPlans VALUES('E2000056B', FALSE, 'CS3343', 'AY 17/18 Sem 1');
INSERT INTO studentPlans VALUES('E2000056B', FALSE, 'CS3216', 'AY 17/18 Sem 1');
INSERT INTO studentPlans VALUES('E2000056B', FALSE, 'CS3236', 'AY 17/18 Sem 1');
INSERT INTO studentPlans VALUES('E2000056B', FALSE, 'CS4224', 'AY 17/18 Sem 1');
INSERT INTO studentPlans VALUES('E2000056B', FALSE, 'CS3235', 'AY 17/18 Sem 2');
INSERT INTO studentPlans VALUES('E2000056B', FALSE, 'CS3218', 'AY 17/18 Sem 2');
INSERT INTO studentPlans VALUES('E2000056B', FALSE, 'CS3217', 'AY 17/18 Sem 2');
INSERT INTO studentPlans VALUES('E2000056B', FALSE, 'CS3223', 'AY 17/18 Sem 2');
INSERT INTO studentPlans VALUES('E2000056B', FALSE, 'CP3880', 'AY 17/18 Sem 2');

INSERT INTO student VALUES('E2000057B', 2);
INSERT INTO takesFocusArea VALUES('E2000057B', 'Visual Computing', NULL);
INSERT INTO studentPlans VALUES('E2000057B', TRUE, 'CS2103', 'AY 16/17 Sem 1');
INSERT INTO studentPlans VALUES('E2000057B', TRUE, 'IT2001', 'AY 16/17 Sem 1');
INSERT INTO studentPlans VALUES('E2000057B', TRUE, 'CS2103T', 'AY 16/17 Sem 1');
INSERT INTO studentPlans VALUES('E2000057B', TRUE, 'CP3108A', 'AY 16/17 Sem 1');
INSERT INTO studentPlans VALUES('E2000057B', TRUE, 'CS2104', 'AY 16/17 Sem 1');
INSERT INTO studentPlans VALUES('E2000057B', FALSE, 'CP3101A', 'AY 16/17 Sem 2');
INSERT INTO studentPlans VALUES('E2000057B', FALSE, 'CG2271', 'AY 16/17 Sem 2');
INSERT INTO studentPlans VALUES('E2000057B', FALSE, 'CS2100', 'AY 16/17 Sem 2');
INSERT INTO studentPlans VALUES('E2000057B', FALSE, 'CP3200', 'AY 16/17 Sem 2');
INSERT INTO studentPlans VALUES('E2000057B', FALSE, 'CS2281', 'AY 16/17 Sem 2');
INSERT INTO studentPlans VALUES('E2000057B', FALSE, 'CS3226', 'AY 17/18 Sem 1');
INSERT INTO studentPlans VALUES('E2000057B', FALSE, 'CS3233', 'AY 17/18 Sem 1');
INSERT INTO studentPlans VALUES('E2000057B', FALSE, 'CS3215', 'AY 17/18 Sem 1');
INSERT INTO studentPlans VALUES('E2000057B', FALSE, 'CG3204L', 'AY 17/18 Sem 1');
INSERT INTO studentPlans VALUES('E2000057B', FALSE, 'CP3880', 'AY 17/18 Sem 1');
INSERT INTO studentPlans VALUES('E2000057B', FALSE, 'CS4275', 'AY 17/18 Sem 2');
INSERT INTO studentPlans VALUES('E2000057B', FALSE, 'CP3881', 'AY 17/18 Sem 2');
INSERT INTO studentPlans VALUES('E2000057B', FALSE, 'CS3343', 'AY 17/18 Sem 2');
INSERT INTO studentPlans VALUES('E2000057B', FALSE, 'CP3106', 'AY 17/18 Sem 2');
INSERT INTO studentPlans VALUES('E2000057B', FALSE, 'CS3235', 'AY 17/18 Sem 2');

INSERT INTO student VALUES('E2000058B', 2);
INSERT INTO takesFocusArea VALUES('E2000058B', 'Multimedia Information Retrieval', NULL);
INSERT INTO studentPlans VALUES('E2000058B', TRUE, 'CS2220', 'AY 16/17 Sem 1');
INSERT INTO studentPlans VALUES('E2000058B', TRUE, 'CS2020', 'AY 16/17 Sem 1');
INSERT INTO studentPlans VALUES('E2000058B', TRUE, 'CS2101', 'AY 16/17 Sem 1');
INSERT INTO studentPlans VALUES('E2000058B', TRUE, 'CS3216', 'AY 16/17 Sem 1');
INSERT INTO studentPlans VALUES('E2000058B', TRUE, 'CS2102', 'AY 16/17 Sem 1');
INSERT INTO studentPlans VALUES('E2000058B', FALSE, 'CS2103', 'AY 16/17 Sem 2');
INSERT INTO studentPlans VALUES('E2000058B', FALSE, 'CP2201', 'AY 16/17 Sem 2');
INSERT INTO studentPlans VALUES('E2000058B', FALSE, 'CS3205', 'AY 16/17 Sem 2');
INSERT INTO studentPlans VALUES('E2000058B', FALSE, 'CS2100', 'AY 16/17 Sem 2');
INSERT INTO studentPlans VALUES('E2000058B', FALSE, 'CS2107', 'AY 16/17 Sem 2');
INSERT INTO studentPlans VALUES('E2000058B', FALSE, 'CS3882', 'AY 17/18 Sem 1');
INSERT INTO studentPlans VALUES('E2000058B', FALSE, 'CS3282', 'AY 17/18 Sem 1');
INSERT INTO studentPlans VALUES('E2000058B', FALSE, 'CS3242', 'AY 17/18 Sem 1');
INSERT INTO studentPlans VALUES('E2000058B', FALSE, 'CS3234', 'AY 17/18 Sem 1');
INSERT INTO studentPlans VALUES('E2000058B', FALSE, 'CS4271', 'AY 17/18 Sem 1');
INSERT INTO studentPlans VALUES('E2000058B', FALSE, 'CS3212', 'AY 17/18 Sem 2');
INSERT INTO studentPlans VALUES('E2000058B', FALSE, 'CP3101', 'AY 17/18 Sem 2');
INSERT INTO studentPlans VALUES('E2000058B', FALSE, 'CS3103', 'AY 17/18 Sem 2');
INSERT INTO studentPlans VALUES('E2000058B', FALSE, 'CS3249', 'AY 17/18 Sem 2');
INSERT INTO studentPlans VALUES('E2000058B', FALSE, 'CP3880', 'AY 17/18 Sem 2');

INSERT INTO student VALUES('E2000059B', 2);
INSERT INTO takesFocusArea VALUES('E2000059B', 'Interactive Media', NULL);
INSERT INTO studentPlans VALUES('E2000059B', TRUE, 'CS2271', 'AY 16/17 Sem 1');
INSERT INTO studentPlans VALUES('E2000059B', TRUE, 'CG3002', 'AY 16/17 Sem 1');
INSERT INTO studentPlans VALUES('E2000059B', TRUE, 'CS2106', 'AY 16/17 Sem 1');
INSERT INTO studentPlans VALUES('E2000059B', TRUE, 'CS2010', 'AY 16/17 Sem 1');
INSERT INTO studentPlans VALUES('E2000059B', TRUE, 'CS2108', 'AY 16/17 Sem 1');
INSERT INTO studentPlans VALUES('E2000059B', FALSE, 'CS2104', 'AY 16/17 Sem 2');
INSERT INTO studentPlans VALUES('E2000059B', FALSE, 'CP3101C', 'AY 16/17 Sem 2');
INSERT INTO studentPlans VALUES('E2000059B', FALSE, 'CS2103', 'AY 16/17 Sem 2');
INSERT INTO studentPlans VALUES('E2000059B', FALSE, 'CS2220', 'AY 16/17 Sem 2');
INSERT INTO studentPlans VALUES('E2000059B', FALSE, 'CS2102', 'AY 16/17 Sem 2');
INSERT INTO studentPlans VALUES('E2000059B', FALSE, 'CS3205', 'AY 17/18 Sem 1');
INSERT INTO studentPlans VALUES('E2000059B', FALSE, 'CS3220', 'AY 17/18 Sem 1');
INSERT INTO studentPlans VALUES('E2000059B', FALSE, 'CG3204L', 'AY 17/18 Sem 1');
INSERT INTO studentPlans VALUES('E2000059B', FALSE, 'CP3202', 'AY 17/18 Sem 1');
INSERT INTO studentPlans VALUES('E2000059B', FALSE, 'CS4220', 'AY 17/18 Sem 1');
INSERT INTO studentPlans VALUES('E2000059B', FALSE, 'CS3233', 'AY 17/18 Sem 2');
INSERT INTO studentPlans VALUES('E2000059B', FALSE, 'CS4236', 'AY 17/18 Sem 2');
INSERT INTO studentPlans VALUES('E2000059B', FALSE, 'CS3223', 'AY 17/18 Sem 2');
INSERT INTO studentPlans VALUES('E2000059B', FALSE, 'CP3108A', 'AY 17/18 Sem 2');
INSERT INTO studentPlans VALUES('E2000059B', FALSE, 'CS4271', 'AY 17/18 Sem 2');

INSERT INTO student VALUES('E2000060B', 2);
INSERT INTO takesFocusArea VALUES('E2000060B', 'Visual Computing', NULL);
INSERT INTO studentPlans VALUES('E2000060B', TRUE, 'CS2104', 'AY 16/17 Sem 1');
INSERT INTO studentPlans VALUES('E2000060B', TRUE, 'CS3215', 'AY 16/17 Sem 1');
INSERT INTO studentPlans VALUES('E2000060B', TRUE, 'IT2002', 'AY 16/17 Sem 1');
INSERT INTO studentPlans VALUES('E2000060B', TRUE, 'CS3283', 'AY 16/17 Sem 1');
INSERT INTO studentPlans VALUES('E2000060B', TRUE, 'CS2107', 'AY 16/17 Sem 1');
INSERT INTO studentPlans VALUES('E2000060B', FALSE, 'CS2020', 'AY 16/17 Sem 2');
INSERT INTO studentPlans VALUES('E2000060B', FALSE, 'CS2281', 'AY 16/17 Sem 2');
INSERT INTO studentPlans VALUES('E2000060B', FALSE, 'CS3211', 'AY 16/17 Sem 2');
INSERT INTO studentPlans VALUES('E2000060B', FALSE, 'CS2103T', 'AY 16/17 Sem 2');
INSERT INTO studentPlans VALUES('E2000060B', FALSE, 'CS2102', 'AY 16/17 Sem 2');
INSERT INTO studentPlans VALUES('E2000060B', FALSE, 'CP3106', 'AY 17/18 Sem 1');
INSERT INTO studentPlans VALUES('E2000060B', FALSE, 'CP3880', 'AY 17/18 Sem 1');
INSERT INTO studentPlans VALUES('E2000060B', FALSE, 'CS4238', 'AY 17/18 Sem 1');
INSERT INTO studentPlans VALUES('E2000060B', FALSE, 'CS3205', 'AY 17/18 Sem 1');
INSERT INTO studentPlans VALUES('E2000060B', FALSE, 'CS3240', 'AY 17/18 Sem 1');
INSERT INTO studentPlans VALUES('E2000060B', FALSE, 'CS3212', 'AY 17/18 Sem 2');
INSERT INTO studentPlans VALUES('E2000060B', FALSE, 'CP3208', 'AY 17/18 Sem 2');
INSERT INTO studentPlans VALUES('E2000060B', FALSE, 'CS3218', 'AY 17/18 Sem 2');
INSERT INTO studentPlans VALUES('E2000060B', FALSE, 'CS3103L', 'AY 17/18 Sem 2');
INSERT INTO studentPlans VALUES('E2000060B', FALSE, 'CS4232', 'AY 17/18 Sem 2');

INSERT INTO student VALUES('E2000061B', 2);
INSERT INTO takesFocusArea VALUES('E2000061B', 'Visual Computing', NULL);
INSERT INTO studentPlans VALUES('E2000061B', TRUE, 'IT2002', 'AY 16/17 Sem 1');
INSERT INTO studentPlans VALUES('E2000061B', TRUE, 'CG2271', 'AY 16/17 Sem 1');
INSERT INTO studentPlans VALUES('E2000061B', TRUE, 'CS2104', 'AY 16/17 Sem 1');
INSERT INTO studentPlans VALUES('E2000061B', TRUE, 'CS2220', 'AY 16/17 Sem 1');
INSERT INTO studentPlans VALUES('E2000061B', TRUE, 'CP2201', 'AY 16/17 Sem 1');
INSERT INTO studentPlans VALUES('E2000061B', FALSE, 'CS2108', 'AY 16/17 Sem 2');
INSERT INTO studentPlans VALUES('E2000061B', FALSE, 'CS2103', 'AY 16/17 Sem 2');
INSERT INTO studentPlans VALUES('E2000061B', FALSE, 'CS2100', 'AY 16/17 Sem 2');
INSERT INTO studentPlans VALUES('E2000061B', FALSE, 'CS2020', 'AY 16/17 Sem 2');
INSERT INTO studentPlans VALUES('E2000061B', FALSE, 'IT2001', 'AY 16/17 Sem 2');
INSERT INTO studentPlans VALUES('E2000061B', FALSE, 'CP3200', 'AY 17/18 Sem 1');
INSERT INTO studentPlans VALUES('E2000061B', FALSE, 'CS3246', 'AY 17/18 Sem 1');
INSERT INTO studentPlans VALUES('E2000061B', FALSE, 'CP3101C', 'AY 17/18 Sem 1');
INSERT INTO studentPlans VALUES('E2000061B', FALSE, 'CP3201', 'AY 17/18 Sem 1');
INSERT INTO studentPlans VALUES('E2000061B', FALSE, 'CS4271', 'AY 17/18 Sem 1');
INSERT INTO studentPlans VALUES('E2000061B', FALSE, 'CS4236', 'AY 17/18 Sem 2');
INSERT INTO studentPlans VALUES('E2000061B', FALSE, 'CS3202', 'AY 17/18 Sem 2');
INSERT INTO studentPlans VALUES('E2000061B', FALSE, 'CP3108A', 'AY 17/18 Sem 2');
INSERT INTO studentPlans VALUES('E2000061B', FALSE, 'CS3218', 'AY 17/18 Sem 2');
INSERT INTO studentPlans VALUES('E2000061B', FALSE, 'CS3220', 'AY 17/18 Sem 2');

INSERT INTO student VALUES('E2000062B', 2);
INSERT INTO takesFocusArea VALUES('E2000062B', 'Algorithms & Theory', NULL);
INSERT INTO studentPlans VALUES('E2000062B', TRUE, 'CG2271', 'AY 16/17 Sem 1');
INSERT INTO studentPlans VALUES('E2000062B', TRUE, 'IT2001', 'AY 16/17 Sem 1');
INSERT INTO studentPlans VALUES('E2000062B', TRUE, 'CS2100', 'AY 16/17 Sem 1');
INSERT INTO studentPlans VALUES('E2000062B', TRUE, 'CP2201', 'AY 16/17 Sem 1');
INSERT INTO studentPlans VALUES('E2000062B', TRUE, 'CS2281', 'AY 16/17 Sem 1');
INSERT INTO studentPlans VALUES('E2000062B', FALSE, 'CS2105', 'AY 16/17 Sem 2');
INSERT INTO studentPlans VALUES('E2000062B', FALSE, 'CS2101', 'AY 16/17 Sem 2');
INSERT INTO studentPlans VALUES('E2000062B', FALSE, 'CS2102', 'AY 16/17 Sem 2');
INSERT INTO studentPlans VALUES('E2000062B', FALSE, 'CS3882', 'AY 16/17 Sem 2');
INSERT INTO studentPlans VALUES('E2000062B', FALSE, 'CS2103', 'AY 16/17 Sem 2');
INSERT INTO studentPlans VALUES('E2000062B', FALSE, 'CS4232', 'AY 17/18 Sem 1');
INSERT INTO studentPlans VALUES('E2000062B', FALSE, 'CS3220', 'AY 17/18 Sem 1');
INSERT INTO studentPlans VALUES('E2000062B', FALSE, 'CP3101C', 'AY 17/18 Sem 1');
INSERT INTO studentPlans VALUES('E2000062B', FALSE, 'CP3881', 'AY 17/18 Sem 1');
INSERT INTO studentPlans VALUES('E2000062B', FALSE, 'CS3241', 'AY 17/18 Sem 1');
INSERT INTO studentPlans VALUES('E2000062B', FALSE, 'CP3201', 'AY 17/18 Sem 2');
INSERT INTO studentPlans VALUES('E2000062B', FALSE, 'CS3343', 'AY 17/18 Sem 2');
INSERT INTO studentPlans VALUES('E2000062B', FALSE, 'CS4223', 'AY 17/18 Sem 2');
INSERT INTO studentPlans VALUES('E2000062B', FALSE, 'CS3219', 'AY 17/18 Sem 2');
INSERT INTO studentPlans VALUES('E2000062B', FALSE, 'CS4242', 'AY 17/18 Sem 2');

INSERT INTO student VALUES('E2000063B', 2);
INSERT INTO takesFocusArea VALUES('E2000063B', 'Interactive Media', NULL);
INSERT INTO studentPlans VALUES('E2000063B', TRUE, 'CS2220', 'AY 16/17 Sem 1');
INSERT INTO studentPlans VALUES('E2000063B', TRUE, 'CS2103', 'AY 16/17 Sem 1');
INSERT INTO studentPlans VALUES('E2000063B', TRUE, 'IT2001', 'AY 16/17 Sem 1');
INSERT INTO studentPlans VALUES('E2000063B', TRUE, 'CS3230', 'AY 16/17 Sem 1');
INSERT INTO studentPlans VALUES('E2000063B', TRUE, 'CP3880', 'AY 16/17 Sem 1');
INSERT INTO studentPlans VALUES('E2000063B', FALSE, 'CS2103T', 'AY 16/17 Sem 2');
INSERT INTO studentPlans VALUES('E2000063B', FALSE, 'CP2201', 'AY 16/17 Sem 2');
INSERT INTO studentPlans VALUES('E2000063B', FALSE, 'CS2100', 'AY 16/17 Sem 2');
INSERT INTO studentPlans VALUES('E2000063B', FALSE, 'CS2108', 'AY 16/17 Sem 2');
INSERT INTO studentPlans VALUES('E2000063B', FALSE, 'CS2104', 'AY 16/17 Sem 2');
INSERT INTO studentPlans VALUES('E2000063B', FALSE, 'CS3242', 'AY 17/18 Sem 1');
INSERT INTO studentPlans VALUES('E2000063B', FALSE, 'CS3219', 'AY 17/18 Sem 1');
INSERT INTO studentPlans VALUES('E2000063B', FALSE, 'CS3244', 'AY 17/18 Sem 1');
INSERT INTO studentPlans VALUES('E2000063B', FALSE, 'CS4211', 'AY 17/18 Sem 1');
INSERT INTO studentPlans VALUES('E2000063B', FALSE, 'CS3215', 'AY 17/18 Sem 1');
INSERT INTO studentPlans VALUES('E2000063B', FALSE, 'CS3243', 'AY 17/18 Sem 2');
INSERT INTO studentPlans VALUES('E2000063B', FALSE, 'CP3881', 'AY 17/18 Sem 2');
INSERT INTO studentPlans VALUES('E2000063B', FALSE, 'CS4239', 'AY 17/18 Sem 2');
INSERT INTO studentPlans VALUES('E2000063B', FALSE, 'CS4215', 'AY 17/18 Sem 2');
INSERT INTO studentPlans VALUES('E2000063B', FALSE, 'CP3209', 'AY 17/18 Sem 2');

INSERT INTO student VALUES('E2000064B', 2);
INSERT INTO takesFocusArea VALUES('E2000064B', 'Programming Languages', NULL);
INSERT INTO studentPlans VALUES('E2000064B', TRUE, 'IT2001', 'AY 16/17 Sem 1');
INSERT INTO studentPlans VALUES('E2000064B', TRUE, 'CS2106', 'AY 16/17 Sem 1');
INSERT INTO studentPlans VALUES('E2000064B', TRUE, 'CS2108', 'AY 16/17 Sem 1');
INSERT INTO studentPlans VALUES('E2000064B', TRUE, 'CS2281', 'AY 16/17 Sem 1');
INSERT INTO studentPlans VALUES('E2000064B', TRUE, 'CS2107', 'AY 16/17 Sem 1');
INSERT INTO studentPlans VALUES('E2000064B', FALSE, 'CS2309', 'AY 16/17 Sem 2');
INSERT INTO studentPlans VALUES('E2000064B', FALSE, 'CS3220', 'AY 16/17 Sem 2');
INSERT INTO studentPlans VALUES('E2000064B', FALSE, 'CS3236', 'AY 16/17 Sem 2');
INSERT INTO studentPlans VALUES('E2000064B', FALSE, 'IT2002', 'AY 16/17 Sem 2');
INSERT INTO studentPlans VALUES('E2000064B', FALSE, 'CS2220', 'AY 16/17 Sem 2');
INSERT INTO studentPlans VALUES('E2000064B', FALSE, 'CS3343', 'AY 17/18 Sem 1');
INSERT INTO studentPlans VALUES('E2000064B', FALSE, 'CS3226', 'AY 17/18 Sem 1');
INSERT INTO studentPlans VALUES('E2000064B', FALSE, 'CS3218', 'AY 17/18 Sem 1');
INSERT INTO studentPlans VALUES('E2000064B', FALSE, 'CS3244', 'AY 17/18 Sem 1');
INSERT INTO studentPlans VALUES('E2000064B', FALSE, 'CS3205', 'AY 17/18 Sem 1');
INSERT INTO studentPlans VALUES('E2000064B', FALSE, 'CP3200', 'AY 17/18 Sem 2');
INSERT INTO studentPlans VALUES('E2000064B', FALSE, 'CS3240', 'AY 17/18 Sem 2');
INSERT INTO studentPlans VALUES('E2000064B', FALSE, 'CS3202', 'AY 17/18 Sem 2');
INSERT INTO studentPlans VALUES('E2000064B', FALSE, 'CS3211', 'AY 17/18 Sem 2');
INSERT INTO studentPlans VALUES('E2000064B', FALSE, 'CP3208', 'AY 17/18 Sem 2');

INSERT INTO student VALUES('E2000065B', 2);
INSERT INTO takesFocusArea VALUES('E2000065B', 'Computer Security', NULL);
INSERT INTO studentPlans VALUES('E2000065B', TRUE, 'CS2107', 'AY 16/17 Sem 1');
INSERT INTO studentPlans VALUES('E2000065B', TRUE, 'CS2220', 'AY 16/17 Sem 1');
INSERT INTO studentPlans VALUES('E2000065B', TRUE, 'CG2271', 'AY 16/17 Sem 1');
INSERT INTO studentPlans VALUES('E2000065B', TRUE, 'CS2100', 'AY 16/17 Sem 1');
INSERT INTO studentPlans VALUES('E2000065B', TRUE, 'CS2309', 'AY 16/17 Sem 1');
INSERT INTO studentPlans VALUES('E2000065B', FALSE, 'CS3882', 'AY 16/17 Sem 2');
INSERT INTO studentPlans VALUES('E2000065B', FALSE, 'CS2103', 'AY 16/17 Sem 2');
INSERT INTO studentPlans VALUES('E2000065B', FALSE, 'CS2020', 'AY 16/17 Sem 2');
INSERT INTO studentPlans VALUES('E2000065B', FALSE, 'CS2104', 'AY 16/17 Sem 2');
INSERT INTO studentPlans VALUES('E2000065B', FALSE, 'CS2105', 'AY 16/17 Sem 2');
INSERT INTO studentPlans VALUES('E2000065B', FALSE, 'CS3103', 'AY 17/18 Sem 1');
INSERT INTO studentPlans VALUES('E2000065B', FALSE, 'CS4347', 'AY 17/18 Sem 1');
INSERT INTO studentPlans VALUES('E2000065B', FALSE, 'CS3217', 'AY 17/18 Sem 1');
INSERT INTO studentPlans VALUES('E2000065B', FALSE, 'CG3204L', 'AY 17/18 Sem 1');
INSERT INTO studentPlans VALUES('E2000065B', FALSE, 'CS4218', 'AY 17/18 Sem 1');
INSERT INTO studentPlans VALUES('E2000065B', FALSE, 'CS3226', 'AY 17/18 Sem 2');
INSERT INTO studentPlans VALUES('E2000065B', FALSE, 'CS3215', 'AY 17/18 Sem 2');
INSERT INTO studentPlans VALUES('E2000065B', FALSE, 'CS3221', 'AY 17/18 Sem 2');
INSERT INTO studentPlans VALUES('E2000065B', FALSE, 'CS3242', 'AY 17/18 Sem 2');
INSERT INTO studentPlans VALUES('E2000065B', FALSE, 'CP3881', 'AY 17/18 Sem 2');

INSERT INTO student VALUES('E2000066B', 2);
INSERT INTO takesFocusArea VALUES('E2000066B', 'Algorithms & Theory', NULL);
INSERT INTO studentPlans VALUES('E2000066B', TRUE, 'CS2100', 'AY 16/17 Sem 1');
INSERT INTO studentPlans VALUES('E2000066B', TRUE, 'CS2103T', 'AY 16/17 Sem 1');
INSERT INTO studentPlans VALUES('E2000066B', TRUE, 'CS2271', 'AY 16/17 Sem 1');
INSERT INTO studentPlans VALUES('E2000066B', TRUE, 'CS2103', 'AY 16/17 Sem 1');
INSERT INTO studentPlans VALUES('E2000066B', TRUE, 'CS2281', 'AY 16/17 Sem 1');
INSERT INTO studentPlans VALUES('E2000066B', FALSE, 'CS2020', 'AY 16/17 Sem 2');
INSERT INTO studentPlans VALUES('E2000066B', FALSE, 'CS2106', 'AY 16/17 Sem 2');
INSERT INTO studentPlans VALUES('E2000066B', FALSE, 'IT2002', 'AY 16/17 Sem 2');
INSERT INTO studentPlans VALUES('E2000066B', FALSE, 'CS3242', 'AY 16/17 Sem 2');
INSERT INTO studentPlans VALUES('E2000066B', FALSE, 'CS2010', 'AY 16/17 Sem 2');
INSERT INTO studentPlans VALUES('E2000066B', FALSE, 'CS3233', 'AY 17/18 Sem 1');
INSERT INTO studentPlans VALUES('E2000066B', FALSE, 'CP3208', 'AY 17/18 Sem 1');
INSERT INTO studentPlans VALUES('E2000066B', FALSE, 'CP3209', 'AY 17/18 Sem 1');
INSERT INTO studentPlans VALUES('E2000066B', FALSE, 'CS3205', 'AY 17/18 Sem 1');
INSERT INTO studentPlans VALUES('E2000066B', FALSE, 'CS3103L', 'AY 17/18 Sem 1');
INSERT INTO studentPlans VALUES('E2000066B', FALSE, 'CS3283', 'AY 17/18 Sem 2');
INSERT INTO studentPlans VALUES('E2000066B', FALSE, 'CP3202', 'AY 17/18 Sem 2');
INSERT INTO studentPlans VALUES('E2000066B', FALSE, 'CS3247', 'AY 17/18 Sem 2');
INSERT INTO studentPlans VALUES('E2000066B', FALSE, 'CP3201', 'AY 17/18 Sem 2');
INSERT INTO studentPlans VALUES('E2000066B', FALSE, 'CS3281', 'AY 17/18 Sem 2');

INSERT INTO student VALUES('E2000067B', 2);
INSERT INTO takesFocusArea VALUES('E2000067B', 'Computer Graphics and Games', NULL);
INSERT INTO studentPlans VALUES('E2000067B', TRUE, 'CS2281', 'AY 16/17 Sem 1');
INSERT INTO studentPlans VALUES('E2000067B', TRUE, 'CS2020', 'AY 16/17 Sem 1');
INSERT INTO studentPlans VALUES('E2000067B', TRUE, 'CS2010', 'AY 16/17 Sem 1');
INSERT INTO studentPlans VALUES('E2000067B', TRUE, 'CS2309', 'AY 16/17 Sem 1');
INSERT INTO studentPlans VALUES('E2000067B', TRUE, 'CS2104', 'AY 16/17 Sem 1');
INSERT INTO studentPlans VALUES('E2000067B', FALSE, 'CS2220', 'AY 16/17 Sem 2');
INSERT INTO studentPlans VALUES('E2000067B', FALSE, 'CP3209', 'AY 16/17 Sem 2');
INSERT INTO studentPlans VALUES('E2000067B', FALSE, 'CS2102', 'AY 16/17 Sem 2');
INSERT INTO studentPlans VALUES('E2000067B', FALSE, 'CP2201', 'AY 16/17 Sem 2');
INSERT INTO studentPlans VALUES('E2000067B', FALSE, 'CG2271', 'AY 16/17 Sem 2');
INSERT INTO studentPlans VALUES('E2000067B', FALSE, 'CS3103L', 'AY 17/18 Sem 1');
INSERT INTO studentPlans VALUES('E2000067B', FALSE, 'CS3217', 'AY 17/18 Sem 1');
INSERT INTO studentPlans VALUES('E2000067B', FALSE, 'CS4223', 'AY 17/18 Sem 1');
INSERT INTO studentPlans VALUES('E2000067B', FALSE, 'CS3247', 'AY 17/18 Sem 1');
INSERT INTO studentPlans VALUES('E2000067B', FALSE, 'CS4243', 'AY 17/18 Sem 1');
INSERT INTO studentPlans VALUES('E2000067B', FALSE, 'CS3246', 'AY 17/18 Sem 2');
INSERT INTO studentPlans VALUES('E2000067B', FALSE, 'CS3210', 'AY 17/18 Sem 2');
INSERT INTO studentPlans VALUES('E2000067B', FALSE, 'CS4340', 'AY 17/18 Sem 2');
INSERT INTO studentPlans VALUES('E2000067B', FALSE, 'CS4242', 'AY 17/18 Sem 2');
INSERT INTO studentPlans VALUES('E2000067B', FALSE, 'CS4214', 'AY 17/18 Sem 2');

INSERT INTO student VALUES('E2000068B', 2);
INSERT INTO takesFocusArea VALUES('E2000068B', 'Interactive Media', NULL);
INSERT INTO studentPlans VALUES('E2000068B', TRUE, 'CS2102', 'AY 16/17 Sem 1');
INSERT INTO studentPlans VALUES('E2000068B', TRUE, 'CS2103', 'AY 16/17 Sem 1');
INSERT INTO studentPlans VALUES('E2000068B', TRUE, 'CP3109', 'AY 16/17 Sem 1');
INSERT INTO studentPlans VALUES('E2000068B', TRUE, 'CG2271', 'AY 16/17 Sem 1');
INSERT INTO studentPlans VALUES('E2000068B', TRUE, 'CS2108', 'AY 16/17 Sem 1');
INSERT INTO studentPlans VALUES('E2000068B', FALSE, 'CS2309', 'AY 16/17 Sem 2');
INSERT INTO studentPlans VALUES('E2000068B', FALSE, 'CS2020', 'AY 16/17 Sem 2');
INSERT INTO studentPlans VALUES('E2000068B', FALSE, 'CS2104', 'AY 16/17 Sem 2');
INSERT INTO studentPlans VALUES('E2000068B', FALSE, 'CS2107', 'AY 16/17 Sem 2');
INSERT INTO studentPlans VALUES('E2000068B', FALSE, 'CS2106', 'AY 16/17 Sem 2');
INSERT INTO studentPlans VALUES('E2000068B', FALSE, 'CS3235', 'AY 17/18 Sem 1');
INSERT INTO studentPlans VALUES('E2000068B', FALSE, 'CP3208', 'AY 17/18 Sem 1');
INSERT INTO studentPlans VALUES('E2000068B', FALSE, 'CS3220', 'AY 17/18 Sem 1');
INSERT INTO studentPlans VALUES('E2000068B', FALSE, 'CS4243', 'AY 17/18 Sem 1');
INSERT INTO studentPlans VALUES('E2000068B', FALSE, 'CS4220', 'AY 17/18 Sem 1');
INSERT INTO studentPlans VALUES('E2000068B', FALSE, 'CS3882', 'AY 17/18 Sem 2');
INSERT INTO studentPlans VALUES('E2000068B', FALSE, 'CS3226', 'AY 17/18 Sem 2');
INSERT INTO studentPlans VALUES('E2000068B', FALSE, 'CS3211', 'AY 17/18 Sem 2');
INSERT INTO studentPlans VALUES('E2000068B', FALSE, 'CS3103', 'AY 17/18 Sem 2');
INSERT INTO studentPlans VALUES('E2000068B', FALSE, 'CS3245', 'AY 17/18 Sem 2');

INSERT INTO student VALUES('E2000069B', 2);
INSERT INTO takesFocusArea VALUES('E2000069B', 'Artificial Intelligence', NULL);
INSERT INTO studentPlans VALUES('E2000069B', TRUE, 'CS2220', 'AY 16/17 Sem 1');
INSERT INTO studentPlans VALUES('E2000069B', TRUE, 'CS2106', 'AY 16/17 Sem 1');
INSERT INTO studentPlans VALUES('E2000069B', TRUE, 'CP3200', 'AY 16/17 Sem 1');
INSERT INTO studentPlans VALUES('E2000069B', TRUE, 'CS2309', 'AY 16/17 Sem 1');
INSERT INTO studentPlans VALUES('E2000069B', TRUE, 'CS3236', 'AY 16/17 Sem 1');
INSERT INTO studentPlans VALUES('E2000069B', FALSE, 'CS2108', 'AY 16/17 Sem 2');
INSERT INTO studentPlans VALUES('E2000069B', FALSE, 'CS2010', 'AY 16/17 Sem 2');
INSERT INTO studentPlans VALUES('E2000069B', FALSE, 'CG3204L', 'AY 16/17 Sem 2');
INSERT INTO studentPlans VALUES('E2000069B', FALSE, 'CS2281', 'AY 16/17 Sem 2');
INSERT INTO studentPlans VALUES('E2000069B', FALSE, 'CS2103', 'AY 16/17 Sem 2');
INSERT INTO studentPlans VALUES('E2000069B', FALSE, 'CS3217', 'AY 17/18 Sem 1');
INSERT INTO studentPlans VALUES('E2000069B', FALSE, 'CS3244', 'AY 17/18 Sem 1');
INSERT INTO studentPlans VALUES('E2000069B', FALSE, 'CS4347', 'AY 17/18 Sem 1');
INSERT INTO studentPlans VALUES('E2000069B', FALSE, 'CS3240', 'AY 17/18 Sem 1');
INSERT INTO studentPlans VALUES('E2000069B', FALSE, 'CS3230', 'AY 17/18 Sem 1');
INSERT INTO studentPlans VALUES('E2000069B', FALSE, 'CS3882', 'AY 17/18 Sem 2');
INSERT INTO studentPlans VALUES('E2000069B', FALSE, 'CS3210', 'AY 17/18 Sem 2');
INSERT INTO studentPlans VALUES('E2000069B', FALSE, 'CS3202', 'AY 17/18 Sem 2');
INSERT INTO studentPlans VALUES('E2000069B', FALSE, 'CS3271', 'AY 17/18 Sem 2');
INSERT INTO studentPlans VALUES('E2000069B', FALSE, 'CS4215', 'AY 17/18 Sem 2');

INSERT INTO student VALUES('E2000070B', 2);
INSERT INTO takesFocusArea VALUES('E2000070B', 'Software Engineering', NULL);
INSERT INTO studentPlans VALUES('E2000070B', TRUE, 'IT2002', 'AY 16/17 Sem 1');
INSERT INTO studentPlans VALUES('E2000070B', TRUE, 'CS2103T', 'AY 16/17 Sem 1');
INSERT INTO studentPlans VALUES('E2000070B', TRUE, 'CS2102', 'AY 16/17 Sem 1');
INSERT INTO studentPlans VALUES('E2000070B', TRUE, 'CS2281', 'AY 16/17 Sem 1');
INSERT INTO studentPlans VALUES('E2000070B', TRUE, 'CS2220', 'AY 16/17 Sem 1');
INSERT INTO studentPlans VALUES('E2000070B', FALSE, 'CS2309', 'AY 16/17 Sem 2');
INSERT INTO studentPlans VALUES('E2000070B', FALSE, 'CS2010', 'AY 16/17 Sem 2');
INSERT INTO studentPlans VALUES('E2000070B', FALSE, 'CS3211', 'AY 16/17 Sem 2');
INSERT INTO studentPlans VALUES('E2000070B', FALSE, 'CS2107', 'AY 16/17 Sem 2');
INSERT INTO studentPlans VALUES('E2000070B', FALSE, 'CS2106', 'AY 16/17 Sem 2');
INSERT INTO studentPlans VALUES('E2000070B', FALSE, 'CS3226', 'AY 17/18 Sem 1');
INSERT INTO studentPlans VALUES('E2000070B', FALSE, 'CS3210', 'AY 17/18 Sem 1');
INSERT INTO studentPlans VALUES('E2000070B', FALSE, 'CS3201', 'AY 17/18 Sem 1');
INSERT INTO studentPlans VALUES('E2000070B', FALSE, 'CS3235', 'AY 17/18 Sem 1');
INSERT INTO studentPlans VALUES('E2000070B', FALSE, 'CS3271', 'AY 17/18 Sem 1');
INSERT INTO studentPlans VALUES('E2000070B', FALSE, 'CP3109', 'AY 17/18 Sem 2');
INSERT INTO studentPlans VALUES('E2000070B', FALSE, 'CS3282', 'AY 17/18 Sem 2');
INSERT INTO studentPlans VALUES('E2000070B', FALSE, 'CS3233', 'AY 17/18 Sem 2');
INSERT INTO studentPlans VALUES('E2000070B', FALSE, 'CS4239', 'AY 17/18 Sem 2');
INSERT INTO studentPlans VALUES('E2000070B', FALSE, 'CS3215', 'AY 17/18 Sem 2');

INSERT INTO student VALUES('E2000071B', 2);
INSERT INTO takesFocusArea VALUES('E2000071B', 'Parallel Computing', NULL);
INSERT INTO studentPlans VALUES('E2000071B', TRUE, 'CS2107', 'AY 16/17 Sem 1');
INSERT INTO studentPlans VALUES('E2000071B', TRUE, 'CS2105', 'AY 16/17 Sem 1');
INSERT INTO studentPlans VALUES('E2000071B', TRUE, 'CS3240', 'AY 16/17 Sem 1');
INSERT INTO studentPlans VALUES('E2000071B', TRUE, 'CS2010', 'AY 16/17 Sem 1');
INSERT INTO studentPlans VALUES('E2000071B', TRUE, 'IT2002', 'AY 16/17 Sem 1');
INSERT INTO studentPlans VALUES('E2000071B', FALSE, 'IT2001', 'AY 16/17 Sem 2');
INSERT INTO studentPlans VALUES('E2000071B', FALSE, 'CS2220', 'AY 16/17 Sem 2');
INSERT INTO studentPlans VALUES('E2000071B', FALSE, 'CS2309', 'AY 16/17 Sem 2');
INSERT INTO studentPlans VALUES('E2000071B', FALSE, 'CS2108', 'AY 16/17 Sem 2');
INSERT INTO studentPlans VALUES('E2000071B', FALSE, 'CS2020', 'AY 16/17 Sem 2');
INSERT INTO studentPlans VALUES('E2000071B', FALSE, 'CS4215', 'AY 17/18 Sem 1');
INSERT INTO studentPlans VALUES('E2000071B', FALSE, 'CS3245', 'AY 17/18 Sem 1');
INSERT INTO studentPlans VALUES('E2000071B', FALSE, 'CP3881', 'AY 17/18 Sem 1');
INSERT INTO studentPlans VALUES('E2000071B', FALSE, 'CS4223', 'AY 17/18 Sem 1');
INSERT INTO studentPlans VALUES('E2000071B', FALSE, 'CS3202', 'AY 17/18 Sem 1');
INSERT INTO studentPlans VALUES('E2000071B', FALSE, 'CS3103L', 'AY 17/18 Sem 2');
INSERT INTO studentPlans VALUES('E2000071B', FALSE, 'CS3211', 'AY 17/18 Sem 2');
INSERT INTO studentPlans VALUES('E2000071B', FALSE, 'CP3208', 'AY 17/18 Sem 2');
INSERT INTO studentPlans VALUES('E2000071B', FALSE, 'CS3882', 'AY 17/18 Sem 2');
INSERT INTO studentPlans VALUES('E2000071B', FALSE, 'CS3236', 'AY 17/18 Sem 2');

INSERT INTO student VALUES('E2000072B', 2);
INSERT INTO takesFocusArea VALUES('E2000072B', 'Computer Graphics and Games', NULL);
INSERT INTO studentPlans VALUES('E2000072B', TRUE, 'IT2002', 'AY 16/17 Sem 1');
INSERT INTO studentPlans VALUES('E2000072B', TRUE, 'IT2001', 'AY 16/17 Sem 1');
INSERT INTO studentPlans VALUES('E2000072B', TRUE, 'CS2101', 'AY 16/17 Sem 1');
INSERT INTO studentPlans VALUES('E2000072B', TRUE, 'CS2107', 'AY 16/17 Sem 1');
INSERT INTO studentPlans VALUES('E2000072B', TRUE, 'CS2309', 'AY 16/17 Sem 1');
INSERT INTO studentPlans VALUES('E2000072B', FALSE, 'CS3218', 'AY 16/17 Sem 2');
INSERT INTO studentPlans VALUES('E2000072B', FALSE, 'CS3201', 'AY 16/17 Sem 2');
INSERT INTO studentPlans VALUES('E2000072B', FALSE, 'CS2220', 'AY 16/17 Sem 2');
INSERT INTO studentPlans VALUES('E2000072B', FALSE, 'CS3220', 'AY 16/17 Sem 2');
INSERT INTO studentPlans VALUES('E2000072B', FALSE, 'CS2100', 'AY 16/17 Sem 2');
INSERT INTO studentPlans VALUES('E2000072B', FALSE, 'CS3230', 'AY 17/18 Sem 1');
INSERT INTO studentPlans VALUES('E2000072B', FALSE, 'CP3201', 'AY 17/18 Sem 1');
INSERT INTO studentPlans VALUES('E2000072B', FALSE, 'CS3281', 'AY 17/18 Sem 1');
INSERT INTO studentPlans VALUES('E2000072B', FALSE, 'CS3249', 'AY 17/18 Sem 1');
INSERT INTO studentPlans VALUES('E2000072B', FALSE, 'CS3103L', 'AY 17/18 Sem 1');
INSERT INTO studentPlans VALUES('E2000072B', FALSE, 'CS4222', 'AY 17/18 Sem 2');
INSERT INTO studentPlans VALUES('E2000072B', FALSE, 'CS3234', 'AY 17/18 Sem 2');
INSERT INTO studentPlans VALUES('E2000072B', FALSE, 'CP3108B', 'AY 17/18 Sem 2');
INSERT INTO studentPlans VALUES('E2000072B', FALSE, 'CS3213', 'AY 17/18 Sem 2');
INSERT INTO studentPlans VALUES('E2000072B', FALSE, 'CP3101A', 'AY 17/18 Sem 2');

INSERT INTO student VALUES('E2000073B', 2);
INSERT INTO takesFocusArea VALUES('E2000073B', 'Programming Languages', NULL);
INSERT INTO studentPlans VALUES('E2000073B', TRUE, 'CS3216', 'AY 16/17 Sem 1');
INSERT INTO studentPlans VALUES('E2000073B', TRUE, 'CS2108', 'AY 16/17 Sem 1');
INSERT INTO studentPlans VALUES('E2000073B', TRUE, 'CS3247', 'AY 16/17 Sem 1');
INSERT INTO studentPlans VALUES('E2000073B', TRUE, 'CS2220', 'AY 16/17 Sem 1');
INSERT INTO studentPlans VALUES('E2000073B', TRUE, 'CS2107', 'AY 16/17 Sem 1');
INSERT INTO studentPlans VALUES('E2000073B', FALSE, 'CS3271', 'AY 16/17 Sem 2');
INSERT INTO studentPlans VALUES('E2000073B', FALSE, 'IT2001', 'AY 16/17 Sem 2');
INSERT INTO studentPlans VALUES('E2000073B', FALSE, 'CS2103T', 'AY 16/17 Sem 2');
INSERT INTO studentPlans VALUES('E2000073B', FALSE, 'CS2106', 'AY 16/17 Sem 2');
INSERT INTO studentPlans VALUES('E2000073B', FALSE, 'CS2281', 'AY 16/17 Sem 2');
INSERT INTO studentPlans VALUES('E2000073B', FALSE, 'CP3208', 'AY 17/18 Sem 1');
INSERT INTO studentPlans VALUES('E2000073B', FALSE, 'CP3209', 'AY 17/18 Sem 1');
INSERT INTO studentPlans VALUES('E2000073B', FALSE, 'CS3230', 'AY 17/18 Sem 1');
INSERT INTO studentPlans VALUES('E2000073B', FALSE, 'CS3236', 'AY 17/18 Sem 1');
INSERT INTO studentPlans VALUES('E2000073B', FALSE, 'CP3101C', 'AY 17/18 Sem 1');
INSERT INTO studentPlans VALUES('E2000073B', FALSE, 'CS4214', 'AY 17/18 Sem 2');
INSERT INTO studentPlans VALUES('E2000073B', FALSE, 'CS3244', 'AY 17/18 Sem 2');
INSERT INTO studentPlans VALUES('E2000073B', FALSE, 'CS4275', 'AY 17/18 Sem 2');
INSERT INTO studentPlans VALUES('E2000073B', FALSE, 'CP3200', 'AY 17/18 Sem 2');
INSERT INTO studentPlans VALUES('E2000073B', FALSE, 'CP3201', 'AY 17/18 Sem 2');

INSERT INTO student VALUES('E2000074B', 2);
INSERT INTO takesFocusArea VALUES('E2000074B', 'Computer Graphics and Games', NULL);
INSERT INTO studentPlans VALUES('E2000074B', TRUE, 'CS2103', 'AY 16/17 Sem 1');
INSERT INTO studentPlans VALUES('E2000074B', TRUE, 'CS2105', 'AY 16/17 Sem 1');
INSERT INTO studentPlans VALUES('E2000074B', TRUE, 'CS3245', 'AY 16/17 Sem 1');
INSERT INTO studentPlans VALUES('E2000074B', TRUE, 'IT2002', 'AY 16/17 Sem 1');
INSERT INTO studentPlans VALUES('E2000074B', TRUE, 'CS2309', 'AY 16/17 Sem 1');
INSERT INTO studentPlans VALUES('E2000074B', FALSE, 'CS2106', 'AY 16/17 Sem 2');
INSERT INTO studentPlans VALUES('E2000074B', FALSE, 'CS2107', 'AY 16/17 Sem 2');
INSERT INTO studentPlans VALUES('E2000074B', FALSE, 'CG2271', 'AY 16/17 Sem 2');
INSERT INTO studentPlans VALUES('E2000074B', FALSE, 'CS2102', 'AY 16/17 Sem 2');
INSERT INTO studentPlans VALUES('E2000074B', FALSE, 'CS2100', 'AY 16/17 Sem 2');
INSERT INTO studentPlans VALUES('E2000074B', FALSE, 'CS3236', 'AY 17/18 Sem 1');
INSERT INTO studentPlans VALUES('E2000074B', FALSE, 'CP3101C', 'AY 17/18 Sem 1');
INSERT INTO studentPlans VALUES('E2000074B', FALSE, 'CS3202', 'AY 17/18 Sem 1');
INSERT INTO studentPlans VALUES('E2000074B', FALSE, 'CS3217', 'AY 17/18 Sem 1');
INSERT INTO studentPlans VALUES('E2000074B', FALSE, 'CS3240', 'AY 17/18 Sem 1');
INSERT INTO studentPlans VALUES('E2000074B', FALSE, 'CS3249', 'AY 17/18 Sem 2');
INSERT INTO studentPlans VALUES('E2000074B', FALSE, 'CS3215', 'AY 17/18 Sem 2');
INSERT INTO studentPlans VALUES('E2000074B', FALSE, 'CS3271', 'AY 17/18 Sem 2');
INSERT INTO studentPlans VALUES('E2000074B', FALSE, 'CS4218', 'AY 17/18 Sem 2');
INSERT INTO studentPlans VALUES('E2000074B', FALSE, 'CS3244', 'AY 17/18 Sem 2');

INSERT INTO student VALUES('E3000000B', 3);
INSERT INTO takesFocusArea VALUES('E3000000B', 'Computer Graphics and Games', NULL);
INSERT INTO studentPlans VALUES('E3000000B', TRUE, 'CS3283', 'AY 16/17 Sem 1');
INSERT INTO studentPlans VALUES('E3000000B', TRUE, 'CS3245', 'AY 16/17 Sem 1');
INSERT INTO studentPlans VALUES('E3000000B', TRUE, 'CS3223', 'AY 16/17 Sem 1');
INSERT INTO studentPlans VALUES('E3000000B', TRUE, 'CP3106', 'AY 16/17 Sem 1');
INSERT INTO studentPlans VALUES('E3000000B', TRUE, 'CP3108A', 'AY 16/17 Sem 1');
INSERT INTO studentPlans VALUES('E3000000B', FALSE, 'CS4344', 'AY 16/17 Sem 2');
INSERT INTO studentPlans VALUES('E3000000B', FALSE, 'CS3215', 'AY 16/17 Sem 2');
INSERT INTO studentPlans VALUES('E3000000B', FALSE, 'CP3209', 'AY 16/17 Sem 2');
INSERT INTO studentPlans VALUES('E3000000B', FALSE, 'CS4214', 'AY 16/17 Sem 2');
INSERT INTO studentPlans VALUES('E3000000B', FALSE, 'CS4235', 'AY 16/17 Sem 2');
INSERT INTO studentPlans VALUES('E3000000B', FALSE, 'CS5237', 'AY 17/18 Sem 1');
INSERT INTO studentPlans VALUES('E3000000B', FALSE, 'CS4880', 'AY 17/18 Sem 1');
INSERT INTO studentPlans VALUES('E3000000B', FALSE, 'CS4217', 'AY 17/18 Sem 1');
INSERT INTO studentPlans VALUES('E3000000B', FALSE, 'CS4239', 'AY 17/18 Sem 1');
INSERT INTO studentPlans VALUES('E3000000B', FALSE, 'CS4223', 'AY 17/18 Sem 1');
INSERT INTO studentPlans VALUES('E3000000B', FALSE, 'XFC4101', 'AY 17/18 Sem 2');
INSERT INTO studentPlans VALUES('E3000000B', FALSE, 'CS4247', 'AY 17/18 Sem 2');
INSERT INTO studentPlans VALUES('E3000000B', FALSE, 'CS4225', 'AY 17/18 Sem 2');
INSERT INTO studentPlans VALUES('E3000000B', FALSE, 'CS4212', 'AY 17/18 Sem 2');
INSERT INTO studentPlans VALUES('E3000000B', FALSE, 'CS5218', 'AY 17/18 Sem 2');

INSERT INTO student VALUES('E3000001B', 3);
INSERT INTO takesFocusArea VALUES('E3000001B', 'Computer Graphics and Games', NULL);
INSERT INTO studentPlans VALUES('E3000001B', TRUE, 'CS4238', 'AY 16/17 Sem 1');
INSERT INTO studentPlans VALUES('E3000001B', TRUE, 'CS3882', 'AY 16/17 Sem 1');
INSERT INTO studentPlans VALUES('E3000001B', TRUE, 'CP3209', 'AY 16/17 Sem 1');
INSERT INTO studentPlans VALUES('E3000001B', TRUE, 'CP3108A', 'AY 16/17 Sem 1');
INSERT INTO studentPlans VALUES('E3000001B', TRUE, 'CS3246', 'AY 16/17 Sem 1');
INSERT INTO studentPlans VALUES('E3000001B', FALSE, 'CS3223', 'AY 16/17 Sem 2');
INSERT INTO studentPlans VALUES('E3000001B', FALSE, 'CS3343', 'AY 16/17 Sem 2');
INSERT INTO studentPlans VALUES('E3000001B', FALSE, 'CS3217', 'AY 16/17 Sem 2');
INSERT INTO studentPlans VALUES('E3000001B', FALSE, 'CS3230', 'AY 16/17 Sem 2');
INSERT INTO studentPlans VALUES('E3000001B', FALSE, 'CS3247', 'AY 16/17 Sem 2');
INSERT INTO studentPlans VALUES('E3000001B', FALSE, 'CS4243', 'AY 17/18 Sem 1');
INSERT INTO studentPlans VALUES('E3000001B', FALSE, 'CS4880', 'AY 17/18 Sem 1');
INSERT INTO studentPlans VALUES('E3000001B', FALSE, 'CS4345', 'AY 17/18 Sem 1');
INSERT INTO studentPlans VALUES('E3000001B', FALSE, 'CS4236', 'AY 17/18 Sem 1');
INSERT INTO studentPlans VALUES('E3000001B', FALSE, 'CS4232', 'AY 17/18 Sem 1');
INSERT INTO studentPlans VALUES('E3000001B', FALSE, 'CS4234', 'AY 17/18 Sem 2');
INSERT INTO studentPlans VALUES('E3000001B', FALSE, 'CS5321', 'AY 17/18 Sem 2');
INSERT INTO studentPlans VALUES('E3000001B', FALSE, 'CS4239', 'AY 17/18 Sem 2');
INSERT INTO studentPlans VALUES('E3000001B', FALSE, 'CS4235', 'AY 17/18 Sem 2');
INSERT INTO studentPlans VALUES('E3000001B', FALSE, 'CS4344', 'AY 17/18 Sem 2');

INSERT INTO student VALUES('E3000002B', 3);
INSERT INTO takesFocusArea VALUES('E3000002B', 'Algorithms & Theory', NULL);
INSERT INTO studentPlans VALUES('E3000002B', TRUE, 'CS3249', 'AY 16/17 Sem 1');
INSERT INTO studentPlans VALUES('E3000002B', TRUE, 'CS4223', 'AY 16/17 Sem 1');
INSERT INTO studentPlans VALUES('E3000002B', TRUE, 'CS3246', 'AY 16/17 Sem 1');
INSERT INTO studentPlans VALUES('E3000002B', TRUE, 'CG3204L', 'AY 16/17 Sem 1');
INSERT INTO studentPlans VALUES('E3000002B', TRUE, 'CS3882', 'AY 16/17 Sem 1');
INSERT INTO studentPlans VALUES('E3000002B', FALSE, 'CS3218', 'AY 16/17 Sem 2');
INSERT INTO studentPlans VALUES('E3000002B', FALSE, 'CS3235', 'AY 16/17 Sem 2');
INSERT INTO studentPlans VALUES('E3000002B', FALSE, 'CS3205', 'AY 16/17 Sem 2');
INSERT INTO studentPlans VALUES('E3000002B', FALSE, 'CS3281', 'AY 16/17 Sem 2');
INSERT INTO studentPlans VALUES('E3000002B', FALSE, 'CS3243', 'AY 16/17 Sem 2');
INSERT INTO studentPlans VALUES('E3000002B', FALSE, 'CS5342', 'AY 17/18 Sem 1');
INSERT INTO studentPlans VALUES('E3000002B', FALSE, 'CS5238', 'AY 17/18 Sem 1');
INSERT INTO studentPlans VALUES('E3000002B', FALSE, 'CS5246', 'AY 17/18 Sem 1');
INSERT INTO studentPlans VALUES('E3000002B', FALSE, 'CS4221', 'AY 17/18 Sem 1');
INSERT INTO studentPlans VALUES('E3000002B', FALSE, 'CS4242', 'AY 17/18 Sem 1');
INSERT INTO studentPlans VALUES('E3000002B', FALSE, 'CS4244', 'AY 17/18 Sem 2');
INSERT INTO studentPlans VALUES('E3000002B', FALSE, 'CS4880', 'AY 17/18 Sem 2');
INSERT INTO studentPlans VALUES('E3000002B', FALSE, 'CS4271', 'AY 17/18 Sem 2');
INSERT INTO studentPlans VALUES('E3000002B', FALSE, 'CS4275', 'AY 17/18 Sem 2');
INSERT INTO studentPlans VALUES('E3000002B', FALSE, 'CS5240', 'AY 17/18 Sem 2');

INSERT INTO student VALUES('E3000003B', 3);
INSERT INTO takesFocusArea VALUES('E3000003B', 'Networking and Distributed Systems', NULL);
INSERT INTO studentPlans VALUES('E3000003B', TRUE, 'CS3271', 'AY 16/17 Sem 1');
INSERT INTO studentPlans VALUES('E3000003B', TRUE, 'CP3101A', 'AY 16/17 Sem 1');
INSERT INTO studentPlans VALUES('E3000003B', TRUE, 'CS3235', 'AY 16/17 Sem 1');
INSERT INTO studentPlans VALUES('E3000003B', TRUE, 'CS4345', 'AY 16/17 Sem 1');
INSERT INTO studentPlans VALUES('E3000003B', TRUE, 'CS3281', 'AY 16/17 Sem 1');
INSERT INTO studentPlans VALUES('E3000003B', FALSE, 'CS3201', 'AY 16/17 Sem 2');
INSERT INTO studentPlans VALUES('E3000003B', FALSE, 'CS3205', 'AY 16/17 Sem 2');
INSERT INTO studentPlans VALUES('E3000003B', FALSE, 'CS4225', 'AY 16/17 Sem 2');
INSERT INTO studentPlans VALUES('E3000003B', FALSE, 'CS4211', 'AY 16/17 Sem 2');
INSERT INTO studentPlans VALUES('E3000003B', FALSE, 'CS3230', 'AY 16/17 Sem 2');
INSERT INTO studentPlans VALUES('E3000003B', FALSE, 'CS4232', 'AY 17/18 Sem 1');
INSERT INTO studentPlans VALUES('E3000003B', FALSE, 'CS4239', 'AY 17/18 Sem 1');
INSERT INTO studentPlans VALUES('E3000003B', FALSE, 'CS4242', 'AY 17/18 Sem 1');
INSERT INTO studentPlans VALUES('E3000003B', FALSE, 'CS5238', 'AY 17/18 Sem 1');
INSERT INTO studentPlans VALUES('E3000003B', FALSE, 'CS4246', 'AY 17/18 Sem 1');
INSERT INTO studentPlans VALUES('E3000003B', FALSE, 'CS5219', 'AY 17/18 Sem 2');
INSERT INTO studentPlans VALUES('E3000003B', FALSE, 'CS4235', 'AY 17/18 Sem 2');
INSERT INTO studentPlans VALUES('E3000003B', FALSE, 'CS4234', 'AY 17/18 Sem 2');
INSERT INTO studentPlans VALUES('E3000003B', FALSE, 'CS4223', 'AY 17/18 Sem 2');
INSERT INTO studentPlans VALUES('E3000003B', FALSE, 'CS4340', 'AY 17/18 Sem 2');

INSERT INTO student VALUES('E3000004B', 3);
INSERT INTO takesFocusArea VALUES('E3000004B', 'Programming Languages', NULL);
INSERT INTO studentPlans VALUES('E3000004B', TRUE, 'CS3103', 'AY 16/17 Sem 1');
INSERT INTO studentPlans VALUES('E3000004B', TRUE, 'CP3108A', 'AY 16/17 Sem 1');
INSERT INTO studentPlans VALUES('E3000004B', TRUE, 'CS4224', 'AY 16/17 Sem 1');
INSERT INTO studentPlans VALUES('E3000004B', TRUE, 'CS3343', 'AY 16/17 Sem 1');
INSERT INTO studentPlans VALUES('E3000004B', TRUE, 'CS3244', 'AY 16/17 Sem 1');
INSERT INTO studentPlans VALUES('E3000004B', FALSE, 'CS4221', 'AY 16/17 Sem 2');
INSERT INTO studentPlans VALUES('E3000004B', FALSE, 'CS3213', 'AY 16/17 Sem 2');
INSERT INTO studentPlans VALUES('E3000004B', FALSE, 'CS3201', 'AY 16/17 Sem 2');
INSERT INTO studentPlans VALUES('E3000004B', FALSE, 'CS3241', 'AY 16/17 Sem 2');
INSERT INTO studentPlans VALUES('E3000004B', FALSE, 'CS3271', 'AY 16/17 Sem 2');
INSERT INTO studentPlans VALUES('E3000004B', FALSE, 'CS4236', 'AY 17/18 Sem 1');
INSERT INTO studentPlans VALUES('E3000004B', FALSE, 'CS4271', 'AY 17/18 Sem 1');
INSERT INTO studentPlans VALUES('E3000004B', FALSE, 'CS4215', 'AY 17/18 Sem 1');
INSERT INTO studentPlans VALUES('E3000004B', FALSE, 'CS4218', 'AY 17/18 Sem 1');
INSERT INTO studentPlans VALUES('E3000004B', FALSE, 'CS4347', 'AY 17/18 Sem 1');
INSERT INTO studentPlans VALUES('E3000004B', FALSE, 'CS4212', 'AY 17/18 Sem 2');
INSERT INTO studentPlans VALUES('E3000004B', FALSE, 'CS4235', 'AY 17/18 Sem 2');
INSERT INTO studentPlans VALUES('E3000004B', FALSE, 'CS4238', 'AY 17/18 Sem 2');
INSERT INTO studentPlans VALUES('E3000004B', FALSE, 'CS4244', 'AY 17/18 Sem 2');
INSERT INTO studentPlans VALUES('E3000004B', FALSE, 'CS4340', 'AY 17/18 Sem 2');

INSERT INTO student VALUES('E3000005B', 3);
INSERT INTO takesFocusArea VALUES('E3000005B', 'Algorithms & Theory', NULL);
INSERT INTO studentPlans VALUES('E3000005B', TRUE, 'CS3283', 'AY 16/17 Sem 1');
INSERT INTO studentPlans VALUES('E3000005B', TRUE, 'CS3217', 'AY 16/17 Sem 1');
INSERT INTO studentPlans VALUES('E3000005B', TRUE, 'CS3243', 'AY 16/17 Sem 1');
INSERT INTO studentPlans VALUES('E3000005B', TRUE, 'CP3880', 'AY 16/17 Sem 1');
INSERT INTO studentPlans VALUES('E3000005B', TRUE, 'CP3106', 'AY 16/17 Sem 1');
INSERT INTO studentPlans VALUES('E3000005B', FALSE, 'CS3220', 'AY 16/17 Sem 2');
INSERT INTO studentPlans VALUES('E3000005B', FALSE, 'CS3247', 'AY 16/17 Sem 2');
INSERT INTO studentPlans VALUES('E3000005B', FALSE, 'CS3246', 'AY 16/17 Sem 2');
INSERT INTO studentPlans VALUES('E3000005B', FALSE, 'CS3235', 'AY 16/17 Sem 2');
INSERT INTO studentPlans VALUES('E3000005B', FALSE, 'CS4220', 'AY 16/17 Sem 2');
INSERT INTO studentPlans VALUES('E3000005B', FALSE, 'CS4246', 'AY 17/18 Sem 1');
INSERT INTO studentPlans VALUES('E3000005B', FALSE, 'CS5343', 'AY 17/18 Sem 1');
INSERT INTO studentPlans VALUES('E3000005B', FALSE, 'CS4243', 'AY 17/18 Sem 1');
INSERT INTO studentPlans VALUES('E3000005B', FALSE, 'CP4101', 'AY 17/18 Sem 1');
INSERT INTO studentPlans VALUES('E3000005B', FALSE, 'CS4232', 'AY 17/18 Sem 1');
INSERT INTO studentPlans VALUES('E3000005B', FALSE, 'CS5237', 'AY 17/18 Sem 2');
INSERT INTO studentPlans VALUES('E3000005B', FALSE, 'CS4211', 'AY 17/18 Sem 2');
INSERT INTO studentPlans VALUES('E3000005B', FALSE, 'CS5272', 'AY 17/18 Sem 2');
INSERT INTO studentPlans VALUES('E3000005B', FALSE, 'CS4212', 'AY 17/18 Sem 2');
INSERT INTO studentPlans VALUES('E3000005B', FALSE, 'CS4214', 'AY 17/18 Sem 2');

INSERT INTO student VALUES('E3000006B', 3);
INSERT INTO takesFocusArea VALUES('E3000006B', 'Programming Languages', NULL);
INSERT INTO studentPlans VALUES('E3000006B', TRUE, 'CS4247', 'AY 16/17 Sem 1');
INSERT INTO studentPlans VALUES('E3000006B', TRUE, 'CS3882', 'AY 16/17 Sem 1');
INSERT INTO studentPlans VALUES('E3000006B', TRUE, 'CS3205', 'AY 16/17 Sem 1');
INSERT INTO studentPlans VALUES('E3000006B', TRUE, 'CP3101', 'AY 16/17 Sem 1');
INSERT INTO studentPlans VALUES('E3000006B', TRUE, 'CS3244', 'AY 16/17 Sem 1');
INSERT INTO studentPlans VALUES('E3000006B', FALSE, 'CS3240', 'AY 16/17 Sem 2');
INSERT INTO studentPlans VALUES('E3000006B', FALSE, 'CS3233', 'AY 16/17 Sem 2');
INSERT INTO studentPlans VALUES('E3000006B', FALSE, 'CS3210', 'AY 16/17 Sem 2');
INSERT INTO studentPlans VALUES('E3000006B', FALSE, 'CS3234', 'AY 16/17 Sem 2');
INSERT INTO studentPlans VALUES('E3000006B', FALSE, 'CS3225', 'AY 16/17 Sem 2');
INSERT INTO studentPlans VALUES('E3000006B', FALSE, 'CS4347', 'AY 17/18 Sem 1');
INSERT INTO studentPlans VALUES('E3000006B', FALSE, 'CS5272', 'AY 17/18 Sem 1');
INSERT INTO studentPlans VALUES('E3000006B', FALSE, 'CS4239', 'AY 17/18 Sem 1');
INSERT INTO studentPlans VALUES('E3000006B', FALSE, 'CS4248', 'AY 17/18 Sem 1');
INSERT INTO studentPlans VALUES('E3000006B', FALSE, 'CS4242', 'AY 17/18 Sem 1');
INSERT INTO studentPlans VALUES('E3000006B', FALSE, 'CS4249', 'AY 17/18 Sem 2');
INSERT INTO studentPlans VALUES('E3000006B', FALSE, 'CS4345', 'AY 17/18 Sem 2');
INSERT INTO studentPlans VALUES('E3000006B', FALSE, 'CS4215', 'AY 17/18 Sem 2');
INSERT INTO studentPlans VALUES('E3000006B', FALSE, 'CS4237', 'AY 17/18 Sem 2');
INSERT INTO studentPlans VALUES('E3000006B', FALSE, 'CS4340', 'AY 17/18 Sem 2');

INSERT INTO student VALUES('E3000007B', 3);
INSERT INTO takesFocusArea VALUES('E3000007B', 'Software Engineering', NULL);
INSERT INTO studentPlans VALUES('E3000007B', TRUE, 'CS3218', 'AY 16/17 Sem 1');
INSERT INTO studentPlans VALUES('E3000007B', TRUE, 'CS3271', 'AY 16/17 Sem 1');
INSERT INTO studentPlans VALUES('E3000007B', TRUE, 'CS4880', 'AY 16/17 Sem 1');
INSERT INTO studentPlans VALUES('E3000007B', TRUE, 'CS3242', 'AY 16/17 Sem 1');
INSERT INTO studentPlans VALUES('E3000007B', TRUE, 'CS3241', 'AY 16/17 Sem 1');
INSERT INTO studentPlans VALUES('E3000007B', FALSE, 'CP3208', 'AY 16/17 Sem 2');
INSERT INTO studentPlans VALUES('E3000007B', FALSE, 'CS3211', 'AY 16/17 Sem 2');
INSERT INTO studentPlans VALUES('E3000007B', FALSE, 'CS3282', 'AY 16/17 Sem 2');
INSERT INTO studentPlans VALUES('E3000007B', FALSE, 'CS4242', 'AY 16/17 Sem 2');
INSERT INTO studentPlans VALUES('E3000007B', FALSE, 'CP3106', 'AY 16/17 Sem 2');
INSERT INTO studentPlans VALUES('E3000007B', FALSE, 'CS5234', 'AY 17/18 Sem 1');
INSERT INTO studentPlans VALUES('E3000007B', FALSE, 'CS5228', 'AY 17/18 Sem 1');
INSERT INTO studentPlans VALUES('E3000007B', FALSE, 'CS4347', 'AY 17/18 Sem 1');
INSERT INTO studentPlans VALUES('E3000007B', FALSE, 'CS4340', 'AY 17/18 Sem 1');
INSERT INTO studentPlans VALUES('E3000007B', FALSE, 'CS5229', 'AY 17/18 Sem 1');
INSERT INTO studentPlans VALUES('E3000007B', FALSE, 'CS4345', 'AY 17/18 Sem 2');
INSERT INTO studentPlans VALUES('E3000007B', FALSE, 'CS4212', 'AY 17/18 Sem 2');
INSERT INTO studentPlans VALUES('E3000007B', FALSE, 'CS4224', 'AY 17/18 Sem 2');
INSERT INTO studentPlans VALUES('E3000007B', FALSE, 'CS5322', 'AY 17/18 Sem 2');
INSERT INTO studentPlans VALUES('E3000007B', FALSE, 'XFC4101', 'AY 17/18 Sem 2');

INSERT INTO student VALUES('E3000008B', 3);
INSERT INTO takesFocusArea VALUES('E3000008B', 'Networking and Distributed Systems', NULL);
INSERT INTO studentPlans VALUES('E3000008B', TRUE, 'CS4271', 'AY 16/17 Sem 1');
INSERT INTO studentPlans VALUES('E3000008B', TRUE, 'CS3210', 'AY 16/17 Sem 1');
INSERT INTO studentPlans VALUES('E3000008B', TRUE, 'CS4350', 'AY 16/17 Sem 1');
INSERT INTO studentPlans VALUES('E3000008B', TRUE, 'CP3101', 'AY 16/17 Sem 1');
INSERT INTO studentPlans VALUES('E3000008B', TRUE, 'CS4345', 'AY 16/17 Sem 1');
INSERT INTO studentPlans VALUES('E3000008B', FALSE, 'CS3212', 'AY 16/17 Sem 2');
INSERT INTO studentPlans VALUES('E3000008B', FALSE, 'CS4244', 'AY 16/17 Sem 2');
INSERT INTO studentPlans VALUES('E3000008B', FALSE, 'CP3106', 'AY 16/17 Sem 2');
INSERT INTO studentPlans VALUES('E3000008B', FALSE, 'CS3246', 'AY 16/17 Sem 2');
INSERT INTO studentPlans VALUES('E3000008B', FALSE, 'CP3101A', 'AY 16/17 Sem 2');
INSERT INTO studentPlans VALUES('E3000008B', FALSE, 'CS4237', 'AY 17/18 Sem 1');
INSERT INTO studentPlans VALUES('E3000008B', FALSE, 'CS4215', 'AY 17/18 Sem 1');
INSERT INTO studentPlans VALUES('E3000008B', FALSE, 'CS4241', 'AY 17/18 Sem 1');
INSERT INTO studentPlans VALUES('E3000008B', FALSE, 'CS4221', 'AY 17/18 Sem 1');
INSERT INTO studentPlans VALUES('E3000008B', FALSE, 'CS4880', 'AY 17/18 Sem 1');
INSERT INTO studentPlans VALUES('E3000008B', FALSE, 'CS4231', 'AY 17/18 Sem 2');
INSERT INTO studentPlans VALUES('E3000008B', FALSE, 'CP4101', 'AY 17/18 Sem 2');
INSERT INTO studentPlans VALUES('E3000008B', FALSE, 'CS4239', 'AY 17/18 Sem 2');
INSERT INTO studentPlans VALUES('E3000008B', FALSE, 'CS4238', 'AY 17/18 Sem 2');
INSERT INTO studentPlans VALUES('E3000008B', FALSE, 'CS4248', 'AY 17/18 Sem 2');

INSERT INTO student VALUES('E3000009B', 3);
INSERT INTO takesFocusArea VALUES('E3000009B', 'Visual Computing', NULL);
INSERT INTO studentPlans VALUES('E3000009B', TRUE, 'CP3101A', 'AY 16/17 Sem 1');
INSERT INTO studentPlans VALUES('E3000009B', TRUE, 'CS3235', 'AY 16/17 Sem 1');
INSERT INTO studentPlans VALUES('E3000009B', TRUE, 'CP3101C', 'AY 16/17 Sem 1');
INSERT INTO studentPlans VALUES('E3000009B', TRUE, 'CS3242', 'AY 16/17 Sem 1');
INSERT INTO studentPlans VALUES('E3000009B', TRUE, 'CS4225', 'AY 16/17 Sem 1');
INSERT INTO studentPlans VALUES('E3000009B', FALSE, 'CP3201', 'AY 16/17 Sem 2');
INSERT INTO studentPlans VALUES('E3000009B', FALSE, 'CS4243', 'AY 16/17 Sem 2');
INSERT INTO studentPlans VALUES('E3000009B', FALSE, 'CS3217', 'AY 16/17 Sem 2');
INSERT INTO studentPlans VALUES('E3000009B', FALSE, 'CS3210', 'AY 16/17 Sem 2');
INSERT INTO studentPlans VALUES('E3000009B', FALSE, 'CS4241', 'AY 16/17 Sem 2');
INSERT INTO studentPlans VALUES('E3000009B', FALSE, 'CS4232', 'AY 17/18 Sem 1');
INSERT INTO studentPlans VALUES('E3000009B', FALSE, 'CS4344', 'AY 17/18 Sem 1');
INSERT INTO studentPlans VALUES('E3000009B', FALSE, 'CS4275', 'AY 17/18 Sem 1');
INSERT INTO studentPlans VALUES('E3000009B', FALSE, 'CS5239', 'AY 17/18 Sem 1');
INSERT INTO studentPlans VALUES('E3000009B', FALSE, 'CS4248', 'AY 17/18 Sem 1');
INSERT INTO studentPlans VALUES('E3000009B', FALSE, 'CS4224', 'AY 17/18 Sem 2');
INSERT INTO studentPlans VALUES('E3000009B', FALSE, 'CS4271', 'AY 17/18 Sem 2');
INSERT INTO studentPlans VALUES('E3000009B', FALSE, 'CS4231', 'AY 17/18 Sem 2');
INSERT INTO studentPlans VALUES('E3000009B', FALSE, 'CP4101', 'AY 17/18 Sem 2');
INSERT INTO studentPlans VALUES('E3000009B', FALSE, 'CS4240', 'AY 17/18 Sem 2');

INSERT INTO student VALUES('E3000010B', 3);
INSERT INTO takesFocusArea VALUES('E3000010B', 'Interactive Media', NULL);
INSERT INTO studentPlans VALUES('E3000010B', TRUE, 'CS3236', 'AY 16/17 Sem 1');
INSERT INTO studentPlans VALUES('E3000010B', TRUE, 'CS3220', 'AY 16/17 Sem 1');
INSERT INTO studentPlans VALUES('E3000010B', TRUE, 'CP3108B', 'AY 16/17 Sem 1');
INSERT INTO studentPlans VALUES('E3000010B', TRUE, 'CS4212', 'AY 16/17 Sem 1');
INSERT INTO studentPlans VALUES('E3000010B', TRUE, 'CS3217', 'AY 16/17 Sem 1');
INSERT INTO studentPlans VALUES('E3000010B', FALSE, 'CS3225', 'AY 16/17 Sem 2');
INSERT INTO studentPlans VALUES('E3000010B', FALSE, 'CS3234', 'AY 16/17 Sem 2');
INSERT INTO studentPlans VALUES('E3000010B', FALSE, 'CS3201', 'AY 16/17 Sem 2');
INSERT INTO studentPlans VALUES('E3000010B', FALSE, 'CS3230', 'AY 16/17 Sem 2');
INSERT INTO studentPlans VALUES('E3000010B', FALSE, 'CG3002', 'AY 16/17 Sem 2');
INSERT INTO studentPlans VALUES('E3000010B', FALSE, 'CS4271', 'AY 17/18 Sem 1');
INSERT INTO studentPlans VALUES('E3000010B', FALSE, 'CS4234', 'AY 17/18 Sem 1');
INSERT INTO studentPlans VALUES('E3000010B', FALSE, 'CS4216', 'AY 17/18 Sem 1');
INSERT INTO studentPlans VALUES('E3000010B', FALSE, 'CS4243', 'AY 17/18 Sem 1');
INSERT INTO studentPlans VALUES('E3000010B', FALSE, 'XFC4101', 'AY 17/18 Sem 1');
INSERT INTO studentPlans VALUES('E3000010B', FALSE, 'CS4217', 'AY 17/18 Sem 2');
INSERT INTO studentPlans VALUES('E3000010B', FALSE, 'CS4241', 'AY 17/18 Sem 2');
INSERT INTO studentPlans VALUES('E3000010B', FALSE, 'CS5339', 'AY 17/18 Sem 2');
INSERT INTO studentPlans VALUES('E3000010B', FALSE, 'CS4231', 'AY 17/18 Sem 2');
INSERT INTO studentPlans VALUES('E3000010B', FALSE, 'CS4225', 'AY 17/18 Sem 2');

INSERT INTO student VALUES('E3000011B', 3);
INSERT INTO takesFocusArea VALUES('E3000011B', 'Interactive Media', NULL);
INSERT INTO studentPlans VALUES('E3000011B', TRUE, 'CS4347', 'AY 16/17 Sem 1');
INSERT INTO studentPlans VALUES('E3000011B', TRUE, 'CP3108A', 'AY 16/17 Sem 1');
INSERT INTO studentPlans VALUES('E3000011B', TRUE, 'CP3101', 'AY 16/17 Sem 1');
INSERT INTO studentPlans VALUES('E3000011B', TRUE, 'CS3283', 'AY 16/17 Sem 1');
INSERT INTO studentPlans VALUES('E3000011B', TRUE, 'CS3284', 'AY 16/17 Sem 1');
INSERT INTO studentPlans VALUES('E3000011B', FALSE, 'CS3246', 'AY 16/17 Sem 2');
INSERT INTO studentPlans VALUES('E3000011B', FALSE, 'CS3247', 'AY 16/17 Sem 2');
INSERT INTO studentPlans VALUES('E3000011B', FALSE, 'CS3236', 'AY 16/17 Sem 2');
INSERT INTO studentPlans VALUES('E3000011B', FALSE, 'CS3243', 'AY 16/17 Sem 2');
INSERT INTO studentPlans VALUES('E3000011B', FALSE, 'CS3220', 'AY 16/17 Sem 2');
INSERT INTO studentPlans VALUES('E3000011B', FALSE, 'CS4214', 'AY 17/18 Sem 1');
INSERT INTO studentPlans VALUES('E3000011B', FALSE, 'CS4244', 'AY 17/18 Sem 1');
INSERT INTO studentPlans VALUES('E3000011B', FALSE, 'XFC4101', 'AY 17/18 Sem 1');
INSERT INTO studentPlans VALUES('E3000011B', FALSE, 'CS4247', 'AY 17/18 Sem 1');
INSERT INTO studentPlans VALUES('E3000011B', FALSE, 'CS4220', 'AY 17/18 Sem 1');
INSERT INTO studentPlans VALUES('E3000011B', FALSE, 'CS4345', 'AY 17/18 Sem 2');
INSERT INTO studentPlans VALUES('E3000011B', FALSE, 'CS4249', 'AY 17/18 Sem 2');
INSERT INTO studentPlans VALUES('E3000011B', FALSE, 'CS4235', 'AY 17/18 Sem 2');
INSERT INTO studentPlans VALUES('E3000011B', FALSE, 'CS4880', 'AY 17/18 Sem 2');
INSERT INTO studentPlans VALUES('E3000011B', FALSE, 'CS4217', 'AY 17/18 Sem 2');

INSERT INTO student VALUES('E3000012B', 3);
INSERT INTO takesFocusArea VALUES('E3000012B', 'Networking and Distributed Systems', NULL);
INSERT INTO studentPlans VALUES('E3000012B', TRUE, 'CS3216', 'AY 16/17 Sem 1');
INSERT INTO studentPlans VALUES('E3000012B', TRUE, 'CS3201', 'AY 16/17 Sem 1');
INSERT INTO studentPlans VALUES('E3000012B', TRUE, 'CP3202', 'AY 16/17 Sem 1');
INSERT INTO studentPlans VALUES('E3000012B', TRUE, 'CP3880', 'AY 16/17 Sem 1');
INSERT INTO studentPlans VALUES('E3000012B', TRUE, 'CS3249', 'AY 16/17 Sem 1');
INSERT INTO studentPlans VALUES('E3000012B', FALSE, 'CS4248', 'AY 16/17 Sem 2');
INSERT INTO studentPlans VALUES('E3000012B', FALSE, 'CS3202', 'AY 16/17 Sem 2');
INSERT INTO studentPlans VALUES('E3000012B', FALSE, 'CP3101', 'AY 16/17 Sem 2');
INSERT INTO studentPlans VALUES('E3000012B', FALSE, 'CS3245', 'AY 16/17 Sem 2');
INSERT INTO studentPlans VALUES('E3000012B', FALSE, 'CS3281', 'AY 16/17 Sem 2');
INSERT INTO studentPlans VALUES('E3000012B', FALSE, 'CS4275', 'AY 17/18 Sem 1');
INSERT INTO studentPlans VALUES('E3000012B', FALSE, 'CS4347', 'AY 17/18 Sem 1');
INSERT INTO studentPlans VALUES('E3000012B', FALSE, 'CS4238', 'AY 17/18 Sem 1');
INSERT INTO studentPlans VALUES('E3000012B', FALSE, 'CS4340', 'AY 17/18 Sem 1');
INSERT INTO studentPlans VALUES('E3000012B', FALSE, 'CS4223', 'AY 17/18 Sem 1');
INSERT INTO studentPlans VALUES('E3000012B', FALSE, 'CS5239', 'AY 17/18 Sem 2');
INSERT INTO studentPlans VALUES('E3000012B', FALSE, 'CS4221', 'AY 17/18 Sem 2');
INSERT INTO studentPlans VALUES('E3000012B', FALSE, 'CS5322', 'AY 17/18 Sem 2');
INSERT INTO studentPlans VALUES('E3000012B', FALSE, 'CS4246', 'AY 17/18 Sem 2');
INSERT INTO studentPlans VALUES('E3000012B', FALSE, 'CS4235', 'AY 17/18 Sem 2');

INSERT INTO student VALUES('E3000013B', 3);
INSERT INTO takesFocusArea VALUES('E3000013B', 'Visual Computing', NULL);
INSERT INTO studentPlans VALUES('E3000013B', TRUE, 'CG3002', 'AY 16/17 Sem 1');
INSERT INTO studentPlans VALUES('E3000013B', TRUE, 'CP3208', 'AY 16/17 Sem 1');
INSERT INTO studentPlans VALUES('E3000013B', TRUE, 'CP3202', 'AY 16/17 Sem 1');
INSERT INTO studentPlans VALUES('E3000013B', TRUE, 'CS3246', 'AY 16/17 Sem 1');
INSERT INTO studentPlans VALUES('E3000013B', TRUE, 'CS3103L', 'AY 16/17 Sem 1');
INSERT INTO studentPlans VALUES('E3000013B', FALSE, 'CS3281', 'AY 16/17 Sem 2');
INSERT INTO studentPlans VALUES('E3000013B', FALSE, 'CS3243', 'AY 16/17 Sem 2');
INSERT INTO studentPlans VALUES('E3000013B', FALSE, 'CS3236', 'AY 16/17 Sem 2');
INSERT INTO studentPlans VALUES('E3000013B', FALSE, 'CS4218', 'AY 16/17 Sem 2');
INSERT INTO studentPlans VALUES('E3000013B', FALSE, 'CS3221', 'AY 16/17 Sem 2');
INSERT INTO studentPlans VALUES('E3000013B', FALSE, 'CS4225', 'AY 17/18 Sem 1');
INSERT INTO studentPlans VALUES('E3000013B', FALSE, 'CS4239', 'AY 17/18 Sem 1');
INSERT INTO studentPlans VALUES('E3000013B', FALSE, 'CS4214', 'AY 17/18 Sem 1');
INSERT INTO studentPlans VALUES('E3000013B', FALSE, 'CP4101', 'AY 17/18 Sem 1');
INSERT INTO studentPlans VALUES('E3000013B', FALSE, 'XFC4101', 'AY 17/18 Sem 1');
INSERT INTO studentPlans VALUES('E3000013B', FALSE, 'CS4232', 'AY 17/18 Sem 2');
INSERT INTO studentPlans VALUES('E3000013B', FALSE, 'CS4236', 'AY 17/18 Sem 2');
INSERT INTO studentPlans VALUES('E3000013B', FALSE, 'CS5223', 'AY 17/18 Sem 2');
INSERT INTO studentPlans VALUES('E3000013B', FALSE, 'CS5236', 'AY 17/18 Sem 2');
INSERT INTO studentPlans VALUES('E3000013B', FALSE, 'CS4241', 'AY 17/18 Sem 2');

INSERT INTO student VALUES('E3000014B', 3);
INSERT INTO takesFocusArea VALUES('E3000014B', 'Visual Computing', NULL);
INSERT INTO studentPlans VALUES('E3000014B', TRUE, 'CS3236', 'AY 16/17 Sem 1');
INSERT INTO studentPlans VALUES('E3000014B', TRUE, 'CS3221', 'AY 16/17 Sem 1');
INSERT INTO studentPlans VALUES('E3000014B', TRUE, 'CS3233', 'AY 16/17 Sem 1');
INSERT INTO studentPlans VALUES('E3000014B', TRUE, 'CS3235', 'AY 16/17 Sem 1');
INSERT INTO studentPlans VALUES('E3000014B', TRUE, 'XFC4101', 'AY 16/17 Sem 1');
INSERT INTO studentPlans VALUES('E3000014B', FALSE, 'CS3216', 'AY 16/17 Sem 2');
INSERT INTO studentPlans VALUES('E3000014B', FALSE, 'CS4223', 'AY 16/17 Sem 2');
INSERT INTO studentPlans VALUES('E3000014B', FALSE, 'CS3271', 'AY 16/17 Sem 2');
INSERT INTO studentPlans VALUES('E3000014B', FALSE, 'CS4231', 'AY 16/17 Sem 2');
INSERT INTO studentPlans VALUES('E3000014B', FALSE, 'CS4211', 'AY 16/17 Sem 2');
INSERT INTO studentPlans VALUES('E3000014B', FALSE, 'CS4217', 'AY 17/18 Sem 1');
INSERT INTO studentPlans VALUES('E3000014B', FALSE, 'CS4249', 'AY 17/18 Sem 1');
INSERT INTO studentPlans VALUES('E3000014B', FALSE, 'CS4347', 'AY 17/18 Sem 1');
INSERT INTO studentPlans VALUES('E3000014B', FALSE, 'CS5218', 'AY 17/18 Sem 1');
INSERT INTO studentPlans VALUES('E3000014B', FALSE, 'CS5232', 'AY 17/18 Sem 1');
INSERT INTO studentPlans VALUES('E3000014B', FALSE, 'CS4224', 'AY 17/18 Sem 2');
INSERT INTO studentPlans VALUES('E3000014B', FALSE, 'CS4275', 'AY 17/18 Sem 2');
INSERT INTO studentPlans VALUES('E3000014B', FALSE, 'CS4221', 'AY 17/18 Sem 2');
INSERT INTO studentPlans VALUES('E3000014B', FALSE, 'CS5249', 'AY 17/18 Sem 2');
INSERT INTO studentPlans VALUES('E3000014B', FALSE, 'CS4344', 'AY 17/18 Sem 2');

INSERT INTO student VALUES('E3000015B', 3);
INSERT INTO takesFocusArea VALUES('E3000015B', 'Software Engineering', NULL);
INSERT INTO studentPlans VALUES('E3000015B', TRUE, 'CS3215', 'AY 16/17 Sem 1');
INSERT INTO studentPlans VALUES('E3000015B', TRUE, 'CS3343', 'AY 16/17 Sem 1');
INSERT INTO studentPlans VALUES('E3000015B', TRUE, 'CS3225', 'AY 16/17 Sem 1');
INSERT INTO studentPlans VALUES('E3000015B', TRUE, 'CS3211', 'AY 16/17 Sem 1');
INSERT INTO studentPlans VALUES('E3000015B', TRUE, 'CS4246', 'AY 16/17 Sem 1');
INSERT INTO studentPlans VALUES('E3000015B', FALSE, 'CS4344', 'AY 16/17 Sem 2');
INSERT INTO studentPlans VALUES('E3000015B', FALSE, 'CS3271', 'AY 16/17 Sem 2');
INSERT INTO studentPlans VALUES('E3000015B', FALSE, 'CS3243', 'AY 16/17 Sem 2');
INSERT INTO studentPlans VALUES('E3000015B', FALSE, 'CS3218', 'AY 16/17 Sem 2');
INSERT INTO studentPlans VALUES('E3000015B', FALSE, 'CG3002', 'AY 16/17 Sem 2');
INSERT INTO studentPlans VALUES('E3000015B', FALSE, 'CS4217', 'AY 17/18 Sem 1');
INSERT INTO studentPlans VALUES('E3000015B', FALSE, 'CS4244', 'AY 17/18 Sem 1');
INSERT INTO studentPlans VALUES('E3000015B', FALSE, 'CS4275', 'AY 17/18 Sem 1');
INSERT INTO studentPlans VALUES('E3000015B', FALSE, 'CS5272', 'AY 17/18 Sem 1');
INSERT INTO studentPlans VALUES('E3000015B', FALSE, 'CS4880', 'AY 17/18 Sem 1');
INSERT INTO studentPlans VALUES('E3000015B', FALSE, 'CS5229', 'AY 17/18 Sem 2');
INSERT INTO studentPlans VALUES('E3000015B', FALSE, 'CS4248', 'AY 17/18 Sem 2');
INSERT INTO studentPlans VALUES('E3000015B', FALSE, 'CS5340', 'AY 17/18 Sem 2');
INSERT INTO studentPlans VALUES('E3000015B', FALSE, 'CS4211', 'AY 17/18 Sem 2');
INSERT INTO studentPlans VALUES('E3000015B', FALSE, 'CS4239', 'AY 17/18 Sem 2');

INSERT INTO student VALUES('E3000016B', 3);
INSERT INTO takesFocusArea VALUES('E3000016B', 'Multimedia Information Retrieval', NULL);
INSERT INTO studentPlans VALUES('E3000016B', TRUE, 'CS3219', 'AY 16/17 Sem 1');
INSERT INTO studentPlans VALUES('E3000016B', TRUE, 'CP3101C', 'AY 16/17 Sem 1');
INSERT INTO studentPlans VALUES('E3000016B', TRUE, 'CS3202', 'AY 16/17 Sem 1');
INSERT INTO studentPlans VALUES('E3000016B', TRUE, 'CS3211', 'AY 16/17 Sem 1');
INSERT INTO studentPlans VALUES('E3000016B', TRUE, 'CS3243', 'AY 16/17 Sem 1');
INSERT INTO studentPlans VALUES('E3000016B', FALSE, 'CP3208', 'AY 16/17 Sem 2');
INSERT INTO studentPlans VALUES('E3000016B', FALSE, 'CS3225', 'AY 16/17 Sem 2');
INSERT INTO studentPlans VALUES('E3000016B', FALSE, 'CP3881', 'AY 16/17 Sem 2');
INSERT INTO studentPlans VALUES('E3000016B', FALSE, 'CS4243', 'AY 16/17 Sem 2');
INSERT INTO studentPlans VALUES('E3000016B', FALSE, 'CS4347', 'AY 16/17 Sem 2');
INSERT INTO studentPlans VALUES('E3000016B', FALSE, 'CS5215', 'AY 17/18 Sem 1');
INSERT INTO studentPlans VALUES('E3000016B', FALSE, 'CS4248', 'AY 17/18 Sem 1');
INSERT INTO studentPlans VALUES('E3000016B', FALSE, 'CS4226', 'AY 17/18 Sem 1');
INSERT INTO studentPlans VALUES('E3000016B', FALSE, 'CS4241', 'AY 17/18 Sem 1');
INSERT INTO studentPlans VALUES('E3000016B', FALSE, 'CS4271', 'AY 17/18 Sem 1');
INSERT INTO studentPlans VALUES('E3000016B', FALSE, 'CS4235', 'AY 17/18 Sem 2');
INSERT INTO studentPlans VALUES('E3000016B', FALSE, 'CS4223', 'AY 17/18 Sem 2');
INSERT INTO studentPlans VALUES('E3000016B', FALSE, 'CS5229', 'AY 17/18 Sem 2');
INSERT INTO studentPlans VALUES('E3000016B', FALSE, 'CS4350', 'AY 17/18 Sem 2');
INSERT INTO studentPlans VALUES('E3000016B', FALSE, 'CS4246', 'AY 17/18 Sem 2');

INSERT INTO student VALUES('E3000017B', 3);
INSERT INTO takesFocusArea VALUES('E3000017B', 'Multimedia Information Retrieval', NULL);
INSERT INTO studentPlans VALUES('E3000017B', TRUE, 'CP3106', 'AY 16/17 Sem 1');
INSERT INTO studentPlans VALUES('E3000017B', TRUE, 'CP3200', 'AY 16/17 Sem 1');
INSERT INTO studentPlans VALUES('E3000017B', TRUE, 'CG3002', 'AY 16/17 Sem 1');
INSERT INTO studentPlans VALUES('E3000017B', TRUE, 'CS3247', 'AY 16/17 Sem 1');
INSERT INTO studentPlans VALUES('E3000017B', TRUE, 'CP3880', 'AY 16/17 Sem 1');
INSERT INTO studentPlans VALUES('E3000017B', FALSE, 'CP3101', 'AY 16/17 Sem 2');
INSERT INTO studentPlans VALUES('E3000017B', FALSE, 'CS3249', 'AY 16/17 Sem 2');
INSERT INTO studentPlans VALUES('E3000017B', FALSE, 'CS3281', 'AY 16/17 Sem 2');
INSERT INTO studentPlans VALUES('E3000017B', FALSE, 'CS3235', 'AY 16/17 Sem 2');
INSERT INTO studentPlans VALUES('E3000017B', FALSE, 'CS3233', 'AY 16/17 Sem 2');
INSERT INTO studentPlans VALUES('E3000017B', FALSE, 'CS4340', 'AY 17/18 Sem 1');
INSERT INTO studentPlans VALUES('E3000017B', FALSE, 'CS4246', 'AY 17/18 Sem 1');
INSERT INTO studentPlans VALUES('E3000017B', FALSE, 'CS4247', 'AY 17/18 Sem 1');
INSERT INTO studentPlans VALUES('E3000017B', FALSE, 'CS4224', 'AY 17/18 Sem 1');
INSERT INTO studentPlans VALUES('E3000017B', FALSE, 'CS4236', 'AY 17/18 Sem 1');
INSERT INTO studentPlans VALUES('E3000017B', FALSE, 'CS4241', 'AY 17/18 Sem 2');
INSERT INTO studentPlans VALUES('E3000017B', FALSE, 'CS4222', 'AY 17/18 Sem 2');
INSERT INTO studentPlans VALUES('E3000017B', FALSE, 'CS4214', 'AY 17/18 Sem 2');
INSERT INTO studentPlans VALUES('E3000017B', FALSE, 'CS5271', 'AY 17/18 Sem 2');
INSERT INTO studentPlans VALUES('E3000017B', FALSE, 'CS4238', 'AY 17/18 Sem 2');

INSERT INTO student VALUES('E3000018B', 3);
INSERT INTO takesFocusArea VALUES('E3000018B', 'Artificial Intelligence', NULL);
INSERT INTO studentPlans VALUES('E3000018B', TRUE, 'CS4237', 'AY 16/17 Sem 1');
INSERT INTO studentPlans VALUES('E3000018B', TRUE, 'CS3217', 'AY 16/17 Sem 1');
INSERT INTO studentPlans VALUES('E3000018B', TRUE, 'CS3882', 'AY 16/17 Sem 1');
INSERT INTO studentPlans VALUES('E3000018B', TRUE, 'CS3210', 'AY 16/17 Sem 1');
INSERT INTO studentPlans VALUES('E3000018B', TRUE, 'CP3108A', 'AY 16/17 Sem 1');
INSERT INTO studentPlans VALUES('E3000018B', FALSE, 'XFC4101', 'AY 16/17 Sem 2');
INSERT INTO studentPlans VALUES('E3000018B', FALSE, 'CS3211', 'AY 16/17 Sem 2');
INSERT INTO studentPlans VALUES('E3000018B', FALSE, 'CP3101', 'AY 16/17 Sem 2');
INSERT INTO studentPlans VALUES('E3000018B', FALSE, 'CS3205', 'AY 16/17 Sem 2');
INSERT INTO studentPlans VALUES('E3000018B', FALSE, 'CS3103L', 'AY 16/17 Sem 2');
INSERT INTO studentPlans VALUES('E3000018B', FALSE, 'CS4225', 'AY 17/18 Sem 1');
INSERT INTO studentPlans VALUES('E3000018B', FALSE, 'CP4101', 'AY 17/18 Sem 1');
INSERT INTO studentPlans VALUES('E3000018B', FALSE, 'CS4880', 'AY 17/18 Sem 1');
INSERT INTO studentPlans VALUES('E3000018B', FALSE, 'CS4215', 'AY 17/18 Sem 1');
INSERT INTO studentPlans VALUES('E3000018B', FALSE, 'CS4243', 'AY 17/18 Sem 1');
INSERT INTO studentPlans VALUES('E3000018B', FALSE, 'CS4212', 'AY 17/18 Sem 2');
INSERT INTO studentPlans VALUES('E3000018B', FALSE, 'CS4234', 'AY 17/18 Sem 2');
INSERT INTO studentPlans VALUES('E3000018B', FALSE, 'CS5237', 'AY 17/18 Sem 2');
INSERT INTO studentPlans VALUES('E3000018B', FALSE, 'CS5344', 'AY 17/18 Sem 2');
INSERT INTO studentPlans VALUES('E3000018B', FALSE, 'CS5242', 'AY 17/18 Sem 2');

INSERT INTO student VALUES('E3000019B', 3);
INSERT INTO takesFocusArea VALUES('E3000019B', 'Programming Languages', NULL);
INSERT INTO studentPlans VALUES('E3000019B', TRUE, 'CS3233', 'AY 16/17 Sem 1');
INSERT INTO studentPlans VALUES('E3000019B', TRUE, 'CS3202', 'AY 16/17 Sem 1');
INSERT INTO studentPlans VALUES('E3000019B', TRUE, 'CS3282', 'AY 16/17 Sem 1');
INSERT INTO studentPlans VALUES('E3000019B', TRUE, 'CS3218', 'AY 16/17 Sem 1');
INSERT INTO studentPlans VALUES('E3000019B', TRUE, 'CG3204L', 'AY 16/17 Sem 1');
INSERT INTO studentPlans VALUES('E3000019B', FALSE, 'CS3226', 'AY 16/17 Sem 2');
INSERT INTO studentPlans VALUES('E3000019B', FALSE, 'CS3215', 'AY 16/17 Sem 2');
INSERT INTO studentPlans VALUES('E3000019B', FALSE, 'CS3211', 'AY 16/17 Sem 2');
INSERT INTO studentPlans VALUES('E3000019B', FALSE, 'CP3202', 'AY 16/17 Sem 2');
INSERT INTO studentPlans VALUES('E3000019B', FALSE, 'CS3103L', 'AY 16/17 Sem 2');
INSERT INTO studentPlans VALUES('E3000019B', FALSE, 'CS4275', 'AY 17/18 Sem 1');
INSERT INTO studentPlans VALUES('E3000019B', FALSE, 'CS5345', 'AY 17/18 Sem 1');
INSERT INTO studentPlans VALUES('E3000019B', FALSE, 'CS4218', 'AY 17/18 Sem 1');
INSERT INTO studentPlans VALUES('E3000019B', FALSE, 'CS5271', 'AY 17/18 Sem 1');
INSERT INTO studentPlans VALUES('E3000019B', FALSE, 'CS4347', 'AY 17/18 Sem 1');
INSERT INTO studentPlans VALUES('E3000019B', FALSE, 'CS4249', 'AY 17/18 Sem 2');
INSERT INTO studentPlans VALUES('E3000019B', FALSE, 'CS4215', 'AY 17/18 Sem 2');
INSERT INTO studentPlans VALUES('E3000019B', FALSE, 'CS4239', 'AY 17/18 Sem 2');
INSERT INTO studentPlans VALUES('E3000019B', FALSE, 'CS4232', 'AY 17/18 Sem 2');
INSERT INTO studentPlans VALUES('E3000019B', FALSE, 'CS4344', 'AY 17/18 Sem 2');

INSERT INTO student VALUES('E3000020B', 3);
INSERT INTO takesFocusArea VALUES('E3000020B', 'Algorithms & Theory', NULL);
INSERT INTO studentPlans VALUES('E3000020B', TRUE, 'CS3244', 'AY 16/17 Sem 1');
INSERT INTO studentPlans VALUES('E3000020B', TRUE, 'CS3220', 'AY 16/17 Sem 1');
INSERT INTO studentPlans VALUES('E3000020B', TRUE, 'CS3882', 'AY 16/17 Sem 1');
INSERT INTO studentPlans VALUES('E3000020B', TRUE, 'CS4223', 'AY 16/17 Sem 1');
INSERT INTO studentPlans VALUES('E3000020B', TRUE, 'CS3234', 'AY 16/17 Sem 1');
INSERT INTO studentPlans VALUES('E3000020B', FALSE, 'CP3101A', 'AY 16/17 Sem 2');
INSERT INTO studentPlans VALUES('E3000020B', FALSE, 'CS3343', 'AY 16/17 Sem 2');
INSERT INTO studentPlans VALUES('E3000020B', FALSE, 'CS3212', 'AY 16/17 Sem 2');
INSERT INTO studentPlans VALUES('E3000020B', FALSE, 'CS3236', 'AY 16/17 Sem 2');
INSERT INTO studentPlans VALUES('E3000020B', FALSE, 'CS4218', 'AY 16/17 Sem 2');
INSERT INTO studentPlans VALUES('E3000020B', FALSE, 'CS5321', 'AY 17/18 Sem 1');
INSERT INTO studentPlans VALUES('E3000020B', FALSE, 'CS4249', 'AY 17/18 Sem 1');
INSERT INTO studentPlans VALUES('E3000020B', FALSE, 'CS4340', 'AY 17/18 Sem 1');
INSERT INTO studentPlans VALUES('E3000020B', FALSE, 'CS4235', 'AY 17/18 Sem 1');
INSERT INTO studentPlans VALUES('E3000020B', FALSE, 'CS4212', 'AY 17/18 Sem 1');
INSERT INTO studentPlans VALUES('E3000020B', FALSE, 'CS4241', 'AY 17/18 Sem 2');
INSERT INTO studentPlans VALUES('E3000020B', FALSE, 'CS5234', 'AY 17/18 Sem 2');
INSERT INTO studentPlans VALUES('E3000020B', FALSE, 'CS4225', 'AY 17/18 Sem 2');
INSERT INTO studentPlans VALUES('E3000020B', FALSE, 'CS5271', 'AY 17/18 Sem 2');
INSERT INTO studentPlans VALUES('E3000020B', FALSE, 'CS4344', 'AY 17/18 Sem 2');

INSERT INTO student VALUES('E3000021B', 3);
INSERT INTO takesFocusArea VALUES('E3000021B', 'Parallel Computing', NULL);
INSERT INTO studentPlans VALUES('E3000021B', TRUE, 'CP3101C', 'AY 16/17 Sem 1');
INSERT INTO studentPlans VALUES('E3000021B', TRUE, 'CS3212', 'AY 16/17 Sem 1');
INSERT INTO studentPlans VALUES('E3000021B', TRUE, 'CG3002', 'AY 16/17 Sem 1');
INSERT INTO studentPlans VALUES('E3000021B', TRUE, 'CS3247', 'AY 16/17 Sem 1');
INSERT INTO studentPlans VALUES('E3000021B', TRUE, 'CS3283', 'AY 16/17 Sem 1');
INSERT INTO studentPlans VALUES('E3000021B', FALSE, 'CS3218', 'AY 16/17 Sem 2');
INSERT INTO studentPlans VALUES('E3000021B', FALSE, 'CS3215', 'AY 16/17 Sem 2');
INSERT INTO studentPlans VALUES('E3000021B', FALSE, 'CS3216', 'AY 16/17 Sem 2');
INSERT INTO studentPlans VALUES('E3000021B', FALSE, 'CS3234', 'AY 16/17 Sem 2');
INSERT INTO studentPlans VALUES('E3000021B', FALSE, 'CP3880', 'AY 16/17 Sem 2');
INSERT INTO studentPlans VALUES('E3000021B', FALSE, 'CS4223', 'AY 17/18 Sem 1');
INSERT INTO studentPlans VALUES('E3000021B', FALSE, 'CS5236', 'AY 17/18 Sem 1');
INSERT INTO studentPlans VALUES('E3000021B', FALSE, 'CS4236', 'AY 17/18 Sem 1');
INSERT INTO studentPlans VALUES('E3000021B', FALSE, 'CS4218', 'AY 17/18 Sem 1');
INSERT INTO studentPlans VALUES('E3000021B', FALSE, 'CS4345', 'AY 17/18 Sem 1');
INSERT INTO studentPlans VALUES('E3000021B', FALSE, 'CP4101', 'AY 17/18 Sem 2');
INSERT INTO studentPlans VALUES('E3000021B', FALSE, 'CS4242', 'AY 17/18 Sem 2');
INSERT INTO studentPlans VALUES('E3000021B', FALSE, 'CS5215', 'AY 17/18 Sem 2');
INSERT INTO studentPlans VALUES('E3000021B', FALSE, 'CS5219', 'AY 17/18 Sem 2');
INSERT INTO studentPlans VALUES('E3000021B', FALSE, 'CS4275', 'AY 17/18 Sem 2');

INSERT INTO student VALUES('E3000022B', 3);
INSERT INTO takesFocusArea VALUES('E3000022B', 'Computer Security', NULL);
INSERT INTO studentPlans VALUES('E3000022B', TRUE, 'CS3243', 'AY 16/17 Sem 1');
INSERT INTO studentPlans VALUES('E3000022B', TRUE, 'CG3002', 'AY 16/17 Sem 1');
INSERT INTO studentPlans VALUES('E3000022B', TRUE, 'CS4271', 'AY 16/17 Sem 1');
INSERT INTO studentPlans VALUES('E3000022B', TRUE, 'CS4221', 'AY 16/17 Sem 1');
INSERT INTO studentPlans VALUES('E3000022B', TRUE, 'CS3210', 'AY 16/17 Sem 1');
INSERT INTO studentPlans VALUES('E3000022B', FALSE, 'CS3284', 'AY 16/17 Sem 2');
INSERT INTO studentPlans VALUES('E3000022B', FALSE, 'CS3220', 'AY 16/17 Sem 2');
INSERT INTO studentPlans VALUES('E3000022B', FALSE, 'CS3240', 'AY 16/17 Sem 2');
INSERT INTO studentPlans VALUES('E3000022B', FALSE, 'CS3201', 'AY 16/17 Sem 2');
INSERT INTO studentPlans VALUES('E3000022B', FALSE, 'CP3109', 'AY 16/17 Sem 2');
INSERT INTO studentPlans VALUES('E3000022B', FALSE, 'CS4214', 'AY 17/18 Sem 1');
INSERT INTO studentPlans VALUES('E3000022B', FALSE, 'CS4217', 'AY 17/18 Sem 1');
INSERT INTO studentPlans VALUES('E3000022B', FALSE, 'CS4226', 'AY 17/18 Sem 1');
INSERT INTO studentPlans VALUES('E3000022B', FALSE, 'CS5248', 'AY 17/18 Sem 1');
INSERT INTO studentPlans VALUES('E3000022B', FALSE, 'CS4350', 'AY 17/18 Sem 1');
INSERT INTO studentPlans VALUES('E3000022B', FALSE, 'XFC4101', 'AY 17/18 Sem 2');
INSERT INTO studentPlans VALUES('E3000022B', FALSE, 'CS5231', 'AY 17/18 Sem 2');
INSERT INTO studentPlans VALUES('E3000022B', FALSE, 'CS4238', 'AY 17/18 Sem 2');
INSERT INTO studentPlans VALUES('E3000022B', FALSE, 'CS4218', 'AY 17/18 Sem 2');
INSERT INTO studentPlans VALUES('E3000022B', FALSE, 'CS4345', 'AY 17/18 Sem 2');

INSERT INTO student VALUES('E3000023B', 3);
INSERT INTO takesFocusArea VALUES('E3000023B', 'Database Systems', NULL);
INSERT INTO studentPlans VALUES('E3000023B', TRUE, 'CS3246', 'AY 16/17 Sem 1');
INSERT INTO studentPlans VALUES('E3000023B', TRUE, 'CS3202', 'AY 16/17 Sem 1');
INSERT INTO studentPlans VALUES('E3000023B', TRUE, 'CS4880', 'AY 16/17 Sem 1');
INSERT INTO studentPlans VALUES('E3000023B', TRUE, 'CS3233', 'AY 16/17 Sem 1');
INSERT INTO studentPlans VALUES('E3000023B', TRUE, 'CG3204L', 'AY 16/17 Sem 1');
INSERT INTO studentPlans VALUES('E3000023B', FALSE, 'CP3101A', 'AY 16/17 Sem 2');
INSERT INTO studentPlans VALUES('E3000023B', FALSE, 'CP3109', 'AY 16/17 Sem 2');
INSERT INTO studentPlans VALUES('E3000023B', FALSE, 'CP3200', 'AY 16/17 Sem 2');
INSERT INTO studentPlans VALUES('E3000023B', FALSE, 'CS4239', 'AY 16/17 Sem 2');
INSERT INTO studentPlans VALUES('E3000023B', FALSE, 'CS3243', 'AY 16/17 Sem 2');
INSERT INTO studentPlans VALUES('E3000023B', FALSE, 'CS4246', 'AY 17/18 Sem 1');
INSERT INTO studentPlans VALUES('E3000023B', FALSE, 'CS4225', 'AY 17/18 Sem 1');
INSERT INTO studentPlans VALUES('E3000023B', FALSE, 'CS4235', 'AY 17/18 Sem 1');
INSERT INTO studentPlans VALUES('E3000023B', FALSE, 'CP4101', 'AY 17/18 Sem 1');
INSERT INTO studentPlans VALUES('E3000023B', FALSE, 'CS4221', 'AY 17/18 Sem 1');
INSERT INTO studentPlans VALUES('E3000023B', FALSE, 'CS4218', 'AY 17/18 Sem 2');
INSERT INTO studentPlans VALUES('E3000023B', FALSE, 'CS5240', 'AY 17/18 Sem 2');
INSERT INTO studentPlans VALUES('E3000023B', FALSE, 'CS5342', 'AY 17/18 Sem 2');
INSERT INTO studentPlans VALUES('E3000023B', FALSE, 'CS4249', 'AY 17/18 Sem 2');
INSERT INTO studentPlans VALUES('E3000023B', FALSE, 'CS4236', 'AY 17/18 Sem 2');

INSERT INTO student VALUES('E3000024B', 3);
INSERT INTO takesFocusArea VALUES('E3000024B', 'Computer Security', NULL);
INSERT INTO studentPlans VALUES('E3000024B', TRUE, 'CP3101A', 'AY 16/17 Sem 1');
INSERT INTO studentPlans VALUES('E3000024B', TRUE, 'CS3230', 'AY 16/17 Sem 1');
INSERT INTO studentPlans VALUES('E3000024B', TRUE, 'CS3103', 'AY 16/17 Sem 1');
INSERT INTO studentPlans VALUES('E3000024B', TRUE, 'CS3271', 'AY 16/17 Sem 1');
INSERT INTO studentPlans VALUES('E3000024B', TRUE, 'CS3247', 'AY 16/17 Sem 1');
INSERT INTO studentPlans VALUES('E3000024B', FALSE, 'CS4350', 'AY 16/17 Sem 2');
INSERT INTO studentPlans VALUES('E3000024B', FALSE, 'CS3236', 'AY 16/17 Sem 2');
INSERT INTO studentPlans VALUES('E3000024B', FALSE, 'CS3249', 'AY 16/17 Sem 2');
INSERT INTO studentPlans VALUES('E3000024B', FALSE, 'CS3216', 'AY 16/17 Sem 2');
INSERT INTO studentPlans VALUES('E3000024B', FALSE, 'CS4215', 'AY 16/17 Sem 2');
INSERT INTO studentPlans VALUES('E3000024B', FALSE, 'CS4211', 'AY 17/18 Sem 1');
INSERT INTO studentPlans VALUES('E3000024B', FALSE, 'CS4242', 'AY 17/18 Sem 1');
INSERT INTO studentPlans VALUES('E3000024B', FALSE, 'CS4218', 'AY 17/18 Sem 1');
INSERT INTO studentPlans VALUES('E3000024B', FALSE, 'CS5228', 'AY 17/18 Sem 1');
INSERT INTO studentPlans VALUES('E3000024B', FALSE, 'CP4101', 'AY 17/18 Sem 1');
INSERT INTO studentPlans VALUES('E3000024B', FALSE, 'CS4225', 'AY 17/18 Sem 2');
INSERT INTO studentPlans VALUES('E3000024B', FALSE, 'CS4239', 'AY 17/18 Sem 2');
INSERT INTO studentPlans VALUES('E3000024B', FALSE, 'CS4249', 'AY 17/18 Sem 2');
INSERT INTO studentPlans VALUES('E3000024B', FALSE, 'CS4237', 'AY 17/18 Sem 2');
INSERT INTO studentPlans VALUES('E3000024B', FALSE, 'CS4217', 'AY 17/18 Sem 2');

INSERT INTO student VALUES('E3000025B', 3);
INSERT INTO takesFocusArea VALUES('E3000025B', 'Multimedia Information Retrieval', NULL);
INSERT INTO studentPlans VALUES('E3000025B', TRUE, 'CG3204L', 'AY 16/17 Sem 1');
INSERT INTO studentPlans VALUES('E3000025B', TRUE, 'CS3205', 'AY 16/17 Sem 1');
INSERT INTO studentPlans VALUES('E3000025B', TRUE, 'CS4211', 'AY 16/17 Sem 1');
INSERT INTO studentPlans VALUES('E3000025B', TRUE, 'CS3212', 'AY 16/17 Sem 1');
INSERT INTO studentPlans VALUES('E3000025B', TRUE, 'CS3243', 'AY 16/17 Sem 1');
INSERT INTO studentPlans VALUES('E3000025B', FALSE, 'CS3343', 'AY 16/17 Sem 2');
INSERT INTO studentPlans VALUES('E3000025B', FALSE, 'CS4226', 'AY 16/17 Sem 2');
INSERT INTO studentPlans VALUES('E3000025B', FALSE, 'CP3202', 'AY 16/17 Sem 2');
INSERT INTO studentPlans VALUES('E3000025B', FALSE, 'CS4234', 'AY 16/17 Sem 2');
INSERT INTO studentPlans VALUES('E3000025B', FALSE, 'CS3249', 'AY 16/17 Sem 2');
INSERT INTO studentPlans VALUES('E3000025B', FALSE, 'CS5351', 'AY 17/18 Sem 1');
INSERT INTO studentPlans VALUES('E3000025B', FALSE, 'CS5232', 'AY 17/18 Sem 1');
INSERT INTO studentPlans VALUES('E3000025B', FALSE, 'CS4350', 'AY 17/18 Sem 1');
INSERT INTO studentPlans VALUES('E3000025B', FALSE, 'CS4241', 'AY 17/18 Sem 1');
INSERT INTO studentPlans VALUES('E3000025B', FALSE, 'CS4212', 'AY 17/18 Sem 1');
INSERT INTO studentPlans VALUES('E3000025B', FALSE, 'CS4248', 'AY 17/18 Sem 2');
INSERT INTO studentPlans VALUES('E3000025B', FALSE, 'CS4231', 'AY 17/18 Sem 2');
INSERT INTO studentPlans VALUES('E3000025B', FALSE, 'CS4232', 'AY 17/18 Sem 2');
INSERT INTO studentPlans VALUES('E3000025B', FALSE, 'CS4247', 'AY 17/18 Sem 2');
INSERT INTO studentPlans VALUES('E3000025B', FALSE, 'CS4215', 'AY 17/18 Sem 2');

INSERT INTO student VALUES('E3000026B', 3);
INSERT INTO takesFocusArea VALUES('E3000026B', 'Networking and Distributed Systems', NULL);
INSERT INTO studentPlans VALUES('E3000026B', TRUE, 'CS3211', 'AY 16/17 Sem 1');
INSERT INTO studentPlans VALUES('E3000026B', TRUE, 'CS3343', 'AY 16/17 Sem 1');
INSERT INTO studentPlans VALUES('E3000026B', TRUE, 'CS3221', 'AY 16/17 Sem 1');
INSERT INTO studentPlans VALUES('E3000026B', TRUE, 'CP3108A', 'AY 16/17 Sem 1');
INSERT INTO studentPlans VALUES('E3000026B', TRUE, 'CP3209', 'AY 16/17 Sem 1');
INSERT INTO studentPlans VALUES('E3000026B', FALSE, 'CS4220', 'AY 16/17 Sem 2');
INSERT INTO studentPlans VALUES('E3000026B', FALSE, 'CS3217', 'AY 16/17 Sem 2');
INSERT INTO studentPlans VALUES('E3000026B', FALSE, 'CS3247', 'AY 16/17 Sem 2');
INSERT INTO studentPlans VALUES('E3000026B', FALSE, 'CS4340', 'AY 16/17 Sem 2');
INSERT INTO studentPlans VALUES('E3000026B', FALSE, 'CS4239', 'AY 16/17 Sem 2');
INSERT INTO studentPlans VALUES('E3000026B', FALSE, 'CS4211', 'AY 17/18 Sem 1');
INSERT INTO studentPlans VALUES('E3000026B', FALSE, 'CS4215', 'AY 17/18 Sem 1');
INSERT INTO studentPlans VALUES('E3000026B', FALSE, 'CP4101', 'AY 17/18 Sem 1');
INSERT INTO studentPlans VALUES('E3000026B', FALSE, 'CS4236', 'AY 17/18 Sem 1');
INSERT INTO studentPlans VALUES('E3000026B', FALSE, 'CS4246', 'AY 17/18 Sem 1');
INSERT INTO studentPlans VALUES('E3000026B', FALSE, 'CS4242', 'AY 17/18 Sem 2');
INSERT INTO studentPlans VALUES('E3000026B', FALSE, 'CS4243', 'AY 17/18 Sem 2');
INSERT INTO studentPlans VALUES('E3000026B', FALSE, 'CS4222', 'AY 17/18 Sem 2');
INSERT INTO studentPlans VALUES('E3000026B', FALSE, 'CS4225', 'AY 17/18 Sem 2');
INSERT INTO studentPlans VALUES('E3000026B', FALSE, 'CS4226', 'AY 17/18 Sem 2');

INSERT INTO student VALUES('E3000027B', 3);
INSERT INTO takesFocusArea VALUES('E3000027B', 'Multimedia Information Retrieval', NULL);
INSERT INTO studentPlans VALUES('E3000027B', TRUE, 'CS4232', 'AY 16/17 Sem 1');
INSERT INTO studentPlans VALUES('E3000027B', TRUE, 'CS3215', 'AY 16/17 Sem 1');
INSERT INTO studentPlans VALUES('E3000027B', TRUE, 'CP3108B', 'AY 16/17 Sem 1');
INSERT INTO studentPlans VALUES('E3000027B', TRUE, 'CS3103L', 'AY 16/17 Sem 1');
INSERT INTO studentPlans VALUES('E3000027B', TRUE, 'CS4223', 'AY 16/17 Sem 1');
INSERT INTO studentPlans VALUES('E3000027B', FALSE, 'CS4242', 'AY 16/17 Sem 2');
INSERT INTO studentPlans VALUES('E3000027B', FALSE, 'CS3233', 'AY 16/17 Sem 2');
INSERT INTO studentPlans VALUES('E3000027B', FALSE, 'CS3241', 'AY 16/17 Sem 2');
INSERT INTO studentPlans VALUES('E3000027B', FALSE, 'CS4247', 'AY 16/17 Sem 2');
INSERT INTO studentPlans VALUES('E3000027B', FALSE, 'CS3283', 'AY 16/17 Sem 2');
INSERT INTO studentPlans VALUES('E3000027B', FALSE, 'CS4347', 'AY 17/18 Sem 1');
INSERT INTO studentPlans VALUES('E3000027B', FALSE, 'CS4241', 'AY 17/18 Sem 1');
INSERT INTO studentPlans VALUES('E3000027B', FALSE, 'CP4101', 'AY 17/18 Sem 1');
INSERT INTO studentPlans VALUES('E3000027B', FALSE, 'CS4350', 'AY 17/18 Sem 1');
INSERT INTO studentPlans VALUES('E3000027B', FALSE, 'CS4340', 'AY 17/18 Sem 1');
INSERT INTO studentPlans VALUES('E3000027B', FALSE, 'CS4271', 'AY 17/18 Sem 2');
INSERT INTO studentPlans VALUES('E3000027B', FALSE, 'CS4214', 'AY 17/18 Sem 2');
INSERT INTO studentPlans VALUES('E3000027B', FALSE, 'CS5330', 'AY 17/18 Sem 2');
INSERT INTO studentPlans VALUES('E3000027B', FALSE, 'CS4249', 'AY 17/18 Sem 2');
INSERT INTO studentPlans VALUES('E3000027B', FALSE, 'CS4222', 'AY 17/18 Sem 2');

INSERT INTO student VALUES('E3000028B', 3);
INSERT INTO takesFocusArea VALUES('E3000028B', 'Database Systems', NULL);
INSERT INTO studentPlans VALUES('E3000028B', TRUE, 'CS3225', 'AY 16/17 Sem 1');
INSERT INTO studentPlans VALUES('E3000028B', TRUE, 'CS3247', 'AY 16/17 Sem 1');
INSERT INTO studentPlans VALUES('E3000028B', TRUE, 'CP3106', 'AY 16/17 Sem 1');
INSERT INTO studentPlans VALUES('E3000028B', TRUE, 'CS3211', 'AY 16/17 Sem 1');
INSERT INTO studentPlans VALUES('E3000028B', TRUE, 'XFC4101', 'AY 16/17 Sem 1');
INSERT INTO studentPlans VALUES('E3000028B', FALSE, 'CS3216', 'AY 16/17 Sem 2');
INSERT INTO studentPlans VALUES('E3000028B', FALSE, 'CP3101', 'AY 16/17 Sem 2');
INSERT INTO studentPlans VALUES('E3000028B', FALSE, 'CS3249', 'AY 16/17 Sem 2');
INSERT INTO studentPlans VALUES('E3000028B', FALSE, 'CS4211', 'AY 16/17 Sem 2');
INSERT INTO studentPlans VALUES('E3000028B', FALSE, 'CS3243', 'AY 16/17 Sem 2');
INSERT INTO studentPlans VALUES('E3000028B', FALSE, 'CS5226', 'AY 17/18 Sem 1');
INSERT INTO studentPlans VALUES('E3000028B', FALSE, 'CS5240', 'AY 17/18 Sem 1');
INSERT INTO studentPlans VALUES('E3000028B', FALSE, 'CS4236', 'AY 17/18 Sem 1');
INSERT INTO studentPlans VALUES('E3000028B', FALSE, 'CS4275', 'AY 17/18 Sem 1');
INSERT INTO studentPlans VALUES('E3000028B', FALSE, 'CS4271', 'AY 17/18 Sem 1');
INSERT INTO studentPlans VALUES('E3000028B', FALSE, 'CS4242', 'AY 17/18 Sem 2');
INSERT INTO studentPlans VALUES('E3000028B', FALSE, 'CS4217', 'AY 17/18 Sem 2');
INSERT INTO studentPlans VALUES('E3000028B', FALSE, 'CS4249', 'AY 17/18 Sem 2');
INSERT INTO studentPlans VALUES('E3000028B', FALSE, 'CS4234', 'AY 17/18 Sem 2');
INSERT INTO studentPlans VALUES('E3000028B', FALSE, 'CS4220', 'AY 17/18 Sem 2');

INSERT INTO student VALUES('E3000029B', 3);
INSERT INTO takesFocusArea VALUES('E3000029B', 'Artificial Intelligence', NULL);
INSERT INTO studentPlans VALUES('E3000029B', TRUE, 'CS3241', 'AY 16/17 Sem 1');
INSERT INTO studentPlans VALUES('E3000029B', TRUE, 'CS4344', 'AY 16/17 Sem 1');
INSERT INTO studentPlans VALUES('E3000029B', TRUE, 'CS3103L', 'AY 16/17 Sem 1');
INSERT INTO studentPlans VALUES('E3000029B', TRUE, 'CP3880', 'AY 16/17 Sem 1');
INSERT INTO studentPlans VALUES('E3000029B', TRUE, 'CS3235', 'AY 16/17 Sem 1');
INSERT INTO studentPlans VALUES('E3000029B', FALSE, 'CP4101', 'AY 16/17 Sem 2');
INSERT INTO studentPlans VALUES('E3000029B', FALSE, 'CP3201', 'AY 16/17 Sem 2');
INSERT INTO studentPlans VALUES('E3000029B', FALSE, 'CP3200', 'AY 16/17 Sem 2');
INSERT INTO studentPlans VALUES('E3000029B', FALSE, 'CS3219', 'AY 16/17 Sem 2');
INSERT INTO studentPlans VALUES('E3000029B', FALSE, 'CS3882', 'AY 16/17 Sem 2');
INSERT INTO studentPlans VALUES('E3000029B', FALSE, 'CS4241', 'AY 17/18 Sem 1');
INSERT INTO studentPlans VALUES('E3000029B', FALSE, 'CS4218', 'AY 17/18 Sem 1');
INSERT INTO studentPlans VALUES('E3000029B', FALSE, 'CS4214', 'AY 17/18 Sem 1');
INSERT INTO studentPlans VALUES('E3000029B', FALSE, 'CS4275', 'AY 17/18 Sem 1');
INSERT INTO studentPlans VALUES('E3000029B', FALSE, 'CS4231', 'AY 17/18 Sem 1');
INSERT INTO studentPlans VALUES('E3000029B', FALSE, 'CS4271', 'AY 17/18 Sem 2');
INSERT INTO studentPlans VALUES('E3000029B', FALSE, 'CS4225', 'AY 17/18 Sem 2');
INSERT INTO studentPlans VALUES('E3000029B', FALSE, 'CS4232', 'AY 17/18 Sem 2');
INSERT INTO studentPlans VALUES('E3000029B', FALSE, 'CS4220', 'AY 17/18 Sem 2');
INSERT INTO studentPlans VALUES('E3000029B', FALSE, 'CS4226', 'AY 17/18 Sem 2');

INSERT INTO student VALUES('E3000030B', 3);
INSERT INTO takesFocusArea VALUES('E3000030B', 'Computer Security', NULL);
INSERT INTO studentPlans VALUES('E3000030B', TRUE, 'CS3218', 'AY 16/17 Sem 1');
INSERT INTO studentPlans VALUES('E3000030B', TRUE, 'CS4234', 'AY 16/17 Sem 1');
INSERT INTO studentPlans VALUES('E3000030B', TRUE, 'CS4236', 'AY 16/17 Sem 1');
INSERT INTO studentPlans VALUES('E3000030B', TRUE, 'CP3101C', 'AY 16/17 Sem 1');
INSERT INTO studentPlans VALUES('E3000030B', TRUE, 'CG3002', 'AY 16/17 Sem 1');
INSERT INTO studentPlans VALUES('E3000030B', FALSE, 'CS3230', 'AY 16/17 Sem 2');
INSERT INTO studentPlans VALUES('E3000030B', FALSE, 'CS3226', 'AY 16/17 Sem 2');
INSERT INTO studentPlans VALUES('E3000030B', FALSE, 'CS3245', 'AY 16/17 Sem 2');
INSERT INTO studentPlans VALUES('E3000030B', FALSE, 'CS3211', 'AY 16/17 Sem 2');
INSERT INTO studentPlans VALUES('E3000030B', FALSE, 'CS3240', 'AY 16/17 Sem 2');
INSERT INTO studentPlans VALUES('E3000030B', FALSE, 'CS5344', 'AY 17/18 Sem 1');
INSERT INTO studentPlans VALUES('E3000030B', FALSE, 'CP4101', 'AY 17/18 Sem 1');
INSERT INTO studentPlans VALUES('E3000030B', FALSE, 'XFC4101', 'AY 17/18 Sem 1');
INSERT INTO studentPlans VALUES('E3000030B', FALSE, 'CS4214', 'AY 17/18 Sem 1');
INSERT INTO studentPlans VALUES('E3000030B', FALSE, 'CS4216', 'AY 17/18 Sem 1');
INSERT INTO studentPlans VALUES('E3000030B', FALSE, 'CS4275', 'AY 17/18 Sem 2');
INSERT INTO studentPlans VALUES('E3000030B', FALSE, 'CS5229', 'AY 17/18 Sem 2');
INSERT INTO studentPlans VALUES('E3000030B', FALSE, 'CS4350', 'AY 17/18 Sem 2');
INSERT INTO studentPlans VALUES('E3000030B', FALSE, 'CS4222', 'AY 17/18 Sem 2');
INSERT INTO studentPlans VALUES('E3000030B', FALSE, 'CS4240', 'AY 17/18 Sem 2');

INSERT INTO student VALUES('E3000031B', 3);
INSERT INTO takesFocusArea VALUES('E3000031B', 'Visual Computing', NULL);
INSERT INTO studentPlans VALUES('E3000031B', TRUE, 'CP3101', 'AY 16/17 Sem 1');
INSERT INTO studentPlans VALUES('E3000031B', TRUE, 'CP3202', 'AY 16/17 Sem 1');
INSERT INTO studentPlans VALUES('E3000031B', TRUE, 'CS3284', 'AY 16/17 Sem 1');
INSERT INTO studentPlans VALUES('E3000031B', TRUE, 'CS4221', 'AY 16/17 Sem 1');
INSERT INTO studentPlans VALUES('E3000031B', TRUE, 'CS3882', 'AY 16/17 Sem 1');
INSERT INTO studentPlans VALUES('E3000031B', FALSE, 'CS3283', 'AY 16/17 Sem 2');
INSERT INTO studentPlans VALUES('E3000031B', FALSE, 'CS3103L', 'AY 16/17 Sem 2');
INSERT INTO studentPlans VALUES('E3000031B', FALSE, 'CS3244', 'AY 16/17 Sem 2');
INSERT INTO studentPlans VALUES('E3000031B', FALSE, 'CS3249', 'AY 16/17 Sem 2');
INSERT INTO studentPlans VALUES('E3000031B', FALSE, 'CS3201', 'AY 16/17 Sem 2');
INSERT INTO studentPlans VALUES('E3000031B', FALSE, 'CS4216', 'AY 17/18 Sem 1');
INSERT INTO studentPlans VALUES('E3000031B', FALSE, 'CS4220', 'AY 17/18 Sem 1');
INSERT INTO studentPlans VALUES('E3000031B', FALSE, 'CS4232', 'AY 17/18 Sem 1');
INSERT INTO studentPlans VALUES('E3000031B', FALSE, 'CS4350', 'AY 17/18 Sem 1');
INSERT INTO studentPlans VALUES('E3000031B', FALSE, 'CS5232', 'AY 17/18 Sem 1');
INSERT INTO studentPlans VALUES('E3000031B', FALSE, 'CS4225', 'AY 17/18 Sem 2');
INSERT INTO studentPlans VALUES('E3000031B', FALSE, 'CS4347', 'AY 17/18 Sem 2');
INSERT INTO studentPlans VALUES('E3000031B', FALSE, 'CS5246', 'AY 17/18 Sem 2');
INSERT INTO studentPlans VALUES('E3000031B', FALSE, 'CS4231', 'AY 17/18 Sem 2');
INSERT INTO studentPlans VALUES('E3000031B', FALSE, 'CS5250', 'AY 17/18 Sem 2');

INSERT INTO student VALUES('E3000032B', 3);
INSERT INTO takesFocusArea VALUES('E3000032B', 'Database Systems', NULL);
INSERT INTO studentPlans VALUES('E3000032B', TRUE, 'CP3202', 'AY 16/17 Sem 1');
INSERT INTO studentPlans VALUES('E3000032B', TRUE, 'CS3283', 'AY 16/17 Sem 1');
INSERT INTO studentPlans VALUES('E3000032B', TRUE, 'CS3242', 'AY 16/17 Sem 1');
INSERT INTO studentPlans VALUES('E3000032B', TRUE, 'CS3226', 'AY 16/17 Sem 1');
INSERT INTO studentPlans VALUES('E3000032B', TRUE, 'CS3240', 'AY 16/17 Sem 1');
INSERT INTO studentPlans VALUES('E3000032B', FALSE, 'CP3101A', 'AY 16/17 Sem 2');
INSERT INTO studentPlans VALUES('E3000032B', FALSE, 'CS3211', 'AY 16/17 Sem 2');
INSERT INTO studentPlans VALUES('E3000032B', FALSE, 'CS4340', 'AY 16/17 Sem 2');
INSERT INTO studentPlans VALUES('E3000032B', FALSE, 'CS3244', 'AY 16/17 Sem 2');
INSERT INTO studentPlans VALUES('E3000032B', FALSE, 'CS4248', 'AY 16/17 Sem 2');
INSERT INTO studentPlans VALUES('E3000032B', FALSE, 'CP4101', 'AY 17/18 Sem 1');
INSERT INTO studentPlans VALUES('E3000032B', FALSE, 'CS4235', 'AY 17/18 Sem 1');
INSERT INTO studentPlans VALUES('E3000032B', FALSE, 'CS4231', 'AY 17/18 Sem 1');
INSERT INTO studentPlans VALUES('E3000032B', FALSE, 'CS4222', 'AY 17/18 Sem 1');
INSERT INTO studentPlans VALUES('E3000032B', FALSE, 'CS5339', 'AY 17/18 Sem 1');
INSERT INTO studentPlans VALUES('E3000032B', FALSE, 'CS5345', 'AY 17/18 Sem 2');
INSERT INTO studentPlans VALUES('E3000032B', FALSE, 'CS4344', 'AY 17/18 Sem 2');
INSERT INTO studentPlans VALUES('E3000032B', FALSE, 'CS4271', 'AY 17/18 Sem 2');
INSERT INTO studentPlans VALUES('E3000032B', FALSE, 'CS4242', 'AY 17/18 Sem 2');
INSERT INTO studentPlans VALUES('E3000032B', FALSE, 'CS5271', 'AY 17/18 Sem 2');

INSERT INTO student VALUES('E3000033B', 3);
INSERT INTO takesFocusArea VALUES('E3000033B', 'Algorithms & Theory', NULL);
INSERT INTO studentPlans VALUES('E3000033B', TRUE, 'CS3284', 'AY 16/17 Sem 1');
INSERT INTO studentPlans VALUES('E3000033B', TRUE, 'CS3103L', 'AY 16/17 Sem 1');
INSERT INTO studentPlans VALUES('E3000033B', TRUE, 'CS3233', 'AY 16/17 Sem 1');
INSERT INTO studentPlans VALUES('E3000033B', TRUE, 'CS3243', 'AY 16/17 Sem 1');
INSERT INTO studentPlans VALUES('E3000033B', TRUE, 'CS3271', 'AY 16/17 Sem 1');
INSERT INTO studentPlans VALUES('E3000033B', FALSE, 'CS4242', 'AY 16/17 Sem 2');
INSERT INTO studentPlans VALUES('E3000033B', FALSE, 'CS3210', 'AY 16/17 Sem 2');
INSERT INTO studentPlans VALUES('E3000033B', FALSE, 'CS4212', 'AY 16/17 Sem 2');
INSERT INTO studentPlans VALUES('E3000033B', FALSE, 'CS3242', 'AY 16/17 Sem 2');
INSERT INTO studentPlans VALUES('E3000033B', FALSE, 'CS3235', 'AY 16/17 Sem 2');
INSERT INTO studentPlans VALUES('E3000033B', FALSE, 'CS4238', 'AY 17/18 Sem 1');
INSERT INTO studentPlans VALUES('E3000033B', FALSE, 'CS5345', 'AY 17/18 Sem 1');
INSERT INTO studentPlans VALUES('E3000033B', FALSE, 'CS5344', 'AY 17/18 Sem 1');
INSERT INTO studentPlans VALUES('E3000033B', FALSE, 'CS4246', 'AY 17/18 Sem 1');
INSERT INTO studentPlans VALUES('E3000033B', FALSE, 'CS4247', 'AY 17/18 Sem 1');
INSERT INTO studentPlans VALUES('E3000033B', FALSE, 'CS4221', 'AY 17/18 Sem 2');
INSERT INTO studentPlans VALUES('E3000033B', FALSE, 'CS5241', 'AY 17/18 Sem 2');
INSERT INTO studentPlans VALUES('E3000033B', FALSE, 'CS4240', 'AY 17/18 Sem 2');
INSERT INTO studentPlans VALUES('E3000033B', FALSE, 'CS4248', 'AY 17/18 Sem 2');
INSERT INTO studentPlans VALUES('E3000033B', FALSE, 'CS4214', 'AY 17/18 Sem 2');

INSERT INTO student VALUES('E3000034B', 3);
INSERT INTO takesFocusArea VALUES('E3000034B', 'Database Systems', NULL);
INSERT INTO studentPlans VALUES('E3000034B', TRUE, 'CS3202', 'AY 16/17 Sem 1');
INSERT INTO studentPlans VALUES('E3000034B', TRUE, 'CS3244', 'AY 16/17 Sem 1');
INSERT INTO studentPlans VALUES('E3000034B', TRUE, 'CS3233', 'AY 16/17 Sem 1');
INSERT INTO studentPlans VALUES('E3000034B', TRUE, 'CS3217', 'AY 16/17 Sem 1');
INSERT INTO studentPlans VALUES('E3000034B', TRUE, 'CS3213', 'AY 16/17 Sem 1');
INSERT INTO studentPlans VALUES('E3000034B', FALSE, 'CS3271', 'AY 16/17 Sem 2');
INSERT INTO studentPlans VALUES('E3000034B', FALSE, 'CS4345', 'AY 16/17 Sem 2');
INSERT INTO studentPlans VALUES('E3000034B', FALSE, 'CP3201', 'AY 16/17 Sem 2');
INSERT INTO studentPlans VALUES('E3000034B', FALSE, 'CP4101', 'AY 16/17 Sem 2');
INSERT INTO studentPlans VALUES('E3000034B', FALSE, 'CS3230', 'AY 16/17 Sem 2');
INSERT INTO studentPlans VALUES('E3000034B', FALSE, 'CS4248', 'AY 17/18 Sem 1');
INSERT INTO studentPlans VALUES('E3000034B', FALSE, 'CS5234', 'AY 17/18 Sem 1');
INSERT INTO studentPlans VALUES('E3000034B', FALSE, 'CS4243', 'AY 17/18 Sem 1');
INSERT INTO studentPlans VALUES('E3000034B', FALSE, 'CS4275', 'AY 17/18 Sem 1');
INSERT INTO studentPlans VALUES('E3000034B', FALSE, 'CS5339', 'AY 17/18 Sem 1');
INSERT INTO studentPlans VALUES('E3000034B', FALSE, 'CS5219', 'AY 17/18 Sem 2');
INSERT INTO studentPlans VALUES('E3000034B', FALSE, 'CS4238', 'AY 17/18 Sem 2');
INSERT INTO studentPlans VALUES('E3000034B', FALSE, 'CS5228', 'AY 17/18 Sem 2');
INSERT INTO studentPlans VALUES('E3000034B', FALSE, 'CS4247', 'AY 17/18 Sem 2');
INSERT INTO studentPlans VALUES('E3000034B', FALSE, 'CS4224', 'AY 17/18 Sem 2');

INSERT INTO student VALUES('E3000035B', 3);
INSERT INTO takesFocusArea VALUES('E3000035B', 'Computer Graphics and Games', NULL);
INSERT INTO studentPlans VALUES('E3000035B', TRUE, 'CS3216', 'AY 16/17 Sem 1');
INSERT INTO studentPlans VALUES('E3000035B', TRUE, 'CS4212', 'AY 16/17 Sem 1');
INSERT INTO studentPlans VALUES('E3000035B', TRUE, 'CS3230', 'AY 16/17 Sem 1');
INSERT INTO studentPlans VALUES('E3000035B', TRUE, 'CS3240', 'AY 16/17 Sem 1');
INSERT INTO studentPlans VALUES('E3000035B', TRUE, 'CS4345', 'AY 16/17 Sem 1');
INSERT INTO studentPlans VALUES('E3000035B', FALSE, 'CS4214', 'AY 16/17 Sem 2');
INSERT INTO studentPlans VALUES('E3000035B', FALSE, 'CS3223', 'AY 16/17 Sem 2');
INSERT INTO studentPlans VALUES('E3000035B', FALSE, 'CP3881', 'AY 16/17 Sem 2');
INSERT INTO studentPlans VALUES('E3000035B', FALSE, 'CP3108A', 'AY 16/17 Sem 2');
INSERT INTO studentPlans VALUES('E3000035B', FALSE, 'CS3226', 'AY 16/17 Sem 2');
INSERT INTO studentPlans VALUES('E3000035B', FALSE, 'CS4234', 'AY 17/18 Sem 1');
INSERT INTO studentPlans VALUES('E3000035B', FALSE, 'CS4344', 'AY 17/18 Sem 1');
INSERT INTO studentPlans VALUES('E3000035B', FALSE, 'CS4224', 'AY 17/18 Sem 1');
INSERT INTO studentPlans VALUES('E3000035B', FALSE, 'CS4340', 'AY 17/18 Sem 1');
INSERT INTO studentPlans VALUES('E3000035B', FALSE, 'CS4211', 'AY 17/18 Sem 1');
INSERT INTO studentPlans VALUES('E3000035B', FALSE, 'CS4246', 'AY 17/18 Sem 2');
INSERT INTO studentPlans VALUES('E3000035B', FALSE, 'CS4225', 'AY 17/18 Sem 2');
INSERT INTO studentPlans VALUES('E3000035B', FALSE, 'CS4238', 'AY 17/18 Sem 2');
INSERT INTO studentPlans VALUES('E3000035B', FALSE, 'CS4237', 'AY 17/18 Sem 2');
INSERT INTO studentPlans VALUES('E3000035B', FALSE, 'CS4239', 'AY 17/18 Sem 2');

INSERT INTO student VALUES('E3000036B', 3);
INSERT INTO takesFocusArea VALUES('E3000036B', 'Database Systems', NULL);
INSERT INTO studentPlans VALUES('E3000036B', TRUE, 'CP3881', 'AY 16/17 Sem 1');
INSERT INTO studentPlans VALUES('E3000036B', TRUE, 'CP3101A', 'AY 16/17 Sem 1');
INSERT INTO studentPlans VALUES('E3000036B', TRUE, 'CS3244', 'AY 16/17 Sem 1');
INSERT INTO studentPlans VALUES('E3000036B', TRUE, 'CS3230', 'AY 16/17 Sem 1');
INSERT INTO studentPlans VALUES('E3000036B', TRUE, 'CS3213', 'AY 16/17 Sem 1');
INSERT INTO studentPlans VALUES('E3000036B', FALSE, 'CS3243', 'AY 16/17 Sem 2');
INSERT INTO studentPlans VALUES('E3000036B', FALSE, 'CS3216', 'AY 16/17 Sem 2');
INSERT INTO studentPlans VALUES('E3000036B', FALSE, 'CS3882', 'AY 16/17 Sem 2');
INSERT INTO studentPlans VALUES('E3000036B', FALSE, 'CS4345', 'AY 16/17 Sem 2');
INSERT INTO studentPlans VALUES('E3000036B', FALSE, 'CP3880', 'AY 16/17 Sem 2');
INSERT INTO studentPlans VALUES('E3000036B', FALSE, 'CS4216', 'AY 17/18 Sem 1');
INSERT INTO studentPlans VALUES('E3000036B', FALSE, 'CS4232', 'AY 17/18 Sem 1');
INSERT INTO studentPlans VALUES('E3000036B', FALSE, 'CS4214', 'AY 17/18 Sem 1');
INSERT INTO studentPlans VALUES('E3000036B', FALSE, 'CS4215', 'AY 17/18 Sem 1');
INSERT INTO studentPlans VALUES('E3000036B', FALSE, 'CS4248', 'AY 17/18 Sem 1');
INSERT INTO studentPlans VALUES('E3000036B', FALSE, 'CS5272', 'AY 17/18 Sem 2');
INSERT INTO studentPlans VALUES('E3000036B', FALSE, 'CS5231', 'AY 17/18 Sem 2');
INSERT INTO studentPlans VALUES('E3000036B', FALSE, 'CS4237', 'AY 17/18 Sem 2');
INSERT INTO studentPlans VALUES('E3000036B', FALSE, 'CS4236', 'AY 17/18 Sem 2');
INSERT INTO studentPlans VALUES('E3000036B', FALSE, 'CS4243', 'AY 17/18 Sem 2');

INSERT INTO student VALUES('E3000037B', 3);
INSERT INTO takesFocusArea VALUES('E3000037B', 'Visual Computing', NULL);
INSERT INTO studentPlans VALUES('E3000037B', TRUE, 'CS4212', 'AY 16/17 Sem 1');
INSERT INTO studentPlans VALUES('E3000037B', TRUE, 'CS4340', 'AY 16/17 Sem 1');
INSERT INTO studentPlans VALUES('E3000037B', TRUE, 'CS3202', 'AY 16/17 Sem 1');
INSERT INTO studentPlans VALUES('E3000037B', TRUE, 'CS3242', 'AY 16/17 Sem 1');
INSERT INTO studentPlans VALUES('E3000037B', TRUE, 'CP3108B', 'AY 16/17 Sem 1');
INSERT INTO studentPlans VALUES('E3000037B', FALSE, 'CS3249', 'AY 16/17 Sem 2');
INSERT INTO studentPlans VALUES('E3000037B', FALSE, 'CP3101', 'AY 16/17 Sem 2');
INSERT INTO studentPlans VALUES('E3000037B', FALSE, 'CS3218', 'AY 16/17 Sem 2');
INSERT INTO studentPlans VALUES('E3000037B', FALSE, 'CS4211', 'AY 16/17 Sem 2');
INSERT INTO studentPlans VALUES('E3000037B', FALSE, 'CS3226', 'AY 16/17 Sem 2');
INSERT INTO studentPlans VALUES('E3000037B', FALSE, 'CS5214', 'AY 17/18 Sem 1');
INSERT INTO studentPlans VALUES('E3000037B', FALSE, 'CS4247', 'AY 17/18 Sem 1');
INSERT INTO studentPlans VALUES('E3000037B', FALSE, 'CS4234', 'AY 17/18 Sem 1');
INSERT INTO studentPlans VALUES('E3000037B', FALSE, 'CS4215', 'AY 17/18 Sem 1');
INSERT INTO studentPlans VALUES('E3000037B', FALSE, 'CS4218', 'AY 17/18 Sem 1');
INSERT INTO studentPlans VALUES('E3000037B', FALSE, 'CS4345', 'AY 17/18 Sem 2');
INSERT INTO studentPlans VALUES('E3000037B', FALSE, 'CS4223', 'AY 17/18 Sem 2');
INSERT INTO studentPlans VALUES('E3000037B', FALSE, 'CS4222', 'AY 17/18 Sem 2');
INSERT INTO studentPlans VALUES('E3000037B', FALSE, 'CS4880', 'AY 17/18 Sem 2');
INSERT INTO studentPlans VALUES('E3000037B', FALSE, 'CS4232', 'AY 17/18 Sem 2');

INSERT INTO student VALUES('E3000038B', 3);
INSERT INTO takesFocusArea VALUES('E3000038B', 'Programming Languages', NULL);
INSERT INTO studentPlans VALUES('E3000038B', TRUE, 'CS3221', 'AY 16/17 Sem 1');
INSERT INTO studentPlans VALUES('E3000038B', TRUE, 'CS3234', 'AY 16/17 Sem 1');
INSERT INTO studentPlans VALUES('E3000038B', TRUE, 'CS3223', 'AY 16/17 Sem 1');
INSERT INTO studentPlans VALUES('E3000038B', TRUE, 'CS3213', 'AY 16/17 Sem 1');
INSERT INTO studentPlans VALUES('E3000038B', TRUE, 'CS3103L', 'AY 16/17 Sem 1');
INSERT INTO studentPlans VALUES('E3000038B', FALSE, 'CS3243', 'AY 16/17 Sem 2');
INSERT INTO studentPlans VALUES('E3000038B', FALSE, 'CS4340', 'AY 16/17 Sem 2');
INSERT INTO studentPlans VALUES('E3000038B', FALSE, 'CP3200', 'AY 16/17 Sem 2');
INSERT INTO studentPlans VALUES('E3000038B', FALSE, 'CS4224', 'AY 16/17 Sem 2');
INSERT INTO studentPlans VALUES('E3000038B', FALSE, 'CP3880', 'AY 16/17 Sem 2');
INSERT INTO studentPlans VALUES('E3000038B', FALSE, 'CS4216', 'AY 17/18 Sem 1');
INSERT INTO studentPlans VALUES('E3000038B', FALSE, 'CS4226', 'AY 17/18 Sem 1');
INSERT INTO studentPlans VALUES('E3000038B', FALSE, 'CS5343', 'AY 17/18 Sem 1');
INSERT INTO studentPlans VALUES('E3000038B', FALSE, 'CS5228', 'AY 17/18 Sem 1');
INSERT INTO studentPlans VALUES('E3000038B', FALSE, 'CS4244', 'AY 17/18 Sem 1');
INSERT INTO studentPlans VALUES('E3000038B', FALSE, 'CS4218', 'AY 17/18 Sem 2');
INSERT INTO studentPlans VALUES('E3000038B', FALSE, 'CS4242', 'AY 17/18 Sem 2');
INSERT INTO studentPlans VALUES('E3000038B', FALSE, 'CS4350', 'AY 17/18 Sem 2');
INSERT INTO studentPlans VALUES('E3000038B', FALSE, 'CS4347', 'AY 17/18 Sem 2');
INSERT INTO studentPlans VALUES('E3000038B', FALSE, 'CS4880', 'AY 17/18 Sem 2');

INSERT INTO student VALUES('E3000039B', 3);
INSERT INTO takesFocusArea VALUES('E3000039B', 'Parallel Computing', NULL);
INSERT INTO studentPlans VALUES('E3000039B', TRUE, 'CG3002', 'AY 16/17 Sem 1');
INSERT INTO studentPlans VALUES('E3000039B', TRUE, 'CS3246', 'AY 16/17 Sem 1');
INSERT INTO studentPlans VALUES('E3000039B', TRUE, 'CP3101A', 'AY 16/17 Sem 1');
INSERT INTO studentPlans VALUES('E3000039B', TRUE, 'CS3882', 'AY 16/17 Sem 1');
INSERT INTO studentPlans VALUES('E3000039B', TRUE, 'CS3210', 'AY 16/17 Sem 1');
INSERT INTO studentPlans VALUES('E3000039B', FALSE, 'CP3108A', 'AY 16/17 Sem 2');
INSERT INTO studentPlans VALUES('E3000039B', FALSE, 'CS3103', 'AY 16/17 Sem 2');
INSERT INTO studentPlans VALUES('E3000039B', FALSE, 'CS4236', 'AY 16/17 Sem 2');
INSERT INTO studentPlans VALUES('E3000039B', FALSE, 'CS3235', 'AY 16/17 Sem 2');
INSERT INTO studentPlans VALUES('E3000039B', FALSE, 'CS4242', 'AY 16/17 Sem 2');
INSERT INTO studentPlans VALUES('E3000039B', FALSE, 'CS5239', 'AY 17/18 Sem 1');
INSERT INTO studentPlans VALUES('E3000039B', FALSE, 'CS4347', 'AY 17/18 Sem 1');
INSERT INTO studentPlans VALUES('E3000039B', FALSE, 'CS4246', 'AY 17/18 Sem 1');
INSERT INTO studentPlans VALUES('E3000039B', FALSE, 'CS4235', 'AY 17/18 Sem 1');
INSERT INTO studentPlans VALUES('E3000039B', FALSE, 'CS4225', 'AY 17/18 Sem 1');
INSERT INTO studentPlans VALUES('E3000039B', FALSE, 'CS4216', 'AY 17/18 Sem 2');
INSERT INTO studentPlans VALUES('E3000039B', FALSE, 'CS4226', 'AY 17/18 Sem 2');
INSERT INTO studentPlans VALUES('E3000039B', FALSE, 'CS4222', 'AY 17/18 Sem 2');
INSERT INTO studentPlans VALUES('E3000039B', FALSE, 'CP4101', 'AY 17/18 Sem 2');
INSERT INTO studentPlans VALUES('E3000039B', FALSE, 'CS4232', 'AY 17/18 Sem 2');

INSERT INTO student VALUES('E3000040B', 3);
INSERT INTO takesFocusArea VALUES('E3000040B', 'Computer Security', NULL);
INSERT INTO studentPlans VALUES('E3000040B', TRUE, 'CS3243', 'AY 16/17 Sem 1');
INSERT INTO studentPlans VALUES('E3000040B', TRUE, 'CS3225', 'AY 16/17 Sem 1');
INSERT INTO studentPlans VALUES('E3000040B', TRUE, 'CS4249', 'AY 16/17 Sem 1');
INSERT INTO studentPlans VALUES('E3000040B', TRUE, 'CS3226', 'AY 16/17 Sem 1');
INSERT INTO studentPlans VALUES('E3000040B', TRUE, 'CS3103', 'AY 16/17 Sem 1');
INSERT INTO studentPlans VALUES('E3000040B', FALSE, 'CP3108A', 'AY 16/17 Sem 2');
INSERT INTO studentPlans VALUES('E3000040B', FALSE, 'CS3233', 'AY 16/17 Sem 2');
INSERT INTO studentPlans VALUES('E3000040B', FALSE, 'CP3880', 'AY 16/17 Sem 2');
INSERT INTO studentPlans VALUES('E3000040B', FALSE, 'CP3108B', 'AY 16/17 Sem 2');
INSERT INTO studentPlans VALUES('E3000040B', FALSE, 'CS3223', 'AY 16/17 Sem 2');
INSERT INTO studentPlans VALUES('E3000040B', FALSE, 'CS4244', 'AY 17/18 Sem 1');
INSERT INTO studentPlans VALUES('E3000040B', FALSE, 'CS4880', 'AY 17/18 Sem 1');
INSERT INTO studentPlans VALUES('E3000040B', FALSE, 'CS5218', 'AY 17/18 Sem 1');
INSERT INTO studentPlans VALUES('E3000040B', FALSE, 'CS5236', 'AY 17/18 Sem 1');
INSERT INTO studentPlans VALUES('E3000040B', FALSE, 'CS4235', 'AY 17/18 Sem 1');
INSERT INTO studentPlans VALUES('E3000040B', FALSE, 'CS4340', 'AY 17/18 Sem 2');
INSERT INTO studentPlans VALUES('E3000040B', FALSE, 'XFC4101', 'AY 17/18 Sem 2');
INSERT INTO studentPlans VALUES('E3000040B', FALSE, 'CS4217', 'AY 17/18 Sem 2');
INSERT INTO studentPlans VALUES('E3000040B', FALSE, 'CP4101', 'AY 17/18 Sem 2');
INSERT INTO studentPlans VALUES('E3000040B', FALSE, 'CS4238', 'AY 17/18 Sem 2');

INSERT INTO student VALUES('E3000041B', 3);
INSERT INTO takesFocusArea VALUES('E3000041B', 'Software Engineering', NULL);
INSERT INTO studentPlans VALUES('E3000041B', TRUE, 'CS3282', 'AY 16/17 Sem 1');
INSERT INTO studentPlans VALUES('E3000041B', TRUE, 'CP3201', 'AY 16/17 Sem 1');
INSERT INTO studentPlans VALUES('E3000041B', TRUE, 'CS3281', 'AY 16/17 Sem 1');
INSERT INTO studentPlans VALUES('E3000041B', TRUE, 'CS3246', 'AY 16/17 Sem 1');
INSERT INTO studentPlans VALUES('E3000041B', TRUE, 'CS4224', 'AY 16/17 Sem 1');
INSERT INTO studentPlans VALUES('E3000041B', FALSE, 'CS4247', 'AY 16/17 Sem 2');
INSERT INTO studentPlans VALUES('E3000041B', FALSE, 'CP3109', 'AY 16/17 Sem 2');
INSERT INTO studentPlans VALUES('E3000041B', FALSE, 'CS4212', 'AY 16/17 Sem 2');
INSERT INTO studentPlans VALUES('E3000041B', FALSE, 'CS3219', 'AY 16/17 Sem 2');
INSERT INTO studentPlans VALUES('E3000041B', FALSE, 'CS4225', 'AY 16/17 Sem 2');
INSERT INTO studentPlans VALUES('E3000041B', FALSE, 'CS4241', 'AY 17/18 Sem 1');
INSERT INTO studentPlans VALUES('E3000041B', FALSE, 'CS4249', 'AY 17/18 Sem 1');
INSERT INTO studentPlans VALUES('E3000041B', FALSE, 'CS4211', 'AY 17/18 Sem 1');
INSERT INTO studentPlans VALUES('E3000041B', FALSE, 'CS5246', 'AY 17/18 Sem 1');
INSERT INTO studentPlans VALUES('E3000041B', FALSE, 'CS5250', 'AY 17/18 Sem 1');
INSERT INTO studentPlans VALUES('E3000041B', FALSE, 'CS4350', 'AY 17/18 Sem 2');
INSERT INTO studentPlans VALUES('E3000041B', FALSE, 'CS4226', 'AY 17/18 Sem 2');
INSERT INTO studentPlans VALUES('E3000041B', FALSE, 'CS4244', 'AY 17/18 Sem 2');
INSERT INTO studentPlans VALUES('E3000041B', FALSE, 'CS4222', 'AY 17/18 Sem 2');
INSERT INTO studentPlans VALUES('E3000041B', FALSE, 'CS4238', 'AY 17/18 Sem 2');

INSERT INTO student VALUES('E3000042B', 3);
INSERT INTO takesFocusArea VALUES('E3000042B', 'Parallel Computing', NULL);
INSERT INTO studentPlans VALUES('E3000042B', TRUE, 'CS3244', 'AY 16/17 Sem 1');
INSERT INTO studentPlans VALUES('E3000042B', TRUE, 'CP3209', 'AY 16/17 Sem 1');
INSERT INTO studentPlans VALUES('E3000042B', TRUE, 'CS4231', 'AY 16/17 Sem 1');
INSERT INTO studentPlans VALUES('E3000042B', TRUE, 'CS3247', 'AY 16/17 Sem 1');
INSERT INTO studentPlans VALUES('E3000042B', TRUE, 'CS3225', 'AY 16/17 Sem 1');
INSERT INTO studentPlans VALUES('E3000042B', FALSE, 'CS3213', 'AY 16/17 Sem 2');
INSERT INTO studentPlans VALUES('E3000042B', FALSE, 'CS3240', 'AY 16/17 Sem 2');
INSERT INTO studentPlans VALUES('E3000042B', FALSE, 'CS3282', 'AY 16/17 Sem 2');
INSERT INTO studentPlans VALUES('E3000042B', FALSE, 'CS3236', 'AY 16/17 Sem 2');
INSERT INTO studentPlans VALUES('E3000042B', FALSE, 'CP3200', 'AY 16/17 Sem 2');
INSERT INTO studentPlans VALUES('E3000042B', FALSE, 'CS4240', 'AY 17/18 Sem 1');
INSERT INTO studentPlans VALUES('E3000042B', FALSE, 'CS5224', 'AY 17/18 Sem 1');
INSERT INTO studentPlans VALUES('E3000042B', FALSE, 'CS4212', 'AY 17/18 Sem 1');
INSERT INTO studentPlans VALUES('E3000042B', FALSE, 'CS4246', 'AY 17/18 Sem 1');
INSERT INTO studentPlans VALUES('E3000042B', FALSE, 'CS4345', 'AY 17/18 Sem 1');
INSERT INTO studentPlans VALUES('E3000042B', FALSE, 'CS4249', 'AY 17/18 Sem 2');
INSERT INTO studentPlans VALUES('E3000042B', FALSE, 'CS4214', 'AY 17/18 Sem 2');
INSERT INTO studentPlans VALUES('E3000042B', FALSE, 'CS4239', 'AY 17/18 Sem 2');
INSERT INTO studentPlans VALUES('E3000042B', FALSE, 'CS4216', 'AY 17/18 Sem 2');
INSERT INTO studentPlans VALUES('E3000042B', FALSE, 'CS4215', 'AY 17/18 Sem 2');

INSERT INTO student VALUES('E3000043B', 3);
INSERT INTO takesFocusArea VALUES('E3000043B', 'Networking and Distributed Systems', NULL);
INSERT INTO studentPlans VALUES('E3000043B', TRUE, 'CS4246', 'AY 16/17 Sem 1');
INSERT INTO studentPlans VALUES('E3000043B', TRUE, 'CP3881', 'AY 16/17 Sem 1');
INSERT INTO studentPlans VALUES('E3000043B', TRUE, 'CS3882', 'AY 16/17 Sem 1');
INSERT INTO studentPlans VALUES('E3000043B', TRUE, 'CP3109', 'AY 16/17 Sem 1');
INSERT INTO studentPlans VALUES('E3000043B', TRUE, 'CS3230', 'AY 16/17 Sem 1');
INSERT INTO studentPlans VALUES('E3000043B', FALSE, 'CP3101C', 'AY 16/17 Sem 2');
INSERT INTO studentPlans VALUES('E3000043B', FALSE, 'CS3103', 'AY 16/17 Sem 2');
INSERT INTO studentPlans VALUES('E3000043B', FALSE, 'CS3233', 'AY 16/17 Sem 2');
INSERT INTO studentPlans VALUES('E3000043B', FALSE, 'CS4247', 'AY 16/17 Sem 2');
INSERT INTO studentPlans VALUES('E3000043B', FALSE, 'CS4232', 'AY 16/17 Sem 2');
INSERT INTO studentPlans VALUES('E3000043B', FALSE, 'CS4249', 'AY 17/18 Sem 1');
INSERT INTO studentPlans VALUES('E3000043B', FALSE, 'CS4216', 'AY 17/18 Sem 1');
INSERT INTO studentPlans VALUES('E3000043B', FALSE, 'CS4880', 'AY 17/18 Sem 1');
INSERT INTO studentPlans VALUES('E3000043B', FALSE, 'CS4217', 'AY 17/18 Sem 1');
INSERT INTO studentPlans VALUES('E3000043B', FALSE, 'CS4340', 'AY 17/18 Sem 1');
INSERT INTO studentPlans VALUES('E3000043B', FALSE, 'CS5342', 'AY 17/18 Sem 2');
INSERT INTO studentPlans VALUES('E3000043B', FALSE, 'CS4239', 'AY 17/18 Sem 2');
INSERT INTO studentPlans VALUES('E3000043B', FALSE, 'CS4222', 'AY 17/18 Sem 2');
INSERT INTO studentPlans VALUES('E3000043B', FALSE, 'CS5222', 'AY 17/18 Sem 2');
INSERT INTO studentPlans VALUES('E3000043B', FALSE, 'CS4211', 'AY 17/18 Sem 2');

INSERT INTO student VALUES('E3000044B', 3);
INSERT INTO takesFocusArea VALUES('E3000044B', 'Networking and Distributed Systems', NULL);
INSERT INTO studentPlans VALUES('E3000044B', TRUE, 'CS3234', 'AY 16/17 Sem 1');
INSERT INTO studentPlans VALUES('E3000044B', TRUE, 'CP3201', 'AY 16/17 Sem 1');
INSERT INTO studentPlans VALUES('E3000044B', TRUE, 'CS3241', 'AY 16/17 Sem 1');
INSERT INTO studentPlans VALUES('E3000044B', TRUE, 'CS3242', 'AY 16/17 Sem 1');
INSERT INTO studentPlans VALUES('E3000044B', TRUE, 'CS3235', 'AY 16/17 Sem 1');
INSERT INTO studentPlans VALUES('E3000044B', FALSE, 'CS3882', 'AY 16/17 Sem 2');
INSERT INTO studentPlans VALUES('E3000044B', FALSE, 'CS4226', 'AY 16/17 Sem 2');
INSERT INTO studentPlans VALUES('E3000044B', FALSE, 'CS3215', 'AY 16/17 Sem 2');
INSERT INTO studentPlans VALUES('E3000044B', FALSE, 'CS3225', 'AY 16/17 Sem 2');
INSERT INTO studentPlans VALUES('E3000044B', FALSE, 'CS4221', 'AY 16/17 Sem 2');
INSERT INTO studentPlans VALUES('E3000044B', FALSE, 'CS4347', 'AY 17/18 Sem 1');
INSERT INTO studentPlans VALUES('E3000044B', FALSE, 'CS5249', 'AY 17/18 Sem 1');
INSERT INTO studentPlans VALUES('E3000044B', FALSE, 'CS4243', 'AY 17/18 Sem 1');
INSERT INTO studentPlans VALUES('E3000044B', FALSE, 'CS4222', 'AY 17/18 Sem 1');
INSERT INTO studentPlans VALUES('E3000044B', FALSE, 'CS4241', 'AY 17/18 Sem 1');
INSERT INTO studentPlans VALUES('E3000044B', FALSE, 'CS4248', 'AY 17/18 Sem 2');
INSERT INTO studentPlans VALUES('E3000044B', FALSE, 'CS4224', 'AY 17/18 Sem 2');
INSERT INTO studentPlans VALUES('E3000044B', FALSE, 'CS5344', 'AY 17/18 Sem 2');
INSERT INTO studentPlans VALUES('E3000044B', FALSE, 'CS4220', 'AY 17/18 Sem 2');
INSERT INTO studentPlans VALUES('E3000044B', FALSE, 'CS4271', 'AY 17/18 Sem 2');

INSERT INTO student VALUES('E3000045B', 3);
INSERT INTO takesFocusArea VALUES('E3000045B', 'Visual Computing', NULL);
INSERT INTO studentPlans VALUES('E3000045B', TRUE, 'CS3223', 'AY 16/17 Sem 1');
INSERT INTO studentPlans VALUES('E3000045B', TRUE, 'CS3282', 'AY 16/17 Sem 1');
INSERT INTO studentPlans VALUES('E3000045B', TRUE, 'CS3215', 'AY 16/17 Sem 1');
INSERT INTO studentPlans VALUES('E3000045B', TRUE, 'CS3216', 'AY 16/17 Sem 1');
INSERT INTO studentPlans VALUES('E3000045B', TRUE, 'CS3233', 'AY 16/17 Sem 1');
INSERT INTO studentPlans VALUES('E3000045B', FALSE, 'CP3108B', 'AY 16/17 Sem 2');
INSERT INTO studentPlans VALUES('E3000045B', FALSE, 'CS3240', 'AY 16/17 Sem 2');
INSERT INTO studentPlans VALUES('E3000045B', FALSE, 'CP3108A', 'AY 16/17 Sem 2');
INSERT INTO studentPlans VALUES('E3000045B', FALSE, 'CG3002', 'AY 16/17 Sem 2');
INSERT INTO studentPlans VALUES('E3000045B', FALSE, 'CS3245', 'AY 16/17 Sem 2');
INSERT INTO studentPlans VALUES('E3000045B', FALSE, 'CS4235', 'AY 17/18 Sem 1');
INSERT INTO studentPlans VALUES('E3000045B', FALSE, 'CS4340', 'AY 17/18 Sem 1');
INSERT INTO studentPlans VALUES('E3000045B', FALSE, 'CS4241', 'AY 17/18 Sem 1');
INSERT INTO studentPlans VALUES('E3000045B', FALSE, 'CP4101', 'AY 17/18 Sem 1');
INSERT INTO studentPlans VALUES('E3000045B', FALSE, 'CS4244', 'AY 17/18 Sem 1');
INSERT INTO studentPlans VALUES('E3000045B', FALSE, 'CS4224', 'AY 17/18 Sem 2');
INSERT INTO studentPlans VALUES('E3000045B', FALSE, 'CS4232', 'AY 17/18 Sem 2');
INSERT INTO studentPlans VALUES('E3000045B', FALSE, 'CS4223', 'AY 17/18 Sem 2');
INSERT INTO studentPlans VALUES('E3000045B', FALSE, 'CS4238', 'AY 17/18 Sem 2');
INSERT INTO studentPlans VALUES('E3000045B', FALSE, 'CS5239', 'AY 17/18 Sem 2');

INSERT INTO student VALUES('E3000046B', 3);
INSERT INTO takesFocusArea VALUES('E3000046B', 'Computer Graphics and Games', NULL);
INSERT INTO studentPlans VALUES('E3000046B', TRUE, 'CS3218', 'AY 16/17 Sem 1');
INSERT INTO studentPlans VALUES('E3000046B', TRUE, 'CP3208', 'AY 16/17 Sem 1');
INSERT INTO studentPlans VALUES('E3000046B', TRUE, 'CS3246', 'AY 16/17 Sem 1');
INSERT INTO studentPlans VALUES('E3000046B', TRUE, 'CS3284', 'AY 16/17 Sem 1');
INSERT INTO studentPlans VALUES('E3000046B', TRUE, 'CS3210', 'AY 16/17 Sem 1');
INSERT INTO studentPlans VALUES('E3000046B', FALSE, 'CG3204L', 'AY 16/17 Sem 2');
INSERT INTO studentPlans VALUES('E3000046B', FALSE, 'CS3223', 'AY 16/17 Sem 2');
INSERT INTO studentPlans VALUES('E3000046B', FALSE, 'CS4215', 'AY 16/17 Sem 2');
INSERT INTO studentPlans VALUES('E3000046B', FALSE, 'CS3242', 'AY 16/17 Sem 2');
INSERT INTO studentPlans VALUES('E3000046B', FALSE, 'CS3215', 'AY 16/17 Sem 2');
INSERT INTO studentPlans VALUES('E3000046B', FALSE, 'CS5246', 'AY 17/18 Sem 1');
INSERT INTO studentPlans VALUES('E3000046B', FALSE, 'CS4880', 'AY 17/18 Sem 1');
INSERT INTO studentPlans VALUES('E3000046B', FALSE, 'CS4236', 'AY 17/18 Sem 1');
INSERT INTO studentPlans VALUES('E3000046B', FALSE, 'CS4241', 'AY 17/18 Sem 1');
INSERT INTO studentPlans VALUES('E3000046B', FALSE, 'CS4232', 'AY 17/18 Sem 1');
INSERT INTO studentPlans VALUES('E3000046B', FALSE, 'CS4231', 'AY 17/18 Sem 2');
INSERT INTO studentPlans VALUES('E3000046B', FALSE, 'CS4249', 'AY 17/18 Sem 2');
INSERT INTO studentPlans VALUES('E3000046B', FALSE, 'CP4101', 'AY 17/18 Sem 2');
INSERT INTO studentPlans VALUES('E3000046B', FALSE, 'CS4217', 'AY 17/18 Sem 2');
INSERT INTO studentPlans VALUES('E3000046B', FALSE, 'CS4340', 'AY 17/18 Sem 2');

INSERT INTO student VALUES('E3000047B', 3);
INSERT INTO takesFocusArea VALUES('E3000047B', 'Algorithms & Theory', NULL);
INSERT INTO studentPlans VALUES('E3000047B', TRUE, 'CS3240', 'AY 16/17 Sem 1');
INSERT INTO studentPlans VALUES('E3000047B', TRUE, 'CS3217', 'AY 16/17 Sem 1');
INSERT INTO studentPlans VALUES('E3000047B', TRUE, 'CG3204L', 'AY 16/17 Sem 1');
INSERT INTO studentPlans VALUES('E3000047B', TRUE, 'CS3205', 'AY 16/17 Sem 1');
INSERT INTO studentPlans VALUES('E3000047B', TRUE, 'CS4214', 'AY 16/17 Sem 1');
INSERT INTO studentPlans VALUES('E3000047B', FALSE, 'CS3201', 'AY 16/17 Sem 2');
INSERT INTO studentPlans VALUES('E3000047B', FALSE, 'CS4239', 'AY 16/17 Sem 2');
INSERT INTO studentPlans VALUES('E3000047B', FALSE, 'CS3223', 'AY 16/17 Sem 2');
INSERT INTO studentPlans VALUES('E3000047B', FALSE, 'CS3247', 'AY 16/17 Sem 2');
INSERT INTO studentPlans VALUES('E3000047B', FALSE, 'CP3209', 'AY 16/17 Sem 2');
INSERT INTO studentPlans VALUES('E3000047B', FALSE, 'CS4244', 'AY 17/18 Sem 1');
INSERT INTO studentPlans VALUES('E3000047B', FALSE, 'CS4222', 'AY 17/18 Sem 1');
INSERT INTO studentPlans VALUES('E3000047B', FALSE, 'CS4344', 'AY 17/18 Sem 1');
INSERT INTO studentPlans VALUES('E3000047B', FALSE, 'CS4224', 'AY 17/18 Sem 1');
INSERT INTO studentPlans VALUES('E3000047B', FALSE, 'CS4221', 'AY 17/18 Sem 1');
INSERT INTO studentPlans VALUES('E3000047B', FALSE, 'CS4232', 'AY 17/18 Sem 2');
INSERT INTO studentPlans VALUES('E3000047B', FALSE, 'CS5226', 'AY 17/18 Sem 2');
INSERT INTO studentPlans VALUES('E3000047B', FALSE, 'CS5342', 'AY 17/18 Sem 2');
INSERT INTO studentPlans VALUES('E3000047B', FALSE, 'CS4220', 'AY 17/18 Sem 2');
INSERT INTO studentPlans VALUES('E3000047B', FALSE, 'CP4101', 'AY 17/18 Sem 2');

INSERT INTO student VALUES('E3000048B', 3);
INSERT INTO takesFocusArea VALUES('E3000048B', 'Parallel Computing', NULL);
INSERT INTO studentPlans VALUES('E3000048B', TRUE, 'CS3284', 'AY 16/17 Sem 1');
INSERT INTO studentPlans VALUES('E3000048B', TRUE, 'CS3246', 'AY 16/17 Sem 1');
INSERT INTO studentPlans VALUES('E3000048B', TRUE, 'CS3210', 'AY 16/17 Sem 1');
INSERT INTO studentPlans VALUES('E3000048B', TRUE, 'CS3234', 'AY 16/17 Sem 1');
INSERT INTO studentPlans VALUES('E3000048B', TRUE, 'CS3247', 'AY 16/17 Sem 1');
INSERT INTO studentPlans VALUES('E3000048B', FALSE, 'CS4234', 'AY 16/17 Sem 2');
INSERT INTO studentPlans VALUES('E3000048B', FALSE, 'CS3221', 'AY 16/17 Sem 2');
INSERT INTO studentPlans VALUES('E3000048B', FALSE, 'CS3218', 'AY 16/17 Sem 2');
INSERT INTO studentPlans VALUES('E3000048B', FALSE, 'CS3217', 'AY 16/17 Sem 2');
INSERT INTO studentPlans VALUES('E3000048B', FALSE, 'CP3108A', 'AY 16/17 Sem 2');
INSERT INTO studentPlans VALUES('E3000048B', FALSE, 'CS4232', 'AY 17/18 Sem 1');
INSERT INTO studentPlans VALUES('E3000048B', FALSE, 'CS5345', 'AY 17/18 Sem 1');
INSERT INTO studentPlans VALUES('E3000048B', FALSE, 'CS4350', 'AY 17/18 Sem 1');
INSERT INTO studentPlans VALUES('E3000048B', FALSE, 'CS4222', 'AY 17/18 Sem 1');
INSERT INTO studentPlans VALUES('E3000048B', FALSE, 'CS5240', 'AY 17/18 Sem 1');
INSERT INTO studentPlans VALUES('E3000048B', FALSE, 'CS5229', 'AY 17/18 Sem 2');
INSERT INTO studentPlans VALUES('E3000048B', FALSE, 'CS4240', 'AY 17/18 Sem 2');
INSERT INTO studentPlans VALUES('E3000048B', FALSE, 'CS4880', 'AY 17/18 Sem 2');
INSERT INTO studentPlans VALUES('E3000048B', FALSE, 'CS4237', 'AY 17/18 Sem 2');
INSERT INTO studentPlans VALUES('E3000048B', FALSE, 'CS4214', 'AY 17/18 Sem 2');

INSERT INTO student VALUES('E3000049B', 3);
INSERT INTO takesFocusArea VALUES('E3000049B', 'Database Systems', NULL);
INSERT INTO studentPlans VALUES('E3000049B', TRUE, 'XFC4101', 'AY 16/17 Sem 1');
INSERT INTO studentPlans VALUES('E3000049B', TRUE, 'CP3101', 'AY 16/17 Sem 1');
INSERT INTO studentPlans VALUES('E3000049B', TRUE, 'CS4239', 'AY 16/17 Sem 1');
INSERT INTO studentPlans VALUES('E3000049B', TRUE, 'CS4347', 'AY 16/17 Sem 1');
INSERT INTO studentPlans VALUES('E3000049B', TRUE, 'CS3201', 'AY 16/17 Sem 1');
INSERT INTO studentPlans VALUES('E3000049B', FALSE, 'CS3218', 'AY 16/17 Sem 2');
INSERT INTO studentPlans VALUES('E3000049B', FALSE, 'CS3223', 'AY 16/17 Sem 2');
INSERT INTO studentPlans VALUES('E3000049B', FALSE, 'CS4215', 'AY 16/17 Sem 2');
INSERT INTO studentPlans VALUES('E3000049B', FALSE, 'CS4241', 'AY 16/17 Sem 2');
INSERT INTO studentPlans VALUES('E3000049B', FALSE, 'CS3242', 'AY 16/17 Sem 2');
INSERT INTO studentPlans VALUES('E3000049B', FALSE, 'CS4235', 'AY 17/18 Sem 1');
INSERT INTO studentPlans VALUES('E3000049B', FALSE, 'CS4237', 'AY 17/18 Sem 1');
INSERT INTO studentPlans VALUES('E3000049B', FALSE, 'CS4246', 'AY 17/18 Sem 1');
INSERT INTO studentPlans VALUES('E3000049B', FALSE, 'CS5242', 'AY 17/18 Sem 1');
INSERT INTO studentPlans VALUES('E3000049B', FALSE, 'CS4238', 'AY 17/18 Sem 1');
INSERT INTO studentPlans VALUES('E3000049B', FALSE, 'CS4244', 'AY 17/18 Sem 2');
INSERT INTO studentPlans VALUES('E3000049B', FALSE, 'CS5230', 'AY 17/18 Sem 2');
INSERT INTO studentPlans VALUES('E3000049B', FALSE, 'CP4101', 'AY 17/18 Sem 2');
INSERT INTO studentPlans VALUES('E3000049B', FALSE, 'CS4211', 'AY 17/18 Sem 2');
INSERT INTO studentPlans VALUES('E3000049B', FALSE, 'CS5331', 'AY 17/18 Sem 2');

INSERT INTO student VALUES('E3000050B', 3);
INSERT INTO takesFocusArea VALUES('E3000050B', 'Computer Graphics and Games', NULL);
INSERT INTO studentPlans VALUES('E3000050B', TRUE, 'CS4239', 'AY 16/17 Sem 1');
INSERT INTO studentPlans VALUES('E3000050B', TRUE, 'CS3283', 'AY 16/17 Sem 1');
INSERT INTO studentPlans VALUES('E3000050B', TRUE, 'CS3247', 'AY 16/17 Sem 1');
INSERT INTO studentPlans VALUES('E3000050B', TRUE, 'CS4248', 'AY 16/17 Sem 1');
INSERT INTO studentPlans VALUES('E3000050B', TRUE, 'CS3212', 'AY 16/17 Sem 1');
INSERT INTO studentPlans VALUES('E3000050B', FALSE, 'CP3209', 'AY 16/17 Sem 2');
INSERT INTO studentPlans VALUES('E3000050B', FALSE, 'CS3233', 'AY 16/17 Sem 2');
INSERT INTO studentPlans VALUES('E3000050B', FALSE, 'CS4241', 'AY 16/17 Sem 2');
INSERT INTO studentPlans VALUES('E3000050B', FALSE, 'CP3108B', 'AY 16/17 Sem 2');
INSERT INTO studentPlans VALUES('E3000050B', FALSE, 'CS3202', 'AY 16/17 Sem 2');
INSERT INTO studentPlans VALUES('E3000050B', FALSE, 'CS5229', 'AY 17/18 Sem 1');
INSERT INTO studentPlans VALUES('E3000050B', FALSE, 'CS5339', 'AY 17/18 Sem 1');
INSERT INTO studentPlans VALUES('E3000050B', FALSE, 'CS4350', 'AY 17/18 Sem 1');
INSERT INTO studentPlans VALUES('E3000050B', FALSE, 'CS4226', 'AY 17/18 Sem 1');
INSERT INTO studentPlans VALUES('E3000050B', FALSE, 'CS4225', 'AY 17/18 Sem 1');
INSERT INTO studentPlans VALUES('E3000050B', FALSE, 'CS4344', 'AY 17/18 Sem 2');
INSERT INTO studentPlans VALUES('E3000050B', FALSE, 'CS4238', 'AY 17/18 Sem 2');
INSERT INTO studentPlans VALUES('E3000050B', FALSE, 'CS5322', 'AY 17/18 Sem 2');
INSERT INTO studentPlans VALUES('E3000050B', FALSE, 'CS5246', 'AY 17/18 Sem 2');
INSERT INTO studentPlans VALUES('E3000050B', FALSE, 'CS4220', 'AY 17/18 Sem 2');

INSERT INTO student VALUES('E3000051B', 3);
INSERT INTO takesFocusArea VALUES('E3000051B', 'Computer Security', NULL);
INSERT INTO studentPlans VALUES('E3000051B', TRUE, 'CP3108B', 'AY 16/17 Sem 1');
INSERT INTO studentPlans VALUES('E3000051B', TRUE, 'CS3215', 'AY 16/17 Sem 1');
INSERT INTO studentPlans VALUES('E3000051B', TRUE, 'CS3212', 'AY 16/17 Sem 1');
INSERT INTO studentPlans VALUES('E3000051B', TRUE, 'CS3233', 'AY 16/17 Sem 1');
INSERT INTO studentPlans VALUES('E3000051B', TRUE, 'CS4216', 'AY 16/17 Sem 1');
INSERT INTO studentPlans VALUES('E3000051B', FALSE, 'CS3284', 'AY 16/17 Sem 2');
INSERT INTO studentPlans VALUES('E3000051B', FALSE, 'CS3218', 'AY 16/17 Sem 2');
INSERT INTO studentPlans VALUES('E3000051B', FALSE, 'CS3230', 'AY 16/17 Sem 2');
INSERT INTO studentPlans VALUES('E3000051B', FALSE, 'CS4345', 'AY 16/17 Sem 2');
INSERT INTO studentPlans VALUES('E3000051B', FALSE, 'CS3246', 'AY 16/17 Sem 2');
INSERT INTO studentPlans VALUES('E3000051B', FALSE, 'CS4237', 'AY 17/18 Sem 1');
INSERT INTO studentPlans VALUES('E3000051B', FALSE, 'CS4244', 'AY 17/18 Sem 1');
INSERT INTO studentPlans VALUES('E3000051B', FALSE, 'CS4271', 'AY 17/18 Sem 1');
INSERT INTO studentPlans VALUES('E3000051B', FALSE, 'CP4101', 'AY 17/18 Sem 1');
INSERT INTO studentPlans VALUES('E3000051B', FALSE, 'CS5241', 'AY 17/18 Sem 1');
INSERT INTO studentPlans VALUES('E3000051B', FALSE, 'CS4223', 'AY 17/18 Sem 2');
INSERT INTO studentPlans VALUES('E3000051B', FALSE, 'CS4248', 'AY 17/18 Sem 2');
INSERT INTO studentPlans VALUES('E3000051B', FALSE, 'CS4246', 'AY 17/18 Sem 2');
INSERT INTO studentPlans VALUES('E3000051B', FALSE, 'CS4220', 'AY 17/18 Sem 2');
INSERT INTO studentPlans VALUES('E3000051B', FALSE, 'CS4880', 'AY 17/18 Sem 2');

INSERT INTO student VALUES('E3000052B', 3);
INSERT INTO takesFocusArea VALUES('E3000052B', 'Computer Security', NULL);
INSERT INTO studentPlans VALUES('E3000052B', TRUE, 'CS3234', 'AY 16/17 Sem 1');
INSERT INTO studentPlans VALUES('E3000052B', TRUE, 'CG3002', 'AY 16/17 Sem 1');
INSERT INTO studentPlans VALUES('E3000052B', TRUE, 'CP3109', 'AY 16/17 Sem 1');
INSERT INTO studentPlans VALUES('E3000052B', TRUE, 'CP3101A', 'AY 16/17 Sem 1');
INSERT INTO studentPlans VALUES('E3000052B', TRUE, 'CP3880', 'AY 16/17 Sem 1');
INSERT INTO studentPlans VALUES('E3000052B', FALSE, 'CS3205', 'AY 16/17 Sem 2');
INSERT INTO studentPlans VALUES('E3000052B', FALSE, 'CP3108A', 'AY 16/17 Sem 2');
INSERT INTO studentPlans VALUES('E3000052B', FALSE, 'CS3236', 'AY 16/17 Sem 2');
INSERT INTO studentPlans VALUES('E3000052B', FALSE, 'CP3208', 'AY 16/17 Sem 2');
INSERT INTO studentPlans VALUES('E3000052B', FALSE, 'CS3215', 'AY 16/17 Sem 2');
INSERT INTO studentPlans VALUES('E3000052B', FALSE, 'CS4244', 'AY 17/18 Sem 1');
INSERT INTO studentPlans VALUES('E3000052B', FALSE, 'CS4214', 'AY 17/18 Sem 1');
INSERT INTO studentPlans VALUES('E3000052B', FALSE, 'CS4224', 'AY 17/18 Sem 1');
INSERT INTO studentPlans VALUES('E3000052B', FALSE, 'CS4212', 'AY 17/18 Sem 1');
INSERT INTO studentPlans VALUES('E3000052B', FALSE, 'CS4237', 'AY 17/18 Sem 1');
INSERT INTO studentPlans VALUES('E3000052B', FALSE, 'CS5321', 'AY 17/18 Sem 2');
INSERT INTO studentPlans VALUES('E3000052B', FALSE, 'CS4243', 'AY 17/18 Sem 2');
INSERT INTO studentPlans VALUES('E3000052B', FALSE, 'CS4246', 'AY 17/18 Sem 2');
INSERT INTO studentPlans VALUES('E3000052B', FALSE, 'CS4234', 'AY 17/18 Sem 2');
INSERT INTO studentPlans VALUES('E3000052B', FALSE, 'CS5272', 'AY 17/18 Sem 2');

INSERT INTO student VALUES('E3000053B', 3);
INSERT INTO takesFocusArea VALUES('E3000053B', 'Algorithms & Theory', NULL);
INSERT INTO studentPlans VALUES('E3000053B', TRUE, 'CS3235', 'AY 16/17 Sem 1');
INSERT INTO studentPlans VALUES('E3000053B', TRUE, 'CS3240', 'AY 16/17 Sem 1');
INSERT INTO studentPlans VALUES('E3000053B', TRUE, 'CS3216', 'AY 16/17 Sem 1');
INSERT INTO studentPlans VALUES('E3000053B', TRUE, 'CS3281', 'AY 16/17 Sem 1');
INSERT INTO studentPlans VALUES('E3000053B', TRUE, 'CS4221', 'AY 16/17 Sem 1');
INSERT INTO studentPlans VALUES('E3000053B', FALSE, 'CS3202', 'AY 16/17 Sem 2');
INSERT INTO studentPlans VALUES('E3000053B', FALSE, 'CG3204L', 'AY 16/17 Sem 2');
INSERT INTO studentPlans VALUES('E3000053B', FALSE, 'CP3208', 'AY 16/17 Sem 2');
INSERT INTO studentPlans VALUES('E3000053B', FALSE, 'CS3213', 'AY 16/17 Sem 2');
INSERT INTO studentPlans VALUES('E3000053B', FALSE, 'CS3230', 'AY 16/17 Sem 2');
INSERT INTO studentPlans VALUES('E3000053B', FALSE, 'CS4271', 'AY 17/18 Sem 1');
INSERT INTO studentPlans VALUES('E3000053B', FALSE, 'CS5231', 'AY 17/18 Sem 1');
INSERT INTO studentPlans VALUES('E3000053B', FALSE, 'CS5272', 'AY 17/18 Sem 1');
INSERT INTO studentPlans VALUES('E3000053B', FALSE, 'CS4880', 'AY 17/18 Sem 1');
INSERT INTO studentPlans VALUES('E3000053B', FALSE, 'CS4212', 'AY 17/18 Sem 1');
INSERT INTO studentPlans VALUES('E3000053B', FALSE, 'CS4236', 'AY 17/18 Sem 2');
INSERT INTO studentPlans VALUES('E3000053B', FALSE, 'CS4241', 'AY 17/18 Sem 2');
INSERT INTO studentPlans VALUES('E3000053B', FALSE, 'CS4344', 'AY 17/18 Sem 2');
INSERT INTO studentPlans VALUES('E3000053B', FALSE, 'CS4239', 'AY 17/18 Sem 2');
INSERT INTO studentPlans VALUES('E3000053B', FALSE, 'CS5241', 'AY 17/18 Sem 2');

INSERT INTO student VALUES('E3000054B', 3);
INSERT INTO takesFocusArea VALUES('E3000054B', 'Interactive Media', NULL);
INSERT INTO studentPlans VALUES('E3000054B', TRUE, 'CS3226', 'AY 16/17 Sem 1');
INSERT INTO studentPlans VALUES('E3000054B', TRUE, 'CS3201', 'AY 16/17 Sem 1');
INSERT INTO studentPlans VALUES('E3000054B', TRUE, 'CP3101C', 'AY 16/17 Sem 1');
INSERT INTO studentPlans VALUES('E3000054B', TRUE, 'CS3216', 'AY 16/17 Sem 1');
INSERT INTO studentPlans VALUES('E3000054B', TRUE, 'CS3249', 'AY 16/17 Sem 1');
INSERT INTO studentPlans VALUES('E3000054B', FALSE, 'CS3103', 'AY 16/17 Sem 2');
INSERT INTO studentPlans VALUES('E3000054B', FALSE, 'CP3101', 'AY 16/17 Sem 2');
INSERT INTO studentPlans VALUES('E3000054B', FALSE, 'CS3221', 'AY 16/17 Sem 2');
INSERT INTO studentPlans VALUES('E3000054B', FALSE, 'CS3223', 'AY 16/17 Sem 2');
INSERT INTO studentPlans VALUES('E3000054B', FALSE, 'CP3200', 'AY 16/17 Sem 2');
INSERT INTO studentPlans VALUES('E3000054B', FALSE, 'XFC4101', 'AY 17/18 Sem 1');
INSERT INTO studentPlans VALUES('E3000054B', FALSE, 'CS4240', 'AY 17/18 Sem 1');
INSERT INTO studentPlans VALUES('E3000054B', FALSE, 'CS4340', 'AY 17/18 Sem 1');
INSERT INTO studentPlans VALUES('E3000054B', FALSE, 'CS4226', 'AY 17/18 Sem 1');
INSERT INTO studentPlans VALUES('E3000054B', FALSE, 'CS4242', 'AY 17/18 Sem 1');
INSERT INTO studentPlans VALUES('E3000054B', FALSE, 'CS4880', 'AY 17/18 Sem 2');
INSERT INTO studentPlans VALUES('E3000054B', FALSE, 'CS4234', 'AY 17/18 Sem 2');
INSERT INTO studentPlans VALUES('E3000054B', FALSE, 'CS5331', 'AY 17/18 Sem 2');
INSERT INTO studentPlans VALUES('E3000054B', FALSE, 'CS4222', 'AY 17/18 Sem 2');
INSERT INTO studentPlans VALUES('E3000054B', FALSE, 'CS4220', 'AY 17/18 Sem 2');

INSERT INTO student VALUES('E3000055B', 3);
INSERT INTO takesFocusArea VALUES('E3000055B', 'Visual Computing', NULL);
INSERT INTO studentPlans VALUES('E3000055B', TRUE, 'CP3101A', 'AY 16/17 Sem 1');
INSERT INTO studentPlans VALUES('E3000055B', TRUE, 'CS3226', 'AY 16/17 Sem 1');
INSERT INTO studentPlans VALUES('E3000055B', TRUE, 'CS4222', 'AY 16/17 Sem 1');
INSERT INTO studentPlans VALUES('E3000055B', TRUE, 'CP3881', 'AY 16/17 Sem 1');
INSERT INTO studentPlans VALUES('E3000055B', TRUE, 'CS4247', 'AY 16/17 Sem 1');
INSERT INTO studentPlans VALUES('E3000055B', FALSE, 'CS3212', 'AY 16/17 Sem 2');
INSERT INTO studentPlans VALUES('E3000055B', FALSE, 'CS3282', 'AY 16/17 Sem 2');
INSERT INTO studentPlans VALUES('E3000055B', FALSE, 'CS3343', 'AY 16/17 Sem 2');
INSERT INTO studentPlans VALUES('E3000055B', FALSE, 'CS3211', 'AY 16/17 Sem 2');
INSERT INTO studentPlans VALUES('E3000055B', FALSE, 'CS3210', 'AY 16/17 Sem 2');
INSERT INTO studentPlans VALUES('E3000055B', FALSE, 'CS4271', 'AY 17/18 Sem 1');
INSERT INTO studentPlans VALUES('E3000055B', FALSE, 'CS4243', 'AY 17/18 Sem 1');
INSERT INTO studentPlans VALUES('E3000055B', FALSE, 'CS4235', 'AY 17/18 Sem 1');
INSERT INTO studentPlans VALUES('E3000055B', FALSE, 'CP4101', 'AY 17/18 Sem 1');
INSERT INTO studentPlans VALUES('E3000055B', FALSE, 'CS4345', 'AY 17/18 Sem 1');
INSERT INTO studentPlans VALUES('E3000055B', FALSE, 'CS5228', 'AY 17/18 Sem 2');
INSERT INTO studentPlans VALUES('E3000055B', FALSE, 'CS4244', 'AY 17/18 Sem 2');
INSERT INTO studentPlans VALUES('E3000055B', FALSE, 'CS4239', 'AY 17/18 Sem 2');
INSERT INTO studentPlans VALUES('E3000055B', FALSE, 'CS4224', 'AY 17/18 Sem 2');
INSERT INTO studentPlans VALUES('E3000055B', FALSE, 'CS5222', 'AY 17/18 Sem 2');

INSERT INTO student VALUES('E3000056B', 3);
INSERT INTO takesFocusArea VALUES('E3000056B', 'Artificial Intelligence', NULL);
INSERT INTO studentPlans VALUES('E3000056B', TRUE, 'CG3002', 'AY 16/17 Sem 1');
INSERT INTO studentPlans VALUES('E3000056B', TRUE, 'CS3202', 'AY 16/17 Sem 1');
INSERT INTO studentPlans VALUES('E3000056B', TRUE, 'CP3880', 'AY 16/17 Sem 1');
INSERT INTO studentPlans VALUES('E3000056B', TRUE, 'CS3210', 'AY 16/17 Sem 1');
INSERT INTO studentPlans VALUES('E3000056B', TRUE, 'CP4101', 'AY 16/17 Sem 1');
INSERT INTO studentPlans VALUES('E3000056B', FALSE, 'CS4236', 'AY 16/17 Sem 2');
INSERT INTO studentPlans VALUES('E3000056B', FALSE, 'CS3217', 'AY 16/17 Sem 2');
INSERT INTO studentPlans VALUES('E3000056B', FALSE, 'CS4242', 'AY 16/17 Sem 2');
INSERT INTO studentPlans VALUES('E3000056B', FALSE, 'CS3882', 'AY 16/17 Sem 2');
INSERT INTO studentPlans VALUES('E3000056B', FALSE, 'CS4275', 'AY 16/17 Sem 2');
INSERT INTO studentPlans VALUES('E3000056B', FALSE, 'CS4345', 'AY 17/18 Sem 1');
INSERT INTO studentPlans VALUES('E3000056B', FALSE, 'CS4247', 'AY 17/18 Sem 1');
INSERT INTO studentPlans VALUES('E3000056B', FALSE, 'CS4211', 'AY 17/18 Sem 1');
INSERT INTO studentPlans VALUES('E3000056B', FALSE, 'CS4235', 'AY 17/18 Sem 1');
INSERT INTO studentPlans VALUES('E3000056B', FALSE, 'CS5234', 'AY 17/18 Sem 1');
INSERT INTO studentPlans VALUES('E3000056B', FALSE, 'CS4244', 'AY 17/18 Sem 2');
INSERT INTO studentPlans VALUES('E3000056B', FALSE, 'CS4246', 'AY 17/18 Sem 2');
INSERT INTO studentPlans VALUES('E3000056B', FALSE, 'CS4215', 'AY 17/18 Sem 2');
INSERT INTO studentPlans VALUES('E3000056B', FALSE, 'CS5344', 'AY 17/18 Sem 2');
INSERT INTO studentPlans VALUES('E3000056B', FALSE, 'CS4221', 'AY 17/18 Sem 2');

INSERT INTO student VALUES('E3000057B', 3);
INSERT INTO takesFocusArea VALUES('E3000057B', 'Software Engineering', NULL);
INSERT INTO studentPlans VALUES('E3000057B', TRUE, 'CP3106', 'AY 16/17 Sem 1');
INSERT INTO studentPlans VALUES('E3000057B', TRUE, 'CS3236', 'AY 16/17 Sem 1');
INSERT INTO studentPlans VALUES('E3000057B', TRUE, 'CP3200', 'AY 16/17 Sem 1');
INSERT INTO studentPlans VALUES('E3000057B', TRUE, 'CS4271', 'AY 16/17 Sem 1');
INSERT INTO studentPlans VALUES('E3000057B', TRUE, 'CP3109', 'AY 16/17 Sem 1');
INSERT INTO studentPlans VALUES('E3000057B', FALSE, 'CS3223', 'AY 16/17 Sem 2');
INSERT INTO studentPlans VALUES('E3000057B', FALSE, 'CS3215', 'AY 16/17 Sem 2');
INSERT INTO studentPlans VALUES('E3000057B', FALSE, 'CS4240', 'AY 16/17 Sem 2');
INSERT INTO studentPlans VALUES('E3000057B', FALSE, 'CS3242', 'AY 16/17 Sem 2');
INSERT INTO studentPlans VALUES('E3000057B', FALSE, 'CS3281', 'AY 16/17 Sem 2');
INSERT INTO studentPlans VALUES('E3000057B', FALSE, 'CS4248', 'AY 17/18 Sem 1');
INSERT INTO studentPlans VALUES('E3000057B', FALSE, 'CS4246', 'AY 17/18 Sem 1');
INSERT INTO studentPlans VALUES('E3000057B', FALSE, 'CS4249', 'AY 17/18 Sem 1');
INSERT INTO studentPlans VALUES('E3000057B', FALSE, 'CS4223', 'AY 17/18 Sem 1');
INSERT INTO studentPlans VALUES('E3000057B', FALSE, 'CS4234', 'AY 17/18 Sem 1');
INSERT INTO studentPlans VALUES('E3000057B', FALSE, 'CS5240', 'AY 17/18 Sem 2');
INSERT INTO studentPlans VALUES('E3000057B', FALSE, 'CS4247', 'AY 17/18 Sem 2');
INSERT INTO studentPlans VALUES('E3000057B', FALSE, 'CS4350', 'AY 17/18 Sem 2');
INSERT INTO studentPlans VALUES('E3000057B', FALSE, 'CS4214', 'AY 17/18 Sem 2');
INSERT INTO studentPlans VALUES('E3000057B', FALSE, 'CS4226', 'AY 17/18 Sem 2');

INSERT INTO student VALUES('E3000058B', 3);
INSERT INTO takesFocusArea VALUES('E3000058B', 'Interactive Media', NULL);
INSERT INTO studentPlans VALUES('E3000058B', TRUE, 'CS3244', 'AY 16/17 Sem 1');
INSERT INTO studentPlans VALUES('E3000058B', TRUE, 'CG3002', 'AY 16/17 Sem 1');
INSERT INTO studentPlans VALUES('E3000058B', TRUE, 'CS3882', 'AY 16/17 Sem 1');
INSERT INTO studentPlans VALUES('E3000058B', TRUE, 'CP3106', 'AY 16/17 Sem 1');
INSERT INTO studentPlans VALUES('E3000058B', TRUE, 'CP3880', 'AY 16/17 Sem 1');
INSERT INTO studentPlans VALUES('E3000058B', FALSE, 'CP3209', 'AY 16/17 Sem 2');
INSERT INTO studentPlans VALUES('E3000058B', FALSE, 'CP3202', 'AY 16/17 Sem 2');
INSERT INTO studentPlans VALUES('E3000058B', FALSE, 'CS3220', 'AY 16/17 Sem 2');
INSERT INTO studentPlans VALUES('E3000058B', FALSE, 'CS3282', 'AY 16/17 Sem 2');
INSERT INTO studentPlans VALUES('E3000058B', FALSE, 'CS3217', 'AY 16/17 Sem 2');
INSERT INTO studentPlans VALUES('E3000058B', FALSE, 'CS4216', 'AY 17/18 Sem 1');
INSERT INTO studentPlans VALUES('E3000058B', FALSE, 'CS4275', 'AY 17/18 Sem 1');
INSERT INTO studentPlans VALUES('E3000058B', FALSE, 'CS5223', 'AY 17/18 Sem 1');
INSERT INTO studentPlans VALUES('E3000058B', FALSE, 'CS4217', 'AY 17/18 Sem 1');
INSERT INTO studentPlans VALUES('E3000058B', FALSE, 'CS5248', 'AY 17/18 Sem 1');
INSERT INTO studentPlans VALUES('E3000058B', FALSE, 'CS4215', 'AY 17/18 Sem 2');
INSERT INTO studentPlans VALUES('E3000058B', FALSE, 'CS4231', 'AY 17/18 Sem 2');
INSERT INTO studentPlans VALUES('E3000058B', FALSE, 'CS4226', 'AY 17/18 Sem 2');
INSERT INTO studentPlans VALUES('E3000058B', FALSE, 'CS4246', 'AY 17/18 Sem 2');
INSERT INTO studentPlans VALUES('E3000058B', FALSE, 'CS5219', 'AY 17/18 Sem 2');

INSERT INTO student VALUES('E3000059B', 3);
INSERT INTO takesFocusArea VALUES('E3000059B', 'Computer Security', NULL);
INSERT INTO studentPlans VALUES('E3000059B', TRUE, 'CS3213', 'AY 16/17 Sem 1');
INSERT INTO studentPlans VALUES('E3000059B', TRUE, 'CS3241', 'AY 16/17 Sem 1');
INSERT INTO studentPlans VALUES('E3000059B', TRUE, 'CS4215', 'AY 16/17 Sem 1');
INSERT INTO studentPlans VALUES('E3000059B', TRUE, 'CS3210', 'AY 16/17 Sem 1');
INSERT INTO studentPlans VALUES('E3000059B', TRUE, 'CS3216', 'AY 16/17 Sem 1');
INSERT INTO studentPlans VALUES('E3000059B', FALSE, 'CS3343', 'AY 16/17 Sem 2');
INSERT INTO studentPlans VALUES('E3000059B', FALSE, 'CS3221', 'AY 16/17 Sem 2');
INSERT INTO studentPlans VALUES('E3000059B', FALSE, 'CS3242', 'AY 16/17 Sem 2');
INSERT INTO studentPlans VALUES('E3000059B', FALSE, 'CP3209', 'AY 16/17 Sem 2');
INSERT INTO studentPlans VALUES('E3000059B', FALSE, 'CS3205', 'AY 16/17 Sem 2');
INSERT INTO studentPlans VALUES('E3000059B', FALSE, 'CS5219', 'AY 17/18 Sem 1');
INSERT INTO studentPlans VALUES('E3000059B', FALSE, 'CS4240', 'AY 17/18 Sem 1');
INSERT INTO studentPlans VALUES('E3000059B', FALSE, 'CS4238', 'AY 17/18 Sem 1');
INSERT INTO studentPlans VALUES('E3000059B', FALSE, 'CS4225', 'AY 17/18 Sem 1');
INSERT INTO studentPlans VALUES('E3000059B', FALSE, 'CS5241', 'AY 17/18 Sem 1');
INSERT INTO studentPlans VALUES('E3000059B', FALSE, 'CS4249', 'AY 17/18 Sem 2');
INSERT INTO studentPlans VALUES('E3000059B', FALSE, 'CS4222', 'AY 17/18 Sem 2');
INSERT INTO studentPlans VALUES('E3000059B', FALSE, 'CS4214', 'AY 17/18 Sem 2');
INSERT INTO studentPlans VALUES('E3000059B', FALSE, 'CS4347', 'AY 17/18 Sem 2');
INSERT INTO studentPlans VALUES('E3000059B', FALSE, 'CS5228', 'AY 17/18 Sem 2');

INSERT INTO student VALUES('E3000060B', 3);
INSERT INTO takesFocusArea VALUES('E3000060B', 'Visual Computing', NULL);
INSERT INTO studentPlans VALUES('E3000060B', TRUE, 'CS3103', 'AY 16/17 Sem 1');
INSERT INTO studentPlans VALUES('E3000060B', TRUE, 'CS3201', 'AY 16/17 Sem 1');
INSERT INTO studentPlans VALUES('E3000060B', TRUE, 'CP3101A', 'AY 16/17 Sem 1');
INSERT INTO studentPlans VALUES('E3000060B', TRUE, 'CS3243', 'AY 16/17 Sem 1');
INSERT INTO studentPlans VALUES('E3000060B', TRUE, 'CP3101', 'AY 16/17 Sem 1');
INSERT INTO studentPlans VALUES('E3000060B', FALSE, 'CP3200', 'AY 16/17 Sem 2');
INSERT INTO studentPlans VALUES('E3000060B', FALSE, 'CS3226', 'AY 16/17 Sem 2');
INSERT INTO studentPlans VALUES('E3000060B', FALSE, 'CS3230', 'AY 16/17 Sem 2');
INSERT INTO studentPlans VALUES('E3000060B', FALSE, 'CS3218', 'AY 16/17 Sem 2');
INSERT INTO studentPlans VALUES('E3000060B', FALSE, 'CG3204L', 'AY 16/17 Sem 2');
INSERT INTO studentPlans VALUES('E3000060B', FALSE, 'CS4347', 'AY 17/18 Sem 1');
INSERT INTO studentPlans VALUES('E3000060B', FALSE, 'CS4275', 'AY 17/18 Sem 1');
INSERT INTO studentPlans VALUES('E3000060B', FALSE, 'CS4235', 'AY 17/18 Sem 1');
INSERT INTO studentPlans VALUES('E3000060B', FALSE, 'CS4344', 'AY 17/18 Sem 1');
INSERT INTO studentPlans VALUES('E3000060B', FALSE, 'CS4232', 'AY 17/18 Sem 1');
INSERT INTO studentPlans VALUES('E3000060B', FALSE, 'CS4240', 'AY 17/18 Sem 2');
INSERT INTO studentPlans VALUES('E3000060B', FALSE, 'CS5248', 'AY 17/18 Sem 2');
INSERT INTO studentPlans VALUES('E3000060B', FALSE, 'CS4221', 'AY 17/18 Sem 2');
INSERT INTO studentPlans VALUES('E3000060B', FALSE, 'CS5271', 'AY 17/18 Sem 2');
INSERT INTO studentPlans VALUES('E3000060B', FALSE, 'CS5351', 'AY 17/18 Sem 2');

INSERT INTO student VALUES('E3000061B', 3);
INSERT INTO takesFocusArea VALUES('E3000061B', 'Visual Computing', NULL);
INSERT INTO studentPlans VALUES('E3000061B', TRUE, 'CS3213', 'AY 16/17 Sem 1');
INSERT INTO studentPlans VALUES('E3000061B', TRUE, 'CS3217', 'AY 16/17 Sem 1');
INSERT INTO studentPlans VALUES('E3000061B', TRUE, 'CS3234', 'AY 16/17 Sem 1');
INSERT INTO studentPlans VALUES('E3000061B', TRUE, 'CS3223', 'AY 16/17 Sem 1');
INSERT INTO studentPlans VALUES('E3000061B', TRUE, 'CP3101', 'AY 16/17 Sem 1');
INSERT INTO studentPlans VALUES('E3000061B', FALSE, 'CS3281', 'AY 16/17 Sem 2');
INSERT INTO studentPlans VALUES('E3000061B', FALSE, 'CP3101C', 'AY 16/17 Sem 2');
INSERT INTO studentPlans VALUES('E3000061B', FALSE, 'CS3225', 'AY 16/17 Sem 2');
INSERT INTO studentPlans VALUES('E3000061B', FALSE, 'CS3103', 'AY 16/17 Sem 2');
INSERT INTO studentPlans VALUES('E3000061B', FALSE, 'CP3108A', 'AY 16/17 Sem 2');
INSERT INTO studentPlans VALUES('E3000061B', FALSE, 'CS4232', 'AY 17/18 Sem 1');
INSERT INTO studentPlans VALUES('E3000061B', FALSE, 'CS4235', 'AY 17/18 Sem 1');
INSERT INTO studentPlans VALUES('E3000061B', FALSE, 'CS4241', 'AY 17/18 Sem 1');
INSERT INTO studentPlans VALUES('E3000061B', FALSE, 'CS4234', 'AY 17/18 Sem 1');
INSERT INTO studentPlans VALUES('E3000061B', FALSE, 'CS5345', 'AY 17/18 Sem 1');
INSERT INTO studentPlans VALUES('E3000061B', FALSE, 'CS5321', 'AY 17/18 Sem 2');
INSERT INTO studentPlans VALUES('E3000061B', FALSE, 'CS4248', 'AY 17/18 Sem 2');
INSERT INTO studentPlans VALUES('E3000061B', FALSE, 'CS5230', 'AY 17/18 Sem 2');
INSERT INTO studentPlans VALUES('E3000061B', FALSE, 'CS5223', 'AY 17/18 Sem 2');
INSERT INTO studentPlans VALUES('E3000061B', FALSE, 'CS4211', 'AY 17/18 Sem 2');

INSERT INTO student VALUES('E3000062B', 3);
INSERT INTO takesFocusArea VALUES('E3000062B', 'Computer Security', NULL);
INSERT INTO studentPlans VALUES('E3000062B', TRUE, 'CS4243', 'AY 16/17 Sem 1');
INSERT INTO studentPlans VALUES('E3000062B', TRUE, 'CP3202', 'AY 16/17 Sem 1');
INSERT INTO studentPlans VALUES('E3000062B', TRUE, 'CS4221', 'AY 16/17 Sem 1');
INSERT INTO studentPlans VALUES('E3000062B', TRUE, 'CS3235', 'AY 16/17 Sem 1');
INSERT INTO studentPlans VALUES('E3000062B', TRUE, 'CS3217', 'AY 16/17 Sem 1');
INSERT INTO studentPlans VALUES('E3000062B', FALSE, 'CP3201', 'AY 16/17 Sem 2');
INSERT INTO studentPlans VALUES('E3000062B', FALSE, 'CS3220', 'AY 16/17 Sem 2');
INSERT INTO studentPlans VALUES('E3000062B', FALSE, 'CP3101', 'AY 16/17 Sem 2');
INSERT INTO studentPlans VALUES('E3000062B', FALSE, 'CS3226', 'AY 16/17 Sem 2');
INSERT INTO studentPlans VALUES('E3000062B', FALSE, 'CS4225', 'AY 16/17 Sem 2');
INSERT INTO studentPlans VALUES('E3000062B', FALSE, 'CS4211', 'AY 17/18 Sem 1');
INSERT INTO studentPlans VALUES('E3000062B', FALSE, 'CS4235', 'AY 17/18 Sem 1');
INSERT INTO studentPlans VALUES('E3000062B', FALSE, 'CS4234', 'AY 17/18 Sem 1');
INSERT INTO studentPlans VALUES('E3000062B', FALSE, 'CS4271', 'AY 17/18 Sem 1');
INSERT INTO studentPlans VALUES('E3000062B', FALSE, 'CS4247', 'AY 17/18 Sem 1');
INSERT INTO studentPlans VALUES('E3000062B', FALSE, 'CS4222', 'AY 17/18 Sem 2');
INSERT INTO studentPlans VALUES('E3000062B', FALSE, 'CS4220', 'AY 17/18 Sem 2');
INSERT INTO studentPlans VALUES('E3000062B', FALSE, 'CS5226', 'AY 17/18 Sem 2');
INSERT INTO studentPlans VALUES('E3000062B', FALSE, 'CS4218', 'AY 17/18 Sem 2');
INSERT INTO studentPlans VALUES('E3000062B', FALSE, 'CS4216', 'AY 17/18 Sem 2');

INSERT INTO student VALUES('E3000063B', 3);
INSERT INTO takesFocusArea VALUES('E3000063B', 'Algorithms & Theory', NULL);
INSERT INTO studentPlans VALUES('E3000063B', TRUE, 'CS3249', 'AY 16/17 Sem 1');
INSERT INTO studentPlans VALUES('E3000063B', TRUE, 'CS3103', 'AY 16/17 Sem 1');
INSERT INTO studentPlans VALUES('E3000063B', TRUE, 'CS3218', 'AY 16/17 Sem 1');
INSERT INTO studentPlans VALUES('E3000063B', TRUE, 'CS3282', 'AY 16/17 Sem 1');
INSERT INTO studentPlans VALUES('E3000063B', TRUE, 'CS3103L', 'AY 16/17 Sem 1');
INSERT INTO studentPlans VALUES('E3000063B', FALSE, 'CS4226', 'AY 16/17 Sem 2');
INSERT INTO studentPlans VALUES('E3000063B', FALSE, 'CS3245', 'AY 16/17 Sem 2');
INSERT INTO studentPlans VALUES('E3000063B', FALSE, 'CS3213', 'AY 16/17 Sem 2');
INSERT INTO studentPlans VALUES('E3000063B', FALSE, 'CS3212', 'AY 16/17 Sem 2');
INSERT INTO studentPlans VALUES('E3000063B', FALSE, 'CS3235', 'AY 16/17 Sem 2');
INSERT INTO studentPlans VALUES('E3000063B', FALSE, 'CS5231', 'AY 17/18 Sem 1');
INSERT INTO studentPlans VALUES('E3000063B', FALSE, 'CS4275', 'AY 17/18 Sem 1');
INSERT INTO studentPlans VALUES('E3000063B', FALSE, 'CS4224', 'AY 17/18 Sem 1');
INSERT INTO studentPlans VALUES('E3000063B', FALSE, 'CS4340', 'AY 17/18 Sem 1');
INSERT INTO studentPlans VALUES('E3000063B', FALSE, 'CS5239', 'AY 17/18 Sem 1');
INSERT INTO studentPlans VALUES('E3000063B', FALSE, 'CS4350', 'AY 17/18 Sem 2');
INSERT INTO studentPlans VALUES('E3000063B', FALSE, 'CS5228', 'AY 17/18 Sem 2');
INSERT INTO studentPlans VALUES('E3000063B', FALSE, 'CS4271', 'AY 17/18 Sem 2');
INSERT INTO studentPlans VALUES('E3000063B', FALSE, 'CS4214', 'AY 17/18 Sem 2');
INSERT INTO studentPlans VALUES('E3000063B', FALSE, 'CS4211', 'AY 17/18 Sem 2');

INSERT INTO student VALUES('E3000064B', 3);
INSERT INTO takesFocusArea VALUES('E3000064B', 'Visual Computing', NULL);
INSERT INTO studentPlans VALUES('E3000064B', TRUE, 'CS3236', 'AY 16/17 Sem 1');
INSERT INTO studentPlans VALUES('E3000064B', TRUE, 'CS3103', 'AY 16/17 Sem 1');
INSERT INTO studentPlans VALUES('E3000064B', TRUE, 'CS3212', 'AY 16/17 Sem 1');
INSERT INTO studentPlans VALUES('E3000064B', TRUE, 'CS3234', 'AY 16/17 Sem 1');
INSERT INTO studentPlans VALUES('E3000064B', TRUE, 'CS3225', 'AY 16/17 Sem 1');
INSERT INTO studentPlans VALUES('E3000064B', FALSE, 'CS3245', 'AY 16/17 Sem 2');
INSERT INTO studentPlans VALUES('E3000064B', FALSE, 'CG3204L', 'AY 16/17 Sem 2');
INSERT INTO studentPlans VALUES('E3000064B', FALSE, 'CS4214', 'AY 16/17 Sem 2');
INSERT INTO studentPlans VALUES('E3000064B', FALSE, 'CS3201', 'AY 16/17 Sem 2');
INSERT INTO studentPlans VALUES('E3000064B', FALSE, 'CS3241', 'AY 16/17 Sem 2');
INSERT INTO studentPlans VALUES('E3000064B', FALSE, 'CS4271', 'AY 17/18 Sem 1');
INSERT INTO studentPlans VALUES('E3000064B', FALSE, 'CS4234', 'AY 17/18 Sem 1');
INSERT INTO studentPlans VALUES('E3000064B', FALSE, 'CP4101', 'AY 17/18 Sem 1');
INSERT INTO studentPlans VALUES('E3000064B', FALSE, 'CS5233', 'AY 17/18 Sem 1');
INSERT INTO studentPlans VALUES('E3000064B', FALSE, 'XFC4101', 'AY 17/18 Sem 1');
INSERT INTO studentPlans VALUES('E3000064B', FALSE, 'CS4215', 'AY 17/18 Sem 2');
INSERT INTO studentPlans VALUES('E3000064B', FALSE, 'CS4222', 'AY 17/18 Sem 2');
INSERT INTO studentPlans VALUES('E3000064B', FALSE, 'CS4242', 'AY 17/18 Sem 2');
INSERT INTO studentPlans VALUES('E3000064B', FALSE, 'CS4212', 'AY 17/18 Sem 2');
INSERT INTO studentPlans VALUES('E3000064B', FALSE, 'CS4211', 'AY 17/18 Sem 2');

INSERT INTO student VALUES('E3000065B', 3);
INSERT INTO takesFocusArea VALUES('E3000065B', 'Programming Languages', NULL);
INSERT INTO studentPlans VALUES('E3000065B', TRUE, 'CS3217', 'AY 16/17 Sem 1');
INSERT INTO studentPlans VALUES('E3000065B', TRUE, 'CS3201', 'AY 16/17 Sem 1');
INSERT INTO studentPlans VALUES('E3000065B', TRUE, 'CS3284', 'AY 16/17 Sem 1');
INSERT INTO studentPlans VALUES('E3000065B', TRUE, 'CP3881', 'AY 16/17 Sem 1');
INSERT INTO studentPlans VALUES('E3000065B', TRUE, 'CP3109', 'AY 16/17 Sem 1');
INSERT INTO studentPlans VALUES('E3000065B', FALSE, 'CS4880', 'AY 16/17 Sem 2');
INSERT INTO studentPlans VALUES('E3000065B', FALSE, 'CP3108B', 'AY 16/17 Sem 2');
INSERT INTO studentPlans VALUES('E3000065B', FALSE, 'CS3240', 'AY 16/17 Sem 2');
INSERT INTO studentPlans VALUES('E3000065B', FALSE, 'CS4217', 'AY 16/17 Sem 2');
INSERT INTO studentPlans VALUES('E3000065B', FALSE, 'CS3219', 'AY 16/17 Sem 2');
INSERT INTO studentPlans VALUES('E3000065B', FALSE, 'CS4235', 'AY 17/18 Sem 1');
INSERT INTO studentPlans VALUES('E3000065B', FALSE, 'CS5215', 'AY 17/18 Sem 1');
INSERT INTO studentPlans VALUES('E3000065B', FALSE, 'CS5232', 'AY 17/18 Sem 1');
INSERT INTO studentPlans VALUES('E3000065B', FALSE, 'CS5238', 'AY 17/18 Sem 1');
INSERT INTO studentPlans VALUES('E3000065B', FALSE, 'CS4211', 'AY 17/18 Sem 1');
INSERT INTO studentPlans VALUES('E3000065B', FALSE, 'CS4222', 'AY 17/18 Sem 2');
INSERT INTO studentPlans VALUES('E3000065B', FALSE, 'CS4242', 'AY 17/18 Sem 2');
INSERT INTO studentPlans VALUES('E3000065B', FALSE, 'CS5234', 'AY 17/18 Sem 2');
INSERT INTO studentPlans VALUES('E3000065B', FALSE, 'CS4220', 'AY 17/18 Sem 2');
INSERT INTO studentPlans VALUES('E3000065B', FALSE, 'CS4216', 'AY 17/18 Sem 2');

INSERT INTO student VALUES('E3000066B', 3);
INSERT INTO takesFocusArea VALUES('E3000066B', 'Computer Graphics and Games', NULL);
INSERT INTO studentPlans VALUES('E3000066B', TRUE, 'CS3217', 'AY 16/17 Sem 1');
INSERT INTO studentPlans VALUES('E3000066B', TRUE, 'CS3241', 'AY 16/17 Sem 1');
INSERT INTO studentPlans VALUES('E3000066B', TRUE, 'CS3223', 'AY 16/17 Sem 1');
INSERT INTO studentPlans VALUES('E3000066B', TRUE, 'CS3226', 'AY 16/17 Sem 1');
INSERT INTO studentPlans VALUES('E3000066B', TRUE, 'CS3205', 'AY 16/17 Sem 1');
INSERT INTO studentPlans VALUES('E3000066B', FALSE, 'CS3221', 'AY 16/17 Sem 2');
INSERT INTO studentPlans VALUES('E3000066B', FALSE, 'CS3271', 'AY 16/17 Sem 2');
INSERT INTO studentPlans VALUES('E3000066B', FALSE, 'CS3282', 'AY 16/17 Sem 2');
INSERT INTO studentPlans VALUES('E3000066B', FALSE, 'CS4347', 'AY 16/17 Sem 2');
INSERT INTO studentPlans VALUES('E3000066B', FALSE, 'CS3882', 'AY 16/17 Sem 2');
INSERT INTO studentPlans VALUES('E3000066B', FALSE, 'CS4226', 'AY 17/18 Sem 1');
INSERT INTO studentPlans VALUES('E3000066B', FALSE, 'CS4224', 'AY 17/18 Sem 1');
INSERT INTO studentPlans VALUES('E3000066B', FALSE, 'CS4223', 'AY 17/18 Sem 1');
INSERT INTO studentPlans VALUES('E3000066B', FALSE, 'CS4232', 'AY 17/18 Sem 1');
INSERT INTO studentPlans VALUES('E3000066B', FALSE, 'CS4237', 'AY 17/18 Sem 1');
INSERT INTO studentPlans VALUES('E3000066B', FALSE, 'CP5100', 'AY 17/18 Sem 2');
INSERT INTO studentPlans VALUES('E3000066B', FALSE, 'CS4231', 'AY 17/18 Sem 2');
INSERT INTO studentPlans VALUES('E3000066B', FALSE, 'CS4271', 'AY 17/18 Sem 2');
INSERT INTO studentPlans VALUES('E3000066B', FALSE, 'CS4216', 'AY 17/18 Sem 2');
INSERT INTO studentPlans VALUES('E3000066B', FALSE, 'CS5322', 'AY 17/18 Sem 2');

INSERT INTO student VALUES('E3000067B', 3);
INSERT INTO takesFocusArea VALUES('E3000067B', 'Parallel Computing', NULL);
INSERT INTO studentPlans VALUES('E3000067B', TRUE, 'CS3210', 'AY 16/17 Sem 1');
INSERT INTO studentPlans VALUES('E3000067B', TRUE, 'CS3271', 'AY 16/17 Sem 1');
INSERT INTO studentPlans VALUES('E3000067B', TRUE, 'CP3109', 'AY 16/17 Sem 1');
INSERT INTO studentPlans VALUES('E3000067B', TRUE, 'CS3230', 'AY 16/17 Sem 1');
INSERT INTO studentPlans VALUES('E3000067B', TRUE, 'CS3202', 'AY 16/17 Sem 1');
INSERT INTO studentPlans VALUES('E3000067B', FALSE, 'CS4212', 'AY 16/17 Sem 2');
INSERT INTO studentPlans VALUES('E3000067B', FALSE, 'CP3208', 'AY 16/17 Sem 2');
INSERT INTO studentPlans VALUES('E3000067B', FALSE, 'CS4235', 'AY 16/17 Sem 2');
INSERT INTO studentPlans VALUES('E3000067B', FALSE, 'CP3880', 'AY 16/17 Sem 2');
INSERT INTO studentPlans VALUES('E3000067B', FALSE, 'CS3245', 'AY 16/17 Sem 2');
INSERT INTO studentPlans VALUES('E3000067B', FALSE, 'CS5342', 'AY 17/18 Sem 1');
INSERT INTO studentPlans VALUES('E3000067B', FALSE, 'CS4232', 'AY 17/18 Sem 1');
INSERT INTO studentPlans VALUES('E3000067B', FALSE, 'CS4246', 'AY 17/18 Sem 1');
INSERT INTO studentPlans VALUES('E3000067B', FALSE, 'CS4248', 'AY 17/18 Sem 1');
INSERT INTO studentPlans VALUES('E3000067B', FALSE, 'CS4340', 'AY 17/18 Sem 1');
INSERT INTO studentPlans VALUES('E3000067B', FALSE, 'CS4242', 'AY 17/18 Sem 2');
INSERT INTO studentPlans VALUES('E3000067B', FALSE, 'CS4240', 'AY 17/18 Sem 2');
INSERT INTO studentPlans VALUES('E3000067B', FALSE, 'CS4237', 'AY 17/18 Sem 2');
INSERT INTO studentPlans VALUES('E3000067B', FALSE, 'XFC4101', 'AY 17/18 Sem 2');
INSERT INTO studentPlans VALUES('E3000067B', FALSE, 'CS5233', 'AY 17/18 Sem 2');

INSERT INTO student VALUES('E3000068B', 3);
INSERT INTO takesFocusArea VALUES('E3000068B', 'Computer Graphics and Games', NULL);
INSERT INTO studentPlans VALUES('E3000068B', TRUE, 'CS3882', 'AY 16/17 Sem 1');
INSERT INTO studentPlans VALUES('E3000068B', TRUE, 'CS4211', 'AY 16/17 Sem 1');
INSERT INTO studentPlans VALUES('E3000068B', TRUE, 'CS4248', 'AY 16/17 Sem 1');
INSERT INTO studentPlans VALUES('E3000068B', TRUE, 'CS3103', 'AY 16/17 Sem 1');
INSERT INTO studentPlans VALUES('E3000068B', TRUE, 'CS3240', 'AY 16/17 Sem 1');
INSERT INTO studentPlans VALUES('E3000068B', FALSE, 'CS4880', 'AY 16/17 Sem 2');
INSERT INTO studentPlans VALUES('E3000068B', FALSE, 'CS3202', 'AY 16/17 Sem 2');
INSERT INTO studentPlans VALUES('E3000068B', FALSE, 'CS3243', 'AY 16/17 Sem 2');
INSERT INTO studentPlans VALUES('E3000068B', FALSE, 'CS3241', 'AY 16/17 Sem 2');
INSERT INTO studentPlans VALUES('E3000068B', FALSE, 'CS4232', 'AY 16/17 Sem 2');
INSERT INTO studentPlans VALUES('E3000068B', FALSE, 'CS4226', 'AY 17/18 Sem 1');
INSERT INTO studentPlans VALUES('E3000068B', FALSE, 'CS4345', 'AY 17/18 Sem 1');
INSERT INTO studentPlans VALUES('E3000068B', FALSE, 'CS5249', 'AY 17/18 Sem 1');
INSERT INTO studentPlans VALUES('E3000068B', FALSE, 'CS4347', 'AY 17/18 Sem 1');
INSERT INTO studentPlans VALUES('E3000068B', FALSE, 'CS4220', 'AY 17/18 Sem 1');
INSERT INTO studentPlans VALUES('E3000068B', FALSE, 'CS4350', 'AY 17/18 Sem 2');
INSERT INTO studentPlans VALUES('E3000068B', FALSE, 'CS4247', 'AY 17/18 Sem 2');
INSERT INTO studentPlans VALUES('E3000068B', FALSE, 'CS4231', 'AY 17/18 Sem 2');
INSERT INTO studentPlans VALUES('E3000068B', FALSE, 'CS4244', 'AY 17/18 Sem 2');
INSERT INTO studentPlans VALUES('E3000068B', FALSE, 'CS4242', 'AY 17/18 Sem 2');

INSERT INTO student VALUES('E3000069B', 3);
INSERT INTO takesFocusArea VALUES('E3000069B', 'Database Systems', NULL);
INSERT INTO studentPlans VALUES('E3000069B', TRUE, 'CS3343', 'AY 16/17 Sem 1');
INSERT INTO studentPlans VALUES('E3000069B', TRUE, 'CP3202', 'AY 16/17 Sem 1');
INSERT INTO studentPlans VALUES('E3000069B', TRUE, 'CS3246', 'AY 16/17 Sem 1');
INSERT INTO studentPlans VALUES('E3000069B', TRUE, 'CS3210', 'AY 16/17 Sem 1');
INSERT INTO studentPlans VALUES('E3000069B', TRUE, 'CS3235', 'AY 16/17 Sem 1');
INSERT INTO studentPlans VALUES('E3000069B', FALSE, 'CP3108A', 'AY 16/17 Sem 2');
INSERT INTO studentPlans VALUES('E3000069B', FALSE, 'CS3205', 'AY 16/17 Sem 2');
INSERT INTO studentPlans VALUES('E3000069B', FALSE, 'CS4344', 'AY 16/17 Sem 2');
INSERT INTO studentPlans VALUES('E3000069B', FALSE, 'CS4224', 'AY 16/17 Sem 2');
INSERT INTO studentPlans VALUES('E3000069B', FALSE, 'CP3101A', 'AY 16/17 Sem 2');
INSERT INTO studentPlans VALUES('E3000069B', FALSE, 'CS4240', 'AY 17/18 Sem 1');
INSERT INTO studentPlans VALUES('E3000069B', FALSE, 'CS4218', 'AY 17/18 Sem 1');
INSERT INTO studentPlans VALUES('E3000069B', FALSE, 'CS4211', 'AY 17/18 Sem 1');
INSERT INTO studentPlans VALUES('E3000069B', FALSE, 'CS4247', 'AY 17/18 Sem 1');
INSERT INTO studentPlans VALUES('E3000069B', FALSE, 'CS4234', 'AY 17/18 Sem 1');
INSERT INTO studentPlans VALUES('E3000069B', FALSE, 'CS4235', 'AY 17/18 Sem 2');
INSERT INTO studentPlans VALUES('E3000069B', FALSE, 'CS4215', 'AY 17/18 Sem 2');
INSERT INTO studentPlans VALUES('E3000069B', FALSE, 'CS4237', 'AY 17/18 Sem 2');
INSERT INTO studentPlans VALUES('E3000069B', FALSE, 'CS4275', 'AY 17/18 Sem 2');
INSERT INTO studentPlans VALUES('E3000069B', FALSE, 'CS5237', 'AY 17/18 Sem 2');

INSERT INTO student VALUES('E3000070B', 3);
INSERT INTO takesFocusArea VALUES('E3000070B', 'Database Systems', NULL);
INSERT INTO studentPlans VALUES('E3000070B', TRUE, 'CS3242', 'AY 16/17 Sem 1');
INSERT INTO studentPlans VALUES('E3000070B', TRUE, 'CS3281', 'AY 16/17 Sem 1');
INSERT INTO studentPlans VALUES('E3000070B', TRUE, 'CS3233', 'AY 16/17 Sem 1');
INSERT INTO studentPlans VALUES('E3000070B', TRUE, 'CS4880', 'AY 16/17 Sem 1');
INSERT INTO studentPlans VALUES('E3000070B', TRUE, 'CS3246', 'AY 16/17 Sem 1');
INSERT INTO studentPlans VALUES('E3000070B', FALSE, 'CP3101', 'AY 16/17 Sem 2');
INSERT INTO studentPlans VALUES('E3000070B', FALSE, 'CS4222', 'AY 16/17 Sem 2');
INSERT INTO studentPlans VALUES('E3000070B', FALSE, 'CG3204L', 'AY 16/17 Sem 2');
INSERT INTO studentPlans VALUES('E3000070B', FALSE, 'CS4340', 'AY 16/17 Sem 2');
INSERT INTO studentPlans VALUES('E3000070B', FALSE, 'CG3002', 'AY 16/17 Sem 2');
INSERT INTO studentPlans VALUES('E3000070B', FALSE, 'CS4224', 'AY 17/18 Sem 1');
INSERT INTO studentPlans VALUES('E3000070B', FALSE, 'CS4226', 'AY 17/18 Sem 1');
INSERT INTO studentPlans VALUES('E3000070B', FALSE, 'CS4216', 'AY 17/18 Sem 1');
INSERT INTO studentPlans VALUES('E3000070B', FALSE, 'CS5321', 'AY 17/18 Sem 1');
INSERT INTO studentPlans VALUES('E3000070B', FALSE, 'CS4249', 'AY 17/18 Sem 1');
INSERT INTO studentPlans VALUES('E3000070B', FALSE, 'CS4221', 'AY 17/18 Sem 2');
INSERT INTO studentPlans VALUES('E3000070B', FALSE, 'CS4234', 'AY 17/18 Sem 2');
INSERT INTO studentPlans VALUES('E3000070B', FALSE, 'CS4236', 'AY 17/18 Sem 2');
INSERT INTO studentPlans VALUES('E3000070B', FALSE, 'CS4231', 'AY 17/18 Sem 2');
INSERT INTO studentPlans VALUES('E3000070B', FALSE, 'CS4350', 'AY 17/18 Sem 2');

INSERT INTO student VALUES('E3000071B', 3);
INSERT INTO takesFocusArea VALUES('E3000071B', 'Database Systems', NULL);
INSERT INTO studentPlans VALUES('E3000071B', TRUE, 'CS3210', 'AY 16/17 Sem 1');
INSERT INTO studentPlans VALUES('E3000071B', TRUE, 'CS3213', 'AY 16/17 Sem 1');
INSERT INTO studentPlans VALUES('E3000071B', TRUE, 'CP3201', 'AY 16/17 Sem 1');
INSERT INTO studentPlans VALUES('E3000071B', TRUE, 'CS3226', 'AY 16/17 Sem 1');
INSERT INTO studentPlans VALUES('E3000071B', TRUE, 'CS4234', 'AY 16/17 Sem 1');
INSERT INTO studentPlans VALUES('E3000071B', FALSE, 'CP3880', 'AY 16/17 Sem 2');
INSERT INTO studentPlans VALUES('E3000071B', FALSE, 'CP3106', 'AY 16/17 Sem 2');
INSERT INTO studentPlans VALUES('E3000071B', FALSE, 'CP4101', 'AY 16/17 Sem 2');
INSERT INTO studentPlans VALUES('E3000071B', FALSE, 'CS3225', 'AY 16/17 Sem 2');
INSERT INTO studentPlans VALUES('E3000071B', FALSE, 'CS3234', 'AY 16/17 Sem 2');
INSERT INTO studentPlans VALUES('E3000071B', FALSE, 'CP5100', 'AY 17/18 Sem 1');
INSERT INTO studentPlans VALUES('E3000071B', FALSE, 'CS4243', 'AY 17/18 Sem 1');
INSERT INTO studentPlans VALUES('E3000071B', FALSE, 'CS4238', 'AY 17/18 Sem 1');
INSERT INTO studentPlans VALUES('E3000071B', FALSE, 'CS4232', 'AY 17/18 Sem 1');
INSERT INTO studentPlans VALUES('E3000071B', FALSE, 'CS4217', 'AY 17/18 Sem 1');
INSERT INTO studentPlans VALUES('E3000071B', FALSE, 'CS5231', 'AY 17/18 Sem 2');
INSERT INTO studentPlans VALUES('E3000071B', FALSE, 'CS5246', 'AY 17/18 Sem 2');
INSERT INTO studentPlans VALUES('E3000071B', FALSE, 'CS4344', 'AY 17/18 Sem 2');
INSERT INTO studentPlans VALUES('E3000071B', FALSE, 'CS5237', 'AY 17/18 Sem 2');
INSERT INTO studentPlans VALUES('E3000071B', FALSE, 'CS4345', 'AY 17/18 Sem 2');

INSERT INTO student VALUES('E3000072B', 3);
INSERT INTO takesFocusArea VALUES('E3000072B', 'Database Systems', NULL);
INSERT INTO studentPlans VALUES('E3000072B', TRUE, 'CS4226', 'AY 16/17 Sem 1');
INSERT INTO studentPlans VALUES('E3000072B', TRUE, 'CG3002', 'AY 16/17 Sem 1');
INSERT INTO studentPlans VALUES('E3000072B', TRUE, 'CS4220', 'AY 16/17 Sem 1');
INSERT INTO studentPlans VALUES('E3000072B', TRUE, 'CP3208', 'AY 16/17 Sem 1');
INSERT INTO studentPlans VALUES('E3000072B', TRUE, 'CS3249', 'AY 16/17 Sem 1');
INSERT INTO studentPlans VALUES('E3000072B', FALSE, 'CS3246', 'AY 16/17 Sem 2');
INSERT INTO studentPlans VALUES('E3000072B', FALSE, 'CS4222', 'AY 16/17 Sem 2');
INSERT INTO studentPlans VALUES('E3000072B', FALSE, 'CS3217', 'AY 16/17 Sem 2');
INSERT INTO studentPlans VALUES('E3000072B', FALSE, 'CP3201', 'AY 16/17 Sem 2');
INSERT INTO studentPlans VALUES('E3000072B', FALSE, 'CS3211', 'AY 16/17 Sem 2');
INSERT INTO studentPlans VALUES('E3000072B', FALSE, 'CS4347', 'AY 17/18 Sem 1');
INSERT INTO studentPlans VALUES('E3000072B', FALSE, 'CS4225', 'AY 17/18 Sem 1');
INSERT INTO studentPlans VALUES('E3000072B', FALSE, 'CS4240', 'AY 17/18 Sem 1');
INSERT INTO studentPlans VALUES('E3000072B', FALSE, 'CS5223', 'AY 17/18 Sem 1');
INSERT INTO studentPlans VALUES('E3000072B', FALSE, 'CS4238', 'AY 17/18 Sem 1');
INSERT INTO studentPlans VALUES('E3000072B', FALSE, 'CS5246', 'AY 17/18 Sem 2');
INSERT INTO studentPlans VALUES('E3000072B', FALSE, 'CS4216', 'AY 17/18 Sem 2');
INSERT INTO studentPlans VALUES('E3000072B', FALSE, 'CS4248', 'AY 17/18 Sem 2');
INSERT INTO studentPlans VALUES('E3000072B', FALSE, 'CS4239', 'AY 17/18 Sem 2');
INSERT INTO studentPlans VALUES('E3000072B', FALSE, 'CS4235', 'AY 17/18 Sem 2');

INSERT INTO student VALUES('E3000073B', 3);
INSERT INTO takesFocusArea VALUES('E3000073B', 'Parallel Computing', NULL);
INSERT INTO studentPlans VALUES('E3000073B', TRUE, 'CP3200', 'AY 16/17 Sem 1');
INSERT INTO studentPlans VALUES('E3000073B', TRUE, 'CS3243', 'AY 16/17 Sem 1');
INSERT INTO studentPlans VALUES('E3000073B', TRUE, 'CS3245', 'AY 16/17 Sem 1');
INSERT INTO studentPlans VALUES('E3000073B', TRUE, 'CS3230', 'AY 16/17 Sem 1');
INSERT INTO studentPlans VALUES('E3000073B', TRUE, 'CS3217', 'AY 16/17 Sem 1');
INSERT INTO studentPlans VALUES('E3000073B', FALSE, 'CS3213', 'AY 16/17 Sem 2');
INSERT INTO studentPlans VALUES('E3000073B', FALSE, 'CS3234', 'AY 16/17 Sem 2');
INSERT INTO studentPlans VALUES('E3000073B', FALSE, 'CP3209', 'AY 16/17 Sem 2');
INSERT INTO studentPlans VALUES('E3000073B', FALSE, 'CS3210', 'AY 16/17 Sem 2');
INSERT INTO studentPlans VALUES('E3000073B', FALSE, 'CS3246', 'AY 16/17 Sem 2');
INSERT INTO studentPlans VALUES('E3000073B', FALSE, 'CS4232', 'AY 17/18 Sem 1');
INSERT INTO studentPlans VALUES('E3000073B', FALSE, 'CS4345', 'AY 17/18 Sem 1');
INSERT INTO studentPlans VALUES('E3000073B', FALSE, 'CS4237', 'AY 17/18 Sem 1');
INSERT INTO studentPlans VALUES('E3000073B', FALSE, 'CS4225', 'AY 17/18 Sem 1');
INSERT INTO studentPlans VALUES('E3000073B', FALSE, 'CS4246', 'AY 17/18 Sem 1');
INSERT INTO studentPlans VALUES('E3000073B', FALSE, 'CS4240', 'AY 17/18 Sem 2');
INSERT INTO studentPlans VALUES('E3000073B', FALSE, 'CS5241', 'AY 17/18 Sem 2');
INSERT INTO studentPlans VALUES('E3000073B', FALSE, 'CS5330', 'AY 17/18 Sem 2');
INSERT INTO studentPlans VALUES('E3000073B', FALSE, 'CS4242', 'AY 17/18 Sem 2');
INSERT INTO studentPlans VALUES('E3000073B', FALSE, 'CS4226', 'AY 17/18 Sem 2');

INSERT INTO student VALUES('E3000074B', 3);
INSERT INTO takesFocusArea VALUES('E3000074B', 'Networking and Distributed Systems', NULL);
INSERT INTO studentPlans VALUES('E3000074B', TRUE, 'CS3219', 'AY 16/17 Sem 1');
INSERT INTO studentPlans VALUES('E3000074B', TRUE, 'CS3249', 'AY 16/17 Sem 1');
INSERT INTO studentPlans VALUES('E3000074B', TRUE, 'CS3236', 'AY 16/17 Sem 1');
INSERT INTO studentPlans VALUES('E3000074B', TRUE, 'CS4248', 'AY 16/17 Sem 1');
INSERT INTO studentPlans VALUES('E3000074B', TRUE, 'CS3343', 'AY 16/17 Sem 1');
INSERT INTO studentPlans VALUES('E3000074B', FALSE, 'CS3245', 'AY 16/17 Sem 2');
INSERT INTO studentPlans VALUES('E3000074B', FALSE, 'CS4244', 'AY 16/17 Sem 2');
INSERT INTO studentPlans VALUES('E3000074B', FALSE, 'CS4275', 'AY 16/17 Sem 2');
INSERT INTO studentPlans VALUES('E3000074B', FALSE, 'CP3209', 'AY 16/17 Sem 2');
INSERT INTO studentPlans VALUES('E3000074B', FALSE, 'CS3213', 'AY 16/17 Sem 2');
INSERT INTO studentPlans VALUES('E3000074B', FALSE, 'CS4247', 'AY 17/18 Sem 1');
INSERT INTO studentPlans VALUES('E3000074B', FALSE, 'CS4218', 'AY 17/18 Sem 1');
INSERT INTO studentPlans VALUES('E3000074B', FALSE, 'CS4231', 'AY 17/18 Sem 1');
INSERT INTO studentPlans VALUES('E3000074B', FALSE, 'CS5218', 'AY 17/18 Sem 1');
INSERT INTO studentPlans VALUES('E3000074B', FALSE, 'CS4241', 'AY 17/18 Sem 1');
INSERT INTO studentPlans VALUES('E3000074B', FALSE, 'CS4232', 'AY 17/18 Sem 2');
INSERT INTO studentPlans VALUES('E3000074B', FALSE, 'CS4880', 'AY 17/18 Sem 2');
INSERT INTO studentPlans VALUES('E3000074B', FALSE, 'CS4344', 'AY 17/18 Sem 2');
INSERT INTO studentPlans VALUES('E3000074B', FALSE, 'CS4271', 'AY 17/18 Sem 2');
INSERT INTO studentPlans VALUES('E3000074B', FALSE, 'CS5342', 'AY 17/18 Sem 2');

INSERT INTO student VALUES('E4000000B', 4);
INSERT INTO takesFocusArea VALUES('E4000000B', 'Interactive Media', NULL);
INSERT INTO studentPlans VALUES('E4000000B', TRUE, 'CS4211', 'AY 16/17 Sem 1');
INSERT INTO studentPlans VALUES('E4000000B', TRUE, 'CS4220', 'AY 16/17 Sem 1');
INSERT INTO studentPlans VALUES('E4000000B', TRUE, 'CS4218', 'AY 16/17 Sem 1');
INSERT INTO studentPlans VALUES('E4000000B', TRUE, 'CS4235', 'AY 16/17 Sem 1');
INSERT INTO studentPlans VALUES('E4000000B', TRUE, 'CP4101', 'AY 16/17 Sem 1');
INSERT INTO studentPlans VALUES('E4000000B', FALSE, 'CS4247', 'AY 16/17 Sem 2');
INSERT INTO studentPlans VALUES('E4000000B', FALSE, 'CS4238', 'AY 16/17 Sem 2');
INSERT INTO studentPlans VALUES('E4000000B', FALSE, 'CS4232', 'AY 16/17 Sem 2');
INSERT INTO studentPlans VALUES('E4000000B', FALSE, 'CS4221', 'AY 16/17 Sem 2');
INSERT INTO studentPlans VALUES('E4000000B', FALSE, 'CS4236', 'AY 16/17 Sem 2');

INSERT INTO student VALUES('E4000001B', 4);
INSERT INTO takesFocusArea VALUES('E4000001B', 'Visual Computing', NULL);
INSERT INTO studentPlans VALUES('E4000001B', TRUE, 'CS4239', 'AY 16/17 Sem 1');
INSERT INTO studentPlans VALUES('E4000001B', TRUE, 'CS4216', 'AY 16/17 Sem 1');
INSERT INTO studentPlans VALUES('E4000001B', TRUE, 'CS4244', 'AY 16/17 Sem 1');
INSERT INTO studentPlans VALUES('E4000001B', TRUE, 'CS4344', 'AY 16/17 Sem 1');
INSERT INTO studentPlans VALUES('E4000001B', TRUE, 'CS4246', 'AY 16/17 Sem 1');
INSERT INTO studentPlans VALUES('E4000001B', FALSE, 'CS4220', 'AY 16/17 Sem 2');
INSERT INTO studentPlans VALUES('E4000001B', FALSE, 'CS4241', 'AY 16/17 Sem 2');
INSERT INTO studentPlans VALUES('E4000001B', FALSE, 'CS5222', 'AY 16/17 Sem 2');
INSERT INTO studentPlans VALUES('E4000001B', FALSE, 'CP4101', 'AY 16/17 Sem 2');
INSERT INTO studentPlans VALUES('E4000001B', FALSE, 'CS5237', 'AY 16/17 Sem 2');

INSERT INTO student VALUES('E4000002B', 4);
INSERT INTO takesFocusArea VALUES('E4000002B', 'Artificial Intelligence', NULL);
INSERT INTO studentPlans VALUES('E4000002B', TRUE, 'CS5342', 'AY 16/17 Sem 1');
INSERT INTO studentPlans VALUES('E4000002B', TRUE, 'CS4217', 'AY 16/17 Sem 1');
INSERT INTO studentPlans VALUES('E4000002B', TRUE, 'CS4216', 'AY 16/17 Sem 1');
INSERT INTO studentPlans VALUES('E4000002B', TRUE, 'CS4249', 'AY 16/17 Sem 1');
INSERT INTO studentPlans VALUES('E4000002B', TRUE, 'CS4232', 'AY 16/17 Sem 1');
INSERT INTO studentPlans VALUES('E4000002B', FALSE, 'CS4225', 'AY 16/17 Sem 2');
INSERT INTO studentPlans VALUES('E4000002B', FALSE, 'CS4238', 'AY 16/17 Sem 2');
INSERT INTO studentPlans VALUES('E4000002B', FALSE, 'CS4237', 'AY 16/17 Sem 2');
INSERT INTO studentPlans VALUES('E4000002B', FALSE, 'CS4226', 'AY 16/17 Sem 2');
INSERT INTO studentPlans VALUES('E4000002B', FALSE, 'CS4231', 'AY 16/17 Sem 2');

INSERT INTO student VALUES('E4000003B', 4);
INSERT INTO takesFocusArea VALUES('E4000003B', 'Interactive Media', NULL);
INSERT INTO studentPlans VALUES('E4000003B', TRUE, 'CS4211', 'AY 16/17 Sem 1');
INSERT INTO studentPlans VALUES('E4000003B', TRUE, 'CS4239', 'AY 16/17 Sem 1');
INSERT INTO studentPlans VALUES('E4000003B', TRUE, 'CS4232', 'AY 16/17 Sem 1');
INSERT INTO studentPlans VALUES('E4000003B', TRUE, 'CS4244', 'AY 16/17 Sem 1');
INSERT INTO studentPlans VALUES('E4000003B', TRUE, 'CS4216', 'AY 16/17 Sem 1');
INSERT INTO studentPlans VALUES('E4000003B', FALSE, 'CS5230', 'AY 16/17 Sem 2');
INSERT INTO studentPlans VALUES('E4000003B', FALSE, 'CS4241', 'AY 16/17 Sem 2');
INSERT INTO studentPlans VALUES('E4000003B', FALSE, 'CS5321', 'AY 16/17 Sem 2');
INSERT INTO studentPlans VALUES('E4000003B', FALSE, 'CS4344', 'AY 16/17 Sem 2');
INSERT INTO studentPlans VALUES('E4000003B', FALSE, 'CS4214', 'AY 16/17 Sem 2');

INSERT INTO student VALUES('E4000004B', 4);
INSERT INTO takesFocusArea VALUES('E4000004B', 'Visual Computing', NULL);
INSERT INTO studentPlans VALUES('E4000004B', TRUE, 'CS4345', 'AY 16/17 Sem 1');
INSERT INTO studentPlans VALUES('E4000004B', TRUE, 'CS4248', 'AY 16/17 Sem 1');
INSERT INTO studentPlans VALUES('E4000004B', TRUE, 'CS4340', 'AY 16/17 Sem 1');
INSERT INTO studentPlans VALUES('E4000004B', TRUE, 'CS4225', 'AY 16/17 Sem 1');
INSERT INTO studentPlans VALUES('E4000004B', TRUE, 'CS4212', 'AY 16/17 Sem 1');
INSERT INTO studentPlans VALUES('E4000004B', FALSE, 'XFC4101', 'AY 16/17 Sem 2');
INSERT INTO studentPlans VALUES('E4000004B', FALSE, 'CS4240', 'AY 16/17 Sem 2');
INSERT INTO studentPlans VALUES('E4000004B', FALSE, 'CS4242', 'AY 16/17 Sem 2');
INSERT INTO studentPlans VALUES('E4000004B', FALSE, 'CS4275', 'AY 16/17 Sem 2');
INSERT INTO studentPlans VALUES('E4000004B', FALSE, 'CS4226', 'AY 16/17 Sem 2');

INSERT INTO student VALUES('E4000005B', 4);
INSERT INTO takesFocusArea VALUES('E4000005B', 'Multimedia Information Retrieval', NULL);
INSERT INTO studentPlans VALUES('E4000005B', TRUE, 'CP4101', 'AY 16/17 Sem 1');
INSERT INTO studentPlans VALUES('E4000005B', TRUE, 'CS5222', 'AY 16/17 Sem 1');
INSERT INTO studentPlans VALUES('E4000005B', TRUE, 'CS4220', 'AY 16/17 Sem 1');
INSERT INTO studentPlans VALUES('E4000005B', TRUE, 'CS4222', 'AY 16/17 Sem 1');
INSERT INTO studentPlans VALUES('E4000005B', TRUE, 'CS4347', 'AY 16/17 Sem 1');
INSERT INTO studentPlans VALUES('E4000005B', FALSE, 'XFC4101', 'AY 16/17 Sem 2');
INSERT INTO studentPlans VALUES('E4000005B', FALSE, 'CS4217', 'AY 16/17 Sem 2');
INSERT INTO studentPlans VALUES('E4000005B', FALSE, 'CS4225', 'AY 16/17 Sem 2');
INSERT INTO studentPlans VALUES('E4000005B', FALSE, 'CS4247', 'AY 16/17 Sem 2');
INSERT INTO studentPlans VALUES('E4000005B', FALSE, 'CS4242', 'AY 16/17 Sem 2');

INSERT INTO student VALUES('E4000006B', 4);
INSERT INTO takesFocusArea VALUES('E4000006B', 'Parallel Computing', NULL);
INSERT INTO studentPlans VALUES('E4000006B', TRUE, 'CS4236', 'AY 16/17 Sem 1');
INSERT INTO studentPlans VALUES('E4000006B', TRUE, 'CS4216', 'AY 16/17 Sem 1');
INSERT INTO studentPlans VALUES('E4000006B', TRUE, 'CS4218', 'AY 16/17 Sem 1');
INSERT INTO studentPlans VALUES('E4000006B', TRUE, 'CS4243', 'AY 16/17 Sem 1');
INSERT INTO studentPlans VALUES('E4000006B', TRUE, 'CS4232', 'AY 16/17 Sem 1');
INSERT INTO studentPlans VALUES('E4000006B', FALSE, 'CS5231', 'AY 16/17 Sem 2');
INSERT INTO studentPlans VALUES('E4000006B', FALSE, 'CS5339', 'AY 16/17 Sem 2');
INSERT INTO studentPlans VALUES('E4000006B', FALSE, 'CS4347', 'AY 16/17 Sem 2');
INSERT INTO studentPlans VALUES('E4000006B', FALSE, 'CS4275', 'AY 16/17 Sem 2');
INSERT INTO studentPlans VALUES('E4000006B', FALSE, 'CS4246', 'AY 16/17 Sem 2');

INSERT INTO student VALUES('E4000007B', 4);
INSERT INTO takesFocusArea VALUES('E4000007B', 'Computer Security', NULL);
INSERT INTO studentPlans VALUES('E4000007B', TRUE, 'CS4222', 'AY 16/17 Sem 1');
INSERT INTO studentPlans VALUES('E4000007B', TRUE, 'CS4217', 'AY 16/17 Sem 1');
INSERT INTO studentPlans VALUES('E4000007B', TRUE, 'CS4226', 'AY 16/17 Sem 1');
INSERT INTO studentPlans VALUES('E4000007B', TRUE, 'CS5231', 'AY 16/17 Sem 1');
INSERT INTO studentPlans VALUES('E4000007B', TRUE, 'CS4243', 'AY 16/17 Sem 1');
INSERT INTO studentPlans VALUES('E4000007B', FALSE, 'CS4223', 'AY 16/17 Sem 2');
INSERT INTO studentPlans VALUES('E4000007B', FALSE, 'CS4247', 'AY 16/17 Sem 2');
INSERT INTO studentPlans VALUES('E4000007B', FALSE, 'CS4344', 'AY 16/17 Sem 2');
INSERT INTO studentPlans VALUES('E4000007B', FALSE, 'CS5321', 'AY 16/17 Sem 2');
INSERT INTO studentPlans VALUES('E4000007B', FALSE, 'CS4218', 'AY 16/17 Sem 2');

INSERT INTO student VALUES('E4000008B', 4);
INSERT INTO takesFocusArea VALUES('E4000008B', 'Artificial Intelligence', NULL);
INSERT INTO studentPlans VALUES('E4000008B', TRUE, 'CS4347', 'AY 16/17 Sem 1');
INSERT INTO studentPlans VALUES('E4000008B', TRUE, 'CS4226', 'AY 16/17 Sem 1');
INSERT INTO studentPlans VALUES('E4000008B', TRUE, 'CS5246', 'AY 16/17 Sem 1');
INSERT INTO studentPlans VALUES('E4000008B', TRUE, 'CS4217', 'AY 16/17 Sem 1');
INSERT INTO studentPlans VALUES('E4000008B', TRUE, 'CS4232', 'AY 16/17 Sem 1');
INSERT INTO studentPlans VALUES('E4000008B', FALSE, 'CS5331', 'AY 16/17 Sem 2');
INSERT INTO studentPlans VALUES('E4000008B', FALSE, 'CS5226', 'AY 16/17 Sem 2');
INSERT INTO studentPlans VALUES('E4000008B', FALSE, 'CS4235', 'AY 16/17 Sem 2');
INSERT INTO studentPlans VALUES('E4000008B', FALSE, 'CS4211', 'AY 16/17 Sem 2');
INSERT INTO studentPlans VALUES('E4000008B', FALSE, 'CS4218', 'AY 16/17 Sem 2');

INSERT INTO student VALUES('E4000009B', 4);
INSERT INTO takesFocusArea VALUES('E4000009B', 'Computer Graphics and Games', NULL);
INSERT INTO studentPlans VALUES('E4000009B', TRUE, 'CS4247', 'AY 16/17 Sem 1');
INSERT INTO studentPlans VALUES('E4000009B', TRUE, 'CS4237', 'AY 16/17 Sem 1');
INSERT INTO studentPlans VALUES('E4000009B', TRUE, 'CS4240', 'AY 16/17 Sem 1');
INSERT INTO studentPlans VALUES('E4000009B', TRUE, 'CS4271', 'AY 16/17 Sem 1');
INSERT INTO studentPlans VALUES('E4000009B', TRUE, 'CS4222', 'AY 16/17 Sem 1');
INSERT INTO studentPlans VALUES('E4000009B', FALSE, 'CS4234', 'AY 16/17 Sem 2');
INSERT INTO studentPlans VALUES('E4000009B', FALSE, 'CS4340', 'AY 16/17 Sem 2');
INSERT INTO studentPlans VALUES('E4000009B', FALSE, 'CS4225', 'AY 16/17 Sem 2');
INSERT INTO studentPlans VALUES('E4000009B', FALSE, 'CS5224', 'AY 16/17 Sem 2');
INSERT INTO studentPlans VALUES('E4000009B', FALSE, 'CS4236', 'AY 16/17 Sem 2');

INSERT INTO student VALUES('E4000010B', 4);
INSERT INTO takesFocusArea VALUES('E4000010B', 'Computer Security', NULL);
INSERT INTO studentPlans VALUES('E4000010B', TRUE, 'CS4214', 'AY 16/17 Sem 1');
INSERT INTO studentPlans VALUES('E4000010B', TRUE, 'CS4241', 'AY 16/17 Sem 1');
INSERT INTO studentPlans VALUES('E4000010B', TRUE, 'XFC4101', 'AY 16/17 Sem 1');
INSERT INTO studentPlans VALUES('E4000010B', TRUE, 'CS4344', 'AY 16/17 Sem 1');
INSERT INTO studentPlans VALUES('E4000010B', TRUE, 'CS4221', 'AY 16/17 Sem 1');
INSERT INTO studentPlans VALUES('E4000010B', FALSE, 'CS4242', 'AY 16/17 Sem 2');
INSERT INTO studentPlans VALUES('E4000010B', FALSE, 'CS4271', 'AY 16/17 Sem 2');
INSERT INTO studentPlans VALUES('E4000010B', FALSE, 'CS5232', 'AY 16/17 Sem 2');
INSERT INTO studentPlans VALUES('E4000010B', FALSE, 'CS4249', 'AY 16/17 Sem 2');
INSERT INTO studentPlans VALUES('E4000010B', FALSE, 'CS4347', 'AY 16/17 Sem 2');

INSERT INTO student VALUES('E4000011B', 4);
INSERT INTO takesFocusArea VALUES('E4000011B', 'Visual Computing', NULL);
INSERT INTO studentPlans VALUES('E4000011B', TRUE, 'CS4236', 'AY 16/17 Sem 1');
INSERT INTO studentPlans VALUES('E4000011B', TRUE, 'CS5271', 'AY 16/17 Sem 1');
INSERT INTO studentPlans VALUES('E4000011B', TRUE, 'CS4211', 'AY 16/17 Sem 1');
INSERT INTO studentPlans VALUES('E4000011B', TRUE, 'CS5339', 'AY 16/17 Sem 1');
INSERT INTO studentPlans VALUES('E4000011B', TRUE, 'CS4238', 'AY 16/17 Sem 1');
INSERT INTO studentPlans VALUES('E4000011B', FALSE, 'CS5330', 'AY 16/17 Sem 2');
INSERT INTO studentPlans VALUES('E4000011B', FALSE, 'CS4220', 'AY 16/17 Sem 2');
INSERT INTO studentPlans VALUES('E4000011B', FALSE, 'CS4345', 'AY 16/17 Sem 2');
INSERT INTO studentPlans VALUES('E4000011B', FALSE, 'CS4214', 'AY 16/17 Sem 2');
INSERT INTO studentPlans VALUES('E4000011B', FALSE, 'CS4212', 'AY 16/17 Sem 2');

INSERT INTO student VALUES('E4000012B', 4);
INSERT INTO takesFocusArea VALUES('E4000012B', 'Visual Computing', NULL);
INSERT INTO studentPlans VALUES('E4000012B', TRUE, 'CS5236', 'AY 16/17 Sem 1');
INSERT INTO studentPlans VALUES('E4000012B', TRUE, 'CS4271', 'AY 16/17 Sem 1');
INSERT INTO studentPlans VALUES('E4000012B', TRUE, 'CS4340', 'AY 16/17 Sem 1');
INSERT INTO studentPlans VALUES('E4000012B', TRUE, 'CS5344', 'AY 16/17 Sem 1');
INSERT INTO studentPlans VALUES('E4000012B', TRUE, 'CS4347', 'AY 16/17 Sem 1');
INSERT INTO studentPlans VALUES('E4000012B', FALSE, 'CS4215', 'AY 16/17 Sem 2');
INSERT INTO studentPlans VALUES('E4000012B', FALSE, 'CS5233', 'AY 16/17 Sem 2');
INSERT INTO studentPlans VALUES('E4000012B', FALSE, 'CS4242', 'AY 16/17 Sem 2');
INSERT INTO studentPlans VALUES('E4000012B', FALSE, 'CS5215', 'AY 16/17 Sem 2');
INSERT INTO studentPlans VALUES('E4000012B', FALSE, 'CS4345', 'AY 16/17 Sem 2');

INSERT INTO student VALUES('E4000013B', 4);
INSERT INTO takesFocusArea VALUES('E4000013B', 'Parallel Computing', NULL);
INSERT INTO studentPlans VALUES('E4000013B', TRUE, 'CS4222', 'AY 16/17 Sem 1');
INSERT INTO studentPlans VALUES('E4000013B', TRUE, 'CS4226', 'AY 16/17 Sem 1');
INSERT INTO studentPlans VALUES('E4000013B', TRUE, 'CS4232', 'AY 16/17 Sem 1');
INSERT INTO studentPlans VALUES('E4000013B', TRUE, 'CS4220', 'AY 16/17 Sem 1');
INSERT INTO studentPlans VALUES('E4000013B', TRUE, 'XFC4101', 'AY 16/17 Sem 1');
INSERT INTO studentPlans VALUES('E4000013B', FALSE, 'CS4880', 'AY 16/17 Sem 2');
INSERT INTO studentPlans VALUES('E4000013B', FALSE, 'CS4350', 'AY 16/17 Sem 2');
INSERT INTO studentPlans VALUES('E4000013B', FALSE, 'CS5229', 'AY 16/17 Sem 2');
INSERT INTO studentPlans VALUES('E4000013B', FALSE, 'CS4235', 'AY 16/17 Sem 2');
INSERT INTO studentPlans VALUES('E4000013B', FALSE, 'CS4249', 'AY 16/17 Sem 2');

INSERT INTO student VALUES('E4000014B', 4);
INSERT INTO takesFocusArea VALUES('E4000014B', 'Software Engineering', NULL);
INSERT INTO studentPlans VALUES('E4000014B', TRUE, 'CS5215', 'AY 16/17 Sem 1');
INSERT INTO studentPlans VALUES('E4000014B', TRUE, 'CS5226', 'AY 16/17 Sem 1');
INSERT INTO studentPlans VALUES('E4000014B', TRUE, 'XFC4101', 'AY 16/17 Sem 1');
INSERT INTO studentPlans VALUES('E4000014B', TRUE, 'CS4237', 'AY 16/17 Sem 1');
INSERT INTO studentPlans VALUES('E4000014B', TRUE, 'CS4217', 'AY 16/17 Sem 1');
INSERT INTO studentPlans VALUES('E4000014B', FALSE, 'CS4246', 'AY 16/17 Sem 2');
INSERT INTO studentPlans VALUES('E4000014B', FALSE, 'CS4238', 'AY 16/17 Sem 2');
INSERT INTO studentPlans VALUES('E4000014B', FALSE, 'CS4244', 'AY 16/17 Sem 2');
INSERT INTO studentPlans VALUES('E4000014B', FALSE, 'CS4243', 'AY 16/17 Sem 2');
INSERT INTO studentPlans VALUES('E4000014B', FALSE, 'CS5241', 'AY 16/17 Sem 2');

INSERT INTO student VALUES('E4000015B', 4);
INSERT INTO takesFocusArea VALUES('E4000015B', 'Multimedia Information Retrieval', NULL);
INSERT INTO studentPlans VALUES('E4000015B', TRUE, 'CS4275', 'AY 16/17 Sem 1');
INSERT INTO studentPlans VALUES('E4000015B', TRUE, 'CS5345', 'AY 16/17 Sem 1');
INSERT INTO studentPlans VALUES('E4000015B', TRUE, 'CS4248', 'AY 16/17 Sem 1');
INSERT INTO studentPlans VALUES('E4000015B', TRUE, 'CS4239', 'AY 16/17 Sem 1');
INSERT INTO studentPlans VALUES('E4000015B', TRUE, 'CS4226', 'AY 16/17 Sem 1');
INSERT INTO studentPlans VALUES('E4000015B', FALSE, 'CS5242', 'AY 16/17 Sem 2');
INSERT INTO studentPlans VALUES('E4000015B', FALSE, 'XFC4101', 'AY 16/17 Sem 2');
INSERT INTO studentPlans VALUES('E4000015B', FALSE, 'CS5241', 'AY 16/17 Sem 2');
INSERT INTO studentPlans VALUES('E4000015B', FALSE, 'CS4215', 'AY 16/17 Sem 2');
INSERT INTO studentPlans VALUES('E4000015B', FALSE, 'CS4234', 'AY 16/17 Sem 2');

INSERT INTO student VALUES('E4000016B', 4);
INSERT INTO takesFocusArea VALUES('E4000016B', 'Algorithms & Theory', NULL);
INSERT INTO studentPlans VALUES('E4000016B', TRUE, 'CS4222', 'AY 16/17 Sem 1');
INSERT INTO studentPlans VALUES('E4000016B', TRUE, 'CS4237', 'AY 16/17 Sem 1');
INSERT INTO studentPlans VALUES('E4000016B', TRUE, 'CS4271', 'AY 16/17 Sem 1');
INSERT INTO studentPlans VALUES('E4000016B', TRUE, 'CS5233', 'AY 16/17 Sem 1');
INSERT INTO studentPlans VALUES('E4000016B', TRUE, 'CS4211', 'AY 16/17 Sem 1');
INSERT INTO studentPlans VALUES('E4000016B', FALSE, 'CS4347', 'AY 16/17 Sem 2');
INSERT INTO studentPlans VALUES('E4000016B', FALSE, 'CS4880', 'AY 16/17 Sem 2');
INSERT INTO studentPlans VALUES('E4000016B', FALSE, 'CS4242', 'AY 16/17 Sem 2');
INSERT INTO studentPlans VALUES('E4000016B', FALSE, 'CS5344', 'AY 16/17 Sem 2');
INSERT INTO studentPlans VALUES('E4000016B', FALSE, 'CS4340', 'AY 16/17 Sem 2');

INSERT INTO student VALUES('E4000017B', 4);
INSERT INTO takesFocusArea VALUES('E4000017B', 'Programming Languages', NULL);
INSERT INTO studentPlans VALUES('E4000017B', TRUE, 'CS4347', 'AY 16/17 Sem 1');
INSERT INTO studentPlans VALUES('E4000017B', TRUE, 'CS4218', 'AY 16/17 Sem 1');
INSERT INTO studentPlans VALUES('E4000017B', TRUE, 'CS4340', 'AY 16/17 Sem 1');
INSERT INTO studentPlans VALUES('E4000017B', TRUE, 'CS4222', 'AY 16/17 Sem 1');
INSERT INTO studentPlans VALUES('E4000017B', TRUE, 'CS4223', 'AY 16/17 Sem 1');
INSERT INTO studentPlans VALUES('E4000017B', FALSE, 'CS4216', 'AY 16/17 Sem 2');
INSERT INTO studentPlans VALUES('E4000017B', FALSE, 'CS4231', 'AY 16/17 Sem 2');
INSERT INTO studentPlans VALUES('E4000017B', FALSE, 'CS4214', 'AY 16/17 Sem 2');
INSERT INTO studentPlans VALUES('E4000017B', FALSE, 'CS4212', 'AY 16/17 Sem 2');
INSERT INTO studentPlans VALUES('E4000017B', FALSE, 'CS4271', 'AY 16/17 Sem 2');

INSERT INTO student VALUES('E4000018B', 4);
INSERT INTO takesFocusArea VALUES('E4000018B', 'Interactive Media', NULL);
INSERT INTO studentPlans VALUES('E4000018B', TRUE, 'CS5214', 'AY 16/17 Sem 1');
INSERT INTO studentPlans VALUES('E4000018B', TRUE, 'CS4275', 'AY 16/17 Sem 1');
INSERT INTO studentPlans VALUES('E4000018B', TRUE, 'CS5219', 'AY 16/17 Sem 1');
INSERT INTO studentPlans VALUES('E4000018B', TRUE, 'CS5233', 'AY 16/17 Sem 1');
INSERT INTO studentPlans VALUES('E4000018B', TRUE, 'CS4242', 'AY 16/17 Sem 1');
INSERT INTO studentPlans VALUES('E4000018B', FALSE, 'CS5271', 'AY 16/17 Sem 2');
INSERT INTO studentPlans VALUES('E4000018B', FALSE, 'CS5242', 'AY 16/17 Sem 2');
INSERT INTO studentPlans VALUES('E4000018B', FALSE, 'XFC4101', 'AY 16/17 Sem 2');
INSERT INTO studentPlans VALUES('E4000018B', FALSE, 'CS4211', 'AY 16/17 Sem 2');
INSERT INTO studentPlans VALUES('E4000018B', FALSE, 'CS4271', 'AY 16/17 Sem 2');

INSERT INTO student VALUES('E4000019B', 4);
INSERT INTO takesFocusArea VALUES('E4000019B', 'Software Engineering', NULL);
INSERT INTO studentPlans VALUES('E4000019B', TRUE, 'CS4236', 'AY 16/17 Sem 1');
INSERT INTO studentPlans VALUES('E4000019B', TRUE, 'CS4232', 'AY 16/17 Sem 1');
INSERT INTO studentPlans VALUES('E4000019B', TRUE, 'CS4225', 'AY 16/17 Sem 1');
INSERT INTO studentPlans VALUES('E4000019B', TRUE, 'CS4241', 'AY 16/17 Sem 1');
INSERT INTO studentPlans VALUES('E4000019B', TRUE, 'CS4237', 'AY 16/17 Sem 1');
INSERT INTO studentPlans VALUES('E4000019B', FALSE, 'CS4212', 'AY 16/17 Sem 2');
INSERT INTO studentPlans VALUES('E4000019B', FALSE, 'CS5223', 'AY 16/17 Sem 2');
INSERT INTO studentPlans VALUES('E4000019B', FALSE, 'CS4246', 'AY 16/17 Sem 2');
INSERT INTO studentPlans VALUES('E4000019B', FALSE, 'CS5233', 'AY 16/17 Sem 2');
INSERT INTO studentPlans VALUES('E4000019B', FALSE, 'CS4221', 'AY 16/17 Sem 2');

INSERT INTO student VALUES('E4000020B', 4);
INSERT INTO takesFocusArea VALUES('E4000020B', 'Visual Computing', NULL);
INSERT INTO studentPlans VALUES('E4000020B', TRUE, 'CS5272', 'AY 16/17 Sem 1');
INSERT INTO studentPlans VALUES('E4000020B', TRUE, 'CS4214', 'AY 16/17 Sem 1');
INSERT INTO studentPlans VALUES('E4000020B', TRUE, 'CS4225', 'AY 16/17 Sem 1');
INSERT INTO studentPlans VALUES('E4000020B', TRUE, 'CS4249', 'AY 16/17 Sem 1');
INSERT INTO studentPlans VALUES('E4000020B', TRUE, 'CS4217', 'AY 16/17 Sem 1');
INSERT INTO studentPlans VALUES('E4000020B', FALSE, 'CS4350', 'AY 16/17 Sem 2');
INSERT INTO studentPlans VALUES('E4000020B', FALSE, 'CS4241', 'AY 16/17 Sem 2');
INSERT INTO studentPlans VALUES('E4000020B', FALSE, 'CS4220', 'AY 16/17 Sem 2');
INSERT INTO studentPlans VALUES('E4000020B', FALSE, 'CS5228', 'AY 16/17 Sem 2');
INSERT INTO studentPlans VALUES('E4000020B', FALSE, 'CS4240', 'AY 16/17 Sem 2');

INSERT INTO student VALUES('E4000021B', 4);
INSERT INTO takesFocusArea VALUES('E4000021B', 'Programming Languages', NULL);
INSERT INTO studentPlans VALUES('E4000021B', TRUE, 'CS5241', 'AY 16/17 Sem 1');
INSERT INTO studentPlans VALUES('E4000021B', TRUE, 'CS4240', 'AY 16/17 Sem 1');
INSERT INTO studentPlans VALUES('E4000021B', TRUE, 'CS4226', 'AY 16/17 Sem 1');
INSERT INTO studentPlans VALUES('E4000021B', TRUE, 'CS5236', 'AY 16/17 Sem 1');
INSERT INTO studentPlans VALUES('E4000021B', TRUE, 'CS4225', 'AY 16/17 Sem 1');
INSERT INTO studentPlans VALUES('E4000021B', FALSE, 'CS4275', 'AY 16/17 Sem 2');
INSERT INTO studentPlans VALUES('E4000021B', FALSE, 'CS4236', 'AY 16/17 Sem 2');
INSERT INTO studentPlans VALUES('E4000021B', FALSE, 'CS4220', 'AY 16/17 Sem 2');
INSERT INTO studentPlans VALUES('E4000021B', FALSE, 'CS4238', 'AY 16/17 Sem 2');
INSERT INTO studentPlans VALUES('E4000021B', FALSE, 'CS5228', 'AY 16/17 Sem 2');

INSERT INTO student VALUES('E4000022B', 4);
INSERT INTO takesFocusArea VALUES('E4000022B', 'Computer Graphics and Games', NULL);
INSERT INTO studentPlans VALUES('E4000022B', TRUE, 'CS4224', 'AY 16/17 Sem 1');
INSERT INTO studentPlans VALUES('E4000022B', TRUE, 'CS5342', 'AY 16/17 Sem 1');
INSERT INTO studentPlans VALUES('E4000022B', TRUE, 'CS4340', 'AY 16/17 Sem 1');
INSERT INTO studentPlans VALUES('E4000022B', TRUE, 'CS4222', 'AY 16/17 Sem 1');
INSERT INTO studentPlans VALUES('E4000022B', TRUE, 'CS4240', 'AY 16/17 Sem 1');
INSERT INTO studentPlans VALUES('E4000022B', FALSE, 'CS4236', 'AY 16/17 Sem 2');
INSERT INTO studentPlans VALUES('E4000022B', FALSE, 'CS4880', 'AY 16/17 Sem 2');
INSERT INTO studentPlans VALUES('E4000022B', FALSE, 'CS4217', 'AY 16/17 Sem 2');
INSERT INTO studentPlans VALUES('E4000022B', FALSE, 'CS5272', 'AY 16/17 Sem 2');
INSERT INTO studentPlans VALUES('E4000022B', FALSE, 'CS4248', 'AY 16/17 Sem 2');

INSERT INTO student VALUES('E4000023B', 4);
INSERT INTO takesFocusArea VALUES('E4000023B', 'Software Engineering', NULL);
INSERT INTO studentPlans VALUES('E4000023B', TRUE, 'CS4215', 'AY 16/17 Sem 1');
INSERT INTO studentPlans VALUES('E4000023B', TRUE, 'CS4212', 'AY 16/17 Sem 1');
INSERT INTO studentPlans VALUES('E4000023B', TRUE, 'CS4221', 'AY 16/17 Sem 1');
INSERT INTO studentPlans VALUES('E4000023B', TRUE, 'CS4217', 'AY 16/17 Sem 1');
INSERT INTO studentPlans VALUES('E4000023B', TRUE, 'CS4243', 'AY 16/17 Sem 1');
INSERT INTO studentPlans VALUES('E4000023B', FALSE, 'CS4234', 'AY 16/17 Sem 2');
INSERT INTO studentPlans VALUES('E4000023B', FALSE, 'CS5228', 'AY 16/17 Sem 2');
INSERT INTO studentPlans VALUES('E4000023B', FALSE, 'CS4340', 'AY 16/17 Sem 2');
INSERT INTO studentPlans VALUES('E4000023B', FALSE, 'CP5100', 'AY 16/17 Sem 2');
INSERT INTO studentPlans VALUES('E4000023B', FALSE, 'CS4271', 'AY 16/17 Sem 2');

INSERT INTO student VALUES('E4000024B', 4);
INSERT INTO takesFocusArea VALUES('E4000024B', 'Database Systems', NULL);
INSERT INTO studentPlans VALUES('E4000024B', TRUE, 'CS5240', 'AY 16/17 Sem 1');
INSERT INTO studentPlans VALUES('E4000024B', TRUE, 'CS4220', 'AY 16/17 Sem 1');
INSERT INTO studentPlans VALUES('E4000024B', TRUE, 'CS4214', 'AY 16/17 Sem 1');
INSERT INTO studentPlans VALUES('E4000024B', TRUE, 'CS4218', 'AY 16/17 Sem 1');
INSERT INTO studentPlans VALUES('E4000024B', TRUE, 'CS4211', 'AY 16/17 Sem 1');
INSERT INTO studentPlans VALUES('E4000024B', FALSE, 'CP4101', 'AY 16/17 Sem 2');
INSERT INTO studentPlans VALUES('E4000024B', FALSE, 'CS4244', 'AY 16/17 Sem 2');
INSERT INTO studentPlans VALUES('E4000024B', FALSE, 'CS4246', 'AY 16/17 Sem 2');
INSERT INTO studentPlans VALUES('E4000024B', FALSE, 'CS5237', 'AY 16/17 Sem 2');
INSERT INTO studentPlans VALUES('E4000024B', FALSE, 'CS4241', 'AY 16/17 Sem 2');

INSERT INTO student VALUES('E4000025B', 4);
INSERT INTO takesFocusArea VALUES('E4000025B', 'Multimedia Information Retrieval', NULL);
INSERT INTO studentPlans VALUES('E4000025B', TRUE, 'CS4231', 'AY 16/17 Sem 1');
INSERT INTO studentPlans VALUES('E4000025B', TRUE, 'CS4215', 'AY 16/17 Sem 1');
INSERT INTO studentPlans VALUES('E4000025B', TRUE, 'CP4101', 'AY 16/17 Sem 1');
INSERT INTO studentPlans VALUES('E4000025B', TRUE, 'CS4225', 'AY 16/17 Sem 1');
INSERT INTO studentPlans VALUES('E4000025B', TRUE, 'CS5218', 'AY 16/17 Sem 1');
INSERT INTO studentPlans VALUES('E4000025B', FALSE, 'CS5219', 'AY 16/17 Sem 2');
INSERT INTO studentPlans VALUES('E4000025B', FALSE, 'CS4340', 'AY 16/17 Sem 2');
INSERT INTO studentPlans VALUES('E4000025B', FALSE, 'CS4239', 'AY 16/17 Sem 2');
INSERT INTO studentPlans VALUES('E4000025B', FALSE, 'CS4223', 'AY 16/17 Sem 2');
INSERT INTO studentPlans VALUES('E4000025B', FALSE, 'CS4237', 'AY 16/17 Sem 2');

INSERT INTO student VALUES('E4000026B', 4);
INSERT INTO takesFocusArea VALUES('E4000026B', 'Database Systems', NULL);
INSERT INTO studentPlans VALUES('E4000026B', TRUE, 'CS5249', 'AY 16/17 Sem 1');
INSERT INTO studentPlans VALUES('E4000026B', TRUE, 'CS4225', 'AY 16/17 Sem 1');
INSERT INTO studentPlans VALUES('E4000026B', TRUE, 'CS4344', 'AY 16/17 Sem 1');
INSERT INTO studentPlans VALUES('E4000026B', TRUE, 'CS4217', 'AY 16/17 Sem 1');
INSERT INTO studentPlans VALUES('E4000026B', TRUE, 'CS4218', 'AY 16/17 Sem 1');
INSERT INTO studentPlans VALUES('E4000026B', FALSE, 'CS4222', 'AY 16/17 Sem 2');
INSERT INTO studentPlans VALUES('E4000026B', FALSE, 'CS5241', 'AY 16/17 Sem 2');
INSERT INTO studentPlans VALUES('E4000026B', FALSE, 'CS4226', 'AY 16/17 Sem 2');
INSERT INTO studentPlans VALUES('E4000026B', FALSE, 'CS4223', 'AY 16/17 Sem 2');
INSERT INTO studentPlans VALUES('E4000026B', FALSE, 'CS4238', 'AY 16/17 Sem 2');

INSERT INTO student VALUES('E4000027B', 4);
INSERT INTO takesFocusArea VALUES('E4000027B', 'Database Systems', NULL);
INSERT INTO studentPlans VALUES('E4000027B', TRUE, 'CS5218', 'AY 16/17 Sem 1');
INSERT INTO studentPlans VALUES('E4000027B', TRUE, 'CS4238', 'AY 16/17 Sem 1');
INSERT INTO studentPlans VALUES('E4000027B', TRUE, 'XFC4101', 'AY 16/17 Sem 1');
INSERT INTO studentPlans VALUES('E4000027B', TRUE, 'CS4217', 'AY 16/17 Sem 1');
INSERT INTO studentPlans VALUES('E4000027B', TRUE, 'CS4232', 'AY 16/17 Sem 1');
INSERT INTO studentPlans VALUES('E4000027B', FALSE, 'CS4220', 'AY 16/17 Sem 2');
INSERT INTO studentPlans VALUES('E4000027B', FALSE, 'CS4243', 'AY 16/17 Sem 2');
INSERT INTO studentPlans VALUES('E4000027B', FALSE, 'CS5250', 'AY 16/17 Sem 2');
INSERT INTO studentPlans VALUES('E4000027B', FALSE, 'CP4101', 'AY 16/17 Sem 2');
INSERT INTO studentPlans VALUES('E4000027B', FALSE, 'CS4231', 'AY 16/17 Sem 2');

INSERT INTO student VALUES('E4000028B', 4);
INSERT INTO takesFocusArea VALUES('E4000028B', 'Artificial Intelligence', NULL);
INSERT INTO studentPlans VALUES('E4000028B', TRUE, 'CS4237', 'AY 16/17 Sem 1');
INSERT INTO studentPlans VALUES('E4000028B', TRUE, 'CS4243', 'AY 16/17 Sem 1');
INSERT INTO studentPlans VALUES('E4000028B', TRUE, 'CS4241', 'AY 16/17 Sem 1');
INSERT INTO studentPlans VALUES('E4000028B', TRUE, 'CS4216', 'AY 16/17 Sem 1');
INSERT INTO studentPlans VALUES('E4000028B', TRUE, 'XFC4101', 'AY 16/17 Sem 1');
INSERT INTO studentPlans VALUES('E4000028B', FALSE, 'CS4215', 'AY 16/17 Sem 2');
INSERT INTO studentPlans VALUES('E4000028B', FALSE, 'CS4211', 'AY 16/17 Sem 2');
INSERT INTO studentPlans VALUES('E4000028B', FALSE, 'CS4212', 'AY 16/17 Sem 2');
INSERT INTO studentPlans VALUES('E4000028B', FALSE, 'CS5271', 'AY 16/17 Sem 2');
INSERT INTO studentPlans VALUES('E4000028B', FALSE, 'CS4350', 'AY 16/17 Sem 2');

INSERT INTO student VALUES('E4000029B', 4);
INSERT INTO takesFocusArea VALUES('E4000029B', 'Database Systems', NULL);
INSERT INTO studentPlans VALUES('E4000029B', TRUE, 'CS4240', 'AY 16/17 Sem 1');
INSERT INTO studentPlans VALUES('E4000029B', TRUE, 'CS4246', 'AY 16/17 Sem 1');
INSERT INTO studentPlans VALUES('E4000029B', TRUE, 'CS5218', 'AY 16/17 Sem 1');
INSERT INTO studentPlans VALUES('E4000029B', TRUE, 'CS4222', 'AY 16/17 Sem 1');
INSERT INTO studentPlans VALUES('E4000029B', TRUE, 'CP4101', 'AY 16/17 Sem 1');
INSERT INTO studentPlans VALUES('E4000029B', FALSE, 'CS4231', 'AY 16/17 Sem 2');
INSERT INTO studentPlans VALUES('E4000029B', FALSE, 'CS5242', 'AY 16/17 Sem 2');
INSERT INTO studentPlans VALUES('E4000029B', FALSE, 'CS4237', 'AY 16/17 Sem 2');
INSERT INTO studentPlans VALUES('E4000029B', FALSE, 'CS4249', 'AY 16/17 Sem 2');
INSERT INTO studentPlans VALUES('E4000029B', FALSE, 'CS4215', 'AY 16/17 Sem 2');

INSERT INTO student VALUES('E4000030B', 4);
INSERT INTO takesFocusArea VALUES('E4000030B', 'Interactive Media', NULL);
INSERT INTO studentPlans VALUES('E4000030B', TRUE, 'CP4101', 'AY 16/17 Sem 1');
INSERT INTO studentPlans VALUES('E4000030B', TRUE, 'CS4236', 'AY 16/17 Sem 1');
INSERT INTO studentPlans VALUES('E4000030B', TRUE, 'CS4212', 'AY 16/17 Sem 1');
INSERT INTO studentPlans VALUES('E4000030B', TRUE, 'CS5342', 'AY 16/17 Sem 1');
INSERT INTO studentPlans VALUES('E4000030B', TRUE, 'CS4244', 'AY 16/17 Sem 1');
INSERT INTO studentPlans VALUES('E4000030B', FALSE, 'CS4226', 'AY 16/17 Sem 2');
INSERT INTO studentPlans VALUES('E4000030B', FALSE, 'CS4340', 'AY 16/17 Sem 2');
INSERT INTO studentPlans VALUES('E4000030B', FALSE, 'CS4221', 'AY 16/17 Sem 2');
INSERT INTO studentPlans VALUES('E4000030B', FALSE, 'CS4232', 'AY 16/17 Sem 2');
INSERT INTO studentPlans VALUES('E4000030B', FALSE, 'CS4225', 'AY 16/17 Sem 2');

INSERT INTO student VALUES('E4000031B', 4);
INSERT INTO takesFocusArea VALUES('E4000031B', 'Programming Languages', NULL);
INSERT INTO studentPlans VALUES('E4000031B', TRUE, 'CS4236', 'AY 16/17 Sem 1');
INSERT INTO studentPlans VALUES('E4000031B', TRUE, 'CS4241', 'AY 16/17 Sem 1');
INSERT INTO studentPlans VALUES('E4000031B', TRUE, 'CS4243', 'AY 16/17 Sem 1');
INSERT INTO studentPlans VALUES('E4000031B', TRUE, 'CS4237', 'AY 16/17 Sem 1');
INSERT INTO studentPlans VALUES('E4000031B', TRUE, 'CS4232', 'AY 16/17 Sem 1');
INSERT INTO studentPlans VALUES('E4000031B', FALSE, 'CS4211', 'AY 16/17 Sem 2');
INSERT INTO studentPlans VALUES('E4000031B', FALSE, 'CP4101', 'AY 16/17 Sem 2');
INSERT INTO studentPlans VALUES('E4000031B', FALSE, 'CS5250', 'AY 16/17 Sem 2');
INSERT INTO studentPlans VALUES('E4000031B', FALSE, 'CS4238', 'AY 16/17 Sem 2');
INSERT INTO studentPlans VALUES('E4000031B', FALSE, 'CS4223', 'AY 16/17 Sem 2');

INSERT INTO student VALUES('E4000032B', 4);
INSERT INTO takesFocusArea VALUES('E4000032B', 'Parallel Computing', NULL);
INSERT INTO studentPlans VALUES('E4000032B', TRUE, 'CS4243', 'AY 16/17 Sem 1');
INSERT INTO studentPlans VALUES('E4000032B', TRUE, 'CS4880', 'AY 16/17 Sem 1');
INSERT INTO studentPlans VALUES('E4000032B', TRUE, 'CS4234', 'AY 16/17 Sem 1');
INSERT INTO studentPlans VALUES('E4000032B', TRUE, 'CS4232', 'AY 16/17 Sem 1');
INSERT INTO studentPlans VALUES('E4000032B', TRUE, 'CS5215', 'AY 16/17 Sem 1');
INSERT INTO studentPlans VALUES('E4000032B', FALSE, 'CS4220', 'AY 16/17 Sem 2');
INSERT INTO studentPlans VALUES('E4000032B', FALSE, 'CS4242', 'AY 16/17 Sem 2');
INSERT INTO studentPlans VALUES('E4000032B', FALSE, 'CS4347', 'AY 16/17 Sem 2');
INSERT INTO studentPlans VALUES('E4000032B', FALSE, 'XFC4101', 'AY 16/17 Sem 2');
INSERT INTO studentPlans VALUES('E4000032B', FALSE, 'CS4247', 'AY 16/17 Sem 2');

INSERT INTO student VALUES('E4000033B', 4);
INSERT INTO takesFocusArea VALUES('E4000033B', 'Computer Security', NULL);
INSERT INTO studentPlans VALUES('E4000033B', TRUE, 'CS4241', 'AY 16/17 Sem 1');
INSERT INTO studentPlans VALUES('E4000033B', TRUE, 'CS5214', 'AY 16/17 Sem 1');
INSERT INTO studentPlans VALUES('E4000033B', TRUE, 'CS4248', 'AY 16/17 Sem 1');
INSERT INTO studentPlans VALUES('E4000033B', TRUE, 'CS4350', 'AY 16/17 Sem 1');
INSERT INTO studentPlans VALUES('E4000033B', TRUE, 'CS4218', 'AY 16/17 Sem 1');
INSERT INTO studentPlans VALUES('E4000033B', FALSE, 'CS4221', 'AY 16/17 Sem 2');
INSERT INTO studentPlans VALUES('E4000033B', FALSE, 'CS4235', 'AY 16/17 Sem 2');
INSERT INTO studentPlans VALUES('E4000033B', FALSE, 'CS4225', 'AY 16/17 Sem 2');
INSERT INTO studentPlans VALUES('E4000033B', FALSE, 'CS5233', 'AY 16/17 Sem 2');
INSERT INTO studentPlans VALUES('E4000033B', FALSE, 'CS4234', 'AY 16/17 Sem 2');

INSERT INTO student VALUES('E4000034B', 4);
INSERT INTO takesFocusArea VALUES('E4000034B', 'Multimedia Information Retrieval', NULL);
INSERT INTO studentPlans VALUES('E4000034B', TRUE, 'CS4216', 'AY 16/17 Sem 1');
INSERT INTO studentPlans VALUES('E4000034B', TRUE, 'CS4224', 'AY 16/17 Sem 1');
INSERT INTO studentPlans VALUES('E4000034B', TRUE, 'CS4214', 'AY 16/17 Sem 1');
INSERT INTO studentPlans VALUES('E4000034B', TRUE, 'CS4244', 'AY 16/17 Sem 1');
INSERT INTO studentPlans VALUES('E4000034B', TRUE, 'CS4243', 'AY 16/17 Sem 1');
INSERT INTO studentPlans VALUES('E4000034B', FALSE, 'CS4345', 'AY 16/17 Sem 2');
INSERT INTO studentPlans VALUES('E4000034B', FALSE, 'CS4241', 'AY 16/17 Sem 2');
INSERT INTO studentPlans VALUES('E4000034B', FALSE, 'CS4246', 'AY 16/17 Sem 2');
INSERT INTO studentPlans VALUES('E4000034B', FALSE, 'CS4350', 'AY 16/17 Sem 2');
INSERT INTO studentPlans VALUES('E4000034B', FALSE, 'CS4225', 'AY 16/17 Sem 2');

INSERT INTO student VALUES('E4000035B', 4);
INSERT INTO takesFocusArea VALUES('E4000035B', 'Software Engineering', NULL);
INSERT INTO studentPlans VALUES('E4000035B', TRUE, 'CS4220', 'AY 16/17 Sem 1');
INSERT INTO studentPlans VALUES('E4000035B', TRUE, 'CS4231', 'AY 16/17 Sem 1');
INSERT INTO studentPlans VALUES('E4000035B', TRUE, 'CS4225', 'AY 16/17 Sem 1');
INSERT INTO studentPlans VALUES('E4000035B', TRUE, 'CS5340', 'AY 16/17 Sem 1');
INSERT INTO studentPlans VALUES('E4000035B', TRUE, 'CS4244', 'AY 16/17 Sem 1');
INSERT INTO studentPlans VALUES('E4000035B', FALSE, 'CS4224', 'AY 16/17 Sem 2');
INSERT INTO studentPlans VALUES('E4000035B', FALSE, 'CS4347', 'AY 16/17 Sem 2');
INSERT INTO studentPlans VALUES('E4000035B', FALSE, 'CS4215', 'AY 16/17 Sem 2');
INSERT INTO studentPlans VALUES('E4000035B', FALSE, 'CS4232', 'AY 16/17 Sem 2');
INSERT INTO studentPlans VALUES('E4000035B', FALSE, 'CS4275', 'AY 16/17 Sem 2');

INSERT INTO student VALUES('E4000036B', 4);
INSERT INTO takesFocusArea VALUES('E4000036B', 'Artificial Intelligence', NULL);
INSERT INTO studentPlans VALUES('E4000036B', TRUE, 'CS4225', 'AY 16/17 Sem 1');
INSERT INTO studentPlans VALUES('E4000036B', TRUE, 'CS4237', 'AY 16/17 Sem 1');
INSERT INTO studentPlans VALUES('E4000036B', TRUE, 'CS5345', 'AY 16/17 Sem 1');
INSERT INTO studentPlans VALUES('E4000036B', TRUE, 'CS4212', 'AY 16/17 Sem 1');
INSERT INTO studentPlans VALUES('E4000036B', TRUE, 'CS4345', 'AY 16/17 Sem 1');
INSERT INTO studentPlans VALUES('E4000036B', FALSE, 'CS4216', 'AY 16/17 Sem 2');
INSERT INTO studentPlans VALUES('E4000036B', FALSE, 'CS4223', 'AY 16/17 Sem 2');
INSERT INTO studentPlans VALUES('E4000036B', FALSE, 'CS5228', 'AY 16/17 Sem 2');
INSERT INTO studentPlans VALUES('E4000036B', FALSE, 'CS4242', 'AY 16/17 Sem 2');
INSERT INTO studentPlans VALUES('E4000036B', FALSE, 'XFC4101', 'AY 16/17 Sem 2');

INSERT INTO student VALUES('E4000037B', 4);
INSERT INTO takesFocusArea VALUES('E4000037B', 'Visual Computing', NULL);
INSERT INTO studentPlans VALUES('E4000037B', TRUE, 'CS4248', 'AY 16/17 Sem 1');
INSERT INTO studentPlans VALUES('E4000037B', TRUE, 'CS4216', 'AY 16/17 Sem 1');
INSERT INTO studentPlans VALUES('E4000037B', TRUE, 'CS5233', 'AY 16/17 Sem 1');
INSERT INTO studentPlans VALUES('E4000037B', TRUE, 'CS4226', 'AY 16/17 Sem 1');
INSERT INTO studentPlans VALUES('E4000037B', TRUE, 'CS4244', 'AY 16/17 Sem 1');
INSERT INTO studentPlans VALUES('E4000037B', FALSE, 'CS5322', 'AY 16/17 Sem 2');
INSERT INTO studentPlans VALUES('E4000037B', FALSE, 'CS5234', 'AY 16/17 Sem 2');
INSERT INTO studentPlans VALUES('E4000037B', FALSE, 'CS4215', 'AY 16/17 Sem 2');
INSERT INTO studentPlans VALUES('E4000037B', FALSE, 'CS4224', 'AY 16/17 Sem 2');
INSERT INTO studentPlans VALUES('E4000037B', FALSE, 'CS4238', 'AY 16/17 Sem 2');

INSERT INTO student VALUES('E4000038B', 4);
INSERT INTO takesFocusArea VALUES('E4000038B', 'Computer Security', NULL);
INSERT INTO studentPlans VALUES('E4000038B', TRUE, 'CS4214', 'AY 16/17 Sem 1');
INSERT INTO studentPlans VALUES('E4000038B', TRUE, 'CS4340', 'AY 16/17 Sem 1');
INSERT INTO studentPlans VALUES('E4000038B', TRUE, 'CS4241', 'AY 16/17 Sem 1');
INSERT INTO studentPlans VALUES('E4000038B', TRUE, 'CS4222', 'AY 16/17 Sem 1');
INSERT INTO studentPlans VALUES('E4000038B', TRUE, 'CP4101', 'AY 16/17 Sem 1');
INSERT INTO studentPlans VALUES('E4000038B', FALSE, 'CS4218', 'AY 16/17 Sem 2');
INSERT INTO studentPlans VALUES('E4000038B', FALSE, 'CS4247', 'AY 16/17 Sem 2');
INSERT INTO studentPlans VALUES('E4000038B', FALSE, 'CS5219', 'AY 16/17 Sem 2');
INSERT INTO studentPlans VALUES('E4000038B', FALSE, 'CS5246', 'AY 16/17 Sem 2');
INSERT INTO studentPlans VALUES('E4000038B', FALSE, 'CS4220', 'AY 16/17 Sem 2');

INSERT INTO student VALUES('E4000039B', 4);
INSERT INTO takesFocusArea VALUES('E4000039B', 'Computer Security', NULL);
INSERT INTO studentPlans VALUES('E4000039B', TRUE, 'CS4880', 'AY 16/17 Sem 1');
INSERT INTO studentPlans VALUES('E4000039B', TRUE, 'CS5248', 'AY 16/17 Sem 1');
INSERT INTO studentPlans VALUES('E4000039B', TRUE, 'CS4220', 'AY 16/17 Sem 1');
INSERT INTO studentPlans VALUES('E4000039B', TRUE, 'CS4239', 'AY 16/17 Sem 1');
INSERT INTO studentPlans VALUES('E4000039B', TRUE, 'CS4236', 'AY 16/17 Sem 1');
INSERT INTO studentPlans VALUES('E4000039B', FALSE, 'CS5214', 'AY 16/17 Sem 2');
INSERT INTO studentPlans VALUES('E4000039B', FALSE, 'CS5241', 'AY 16/17 Sem 2');
INSERT INTO studentPlans VALUES('E4000039B', FALSE, 'CS4232', 'AY 16/17 Sem 2');
INSERT INTO studentPlans VALUES('E4000039B', FALSE, 'CS4218', 'AY 16/17 Sem 2');
INSERT INTO studentPlans VALUES('E4000039B', FALSE, 'CS4212', 'AY 16/17 Sem 2');

INSERT INTO student VALUES('E4000040B', 4);
INSERT INTO takesFocusArea VALUES('E4000040B', 'Artificial Intelligence', NULL);
INSERT INTO studentPlans VALUES('E4000040B', TRUE, 'CS4237', 'AY 16/17 Sem 1');
INSERT INTO studentPlans VALUES('E4000040B', TRUE, 'CS5218', 'AY 16/17 Sem 1');
INSERT INTO studentPlans VALUES('E4000040B', TRUE, 'CS4236', 'AY 16/17 Sem 1');
INSERT INTO studentPlans VALUES('E4000040B', TRUE, 'CS4220', 'AY 16/17 Sem 1');
INSERT INTO studentPlans VALUES('E4000040B', TRUE, 'CS5250', 'AY 16/17 Sem 1');
INSERT INTO studentPlans VALUES('E4000040B', FALSE, 'CS4347', 'AY 16/17 Sem 2');
INSERT INTO studentPlans VALUES('E4000040B', FALSE, 'CS5351', 'AY 16/17 Sem 2');
INSERT INTO studentPlans VALUES('E4000040B', FALSE, 'CS5232', 'AY 16/17 Sem 2');
INSERT INTO studentPlans VALUES('E4000040B', FALSE, 'CS4240', 'AY 16/17 Sem 2');
INSERT INTO studentPlans VALUES('E4000040B', FALSE, 'CS4235', 'AY 16/17 Sem 2');

INSERT INTO student VALUES('E4000041B', 4);
INSERT INTO takesFocusArea VALUES('E4000041B', 'Computer Security', NULL);
INSERT INTO studentPlans VALUES('E4000041B', TRUE, 'CS4226', 'AY 16/17 Sem 1');
INSERT INTO studentPlans VALUES('E4000041B', TRUE, 'CS4344', 'AY 16/17 Sem 1');
INSERT INTO studentPlans VALUES('E4000041B', TRUE, 'CS5241', 'AY 16/17 Sem 1');
INSERT INTO studentPlans VALUES('E4000041B', TRUE, 'CS4235', 'AY 16/17 Sem 1');
INSERT INTO studentPlans VALUES('E4000041B', TRUE, 'CS4345', 'AY 16/17 Sem 1');
INSERT INTO studentPlans VALUES('E4000041B', FALSE, 'CS4271', 'AY 16/17 Sem 2');
INSERT INTO studentPlans VALUES('E4000041B', FALSE, 'CS4222', 'AY 16/17 Sem 2');
INSERT INTO studentPlans VALUES('E4000041B', FALSE, 'CS4242', 'AY 16/17 Sem 2');
INSERT INTO studentPlans VALUES('E4000041B', FALSE, 'CS5218', 'AY 16/17 Sem 2');
INSERT INTO studentPlans VALUES('E4000041B', FALSE, 'CS4221', 'AY 16/17 Sem 2');

INSERT INTO student VALUES('E4000042B', 4);
INSERT INTO takesFocusArea VALUES('E4000042B', 'Software Engineering', NULL);
INSERT INTO studentPlans VALUES('E4000042B', TRUE, 'CS4275', 'AY 16/17 Sem 1');
INSERT INTO studentPlans VALUES('E4000042B', TRUE, 'CS5272', 'AY 16/17 Sem 1');
INSERT INTO studentPlans VALUES('E4000042B', TRUE, 'CS4237', 'AY 16/17 Sem 1');
INSERT INTO studentPlans VALUES('E4000042B', TRUE, 'CS4235', 'AY 16/17 Sem 1');
INSERT INTO studentPlans VALUES('E4000042B', TRUE, 'CS4231', 'AY 16/17 Sem 1');
INSERT INTO studentPlans VALUES('E4000042B', FALSE, 'CS4214', 'AY 16/17 Sem 2');
INSERT INTO studentPlans VALUES('E4000042B', FALSE, 'CS4247', 'AY 16/17 Sem 2');
INSERT INTO studentPlans VALUES('E4000042B', FALSE, 'CS5351', 'AY 16/17 Sem 2');
INSERT INTO studentPlans VALUES('E4000042B', FALSE, 'XFC4101', 'AY 16/17 Sem 2');
INSERT INTO studentPlans VALUES('E4000042B', FALSE, 'CS4211', 'AY 16/17 Sem 2');

INSERT INTO student VALUES('E4000043B', 4);
INSERT INTO takesFocusArea VALUES('E4000043B', 'Parallel Computing', NULL);
INSERT INTO studentPlans VALUES('E4000043B', TRUE, 'CS4246', 'AY 16/17 Sem 1');
INSERT INTO studentPlans VALUES('E4000043B', TRUE, 'CS4340', 'AY 16/17 Sem 1');
INSERT INTO studentPlans VALUES('E4000043B', TRUE, 'CS5246', 'AY 16/17 Sem 1');
INSERT INTO studentPlans VALUES('E4000043B', TRUE, 'CS4214', 'AY 16/17 Sem 1');
INSERT INTO studentPlans VALUES('E4000043B', TRUE, 'CS4218', 'AY 16/17 Sem 1');
INSERT INTO studentPlans VALUES('E4000043B', FALSE, 'CS4347', 'AY 16/17 Sem 2');
INSERT INTO studentPlans VALUES('E4000043B', FALSE, 'CS4240', 'AY 16/17 Sem 2');
INSERT INTO studentPlans VALUES('E4000043B', FALSE, 'CS5228', 'AY 16/17 Sem 2');
INSERT INTO studentPlans VALUES('E4000043B', FALSE, 'CS4220', 'AY 16/17 Sem 2');
INSERT INTO studentPlans VALUES('E4000043B', FALSE, 'CS4234', 'AY 16/17 Sem 2');

INSERT INTO student VALUES('E4000044B', 4);
INSERT INTO takesFocusArea VALUES('E4000044B', 'Visual Computing', NULL);
INSERT INTO studentPlans VALUES('E4000044B', TRUE, 'CS4232', 'AY 16/17 Sem 1');
INSERT INTO studentPlans VALUES('E4000044B', TRUE, 'CS5345', 'AY 16/17 Sem 1');
INSERT INTO studentPlans VALUES('E4000044B', TRUE, 'CS5232', 'AY 16/17 Sem 1');
INSERT INTO studentPlans VALUES('E4000044B', TRUE, 'CS4222', 'AY 16/17 Sem 1');
INSERT INTO studentPlans VALUES('E4000044B', TRUE, 'CS4350', 'AY 16/17 Sem 1');
INSERT INTO studentPlans VALUES('E4000044B', FALSE, 'CS4246', 'AY 16/17 Sem 2');
INSERT INTO studentPlans VALUES('E4000044B', FALSE, 'CS4231', 'AY 16/17 Sem 2');
INSERT INTO studentPlans VALUES('E4000044B', FALSE, 'XFC4101', 'AY 16/17 Sem 2');
INSERT INTO studentPlans VALUES('E4000044B', FALSE, 'CS4271', 'AY 16/17 Sem 2');
INSERT INTO studentPlans VALUES('E4000044B', FALSE, 'CS4220', 'AY 16/17 Sem 2');

INSERT INTO student VALUES('E4000045B', 4);
INSERT INTO takesFocusArea VALUES('E4000045B', 'Artificial Intelligence', NULL);
INSERT INTO studentPlans VALUES('E4000045B', TRUE, 'CS4224', 'AY 16/17 Sem 1');
INSERT INTO studentPlans VALUES('E4000045B', TRUE, 'CP4101', 'AY 16/17 Sem 1');
INSERT INTO studentPlans VALUES('E4000045B', TRUE, 'CS4225', 'AY 16/17 Sem 1');
INSERT INTO studentPlans VALUES('E4000045B', TRUE, 'CS4275', 'AY 16/17 Sem 1');
INSERT INTO studentPlans VALUES('E4000045B', TRUE, 'CS4234', 'AY 16/17 Sem 1');
INSERT INTO studentPlans VALUES('E4000045B', FALSE, 'CS5351', 'AY 16/17 Sem 2');
INSERT INTO studentPlans VALUES('E4000045B', FALSE, 'CS5272', 'AY 16/17 Sem 2');
INSERT INTO studentPlans VALUES('E4000045B', FALSE, 'CS4223', 'AY 16/17 Sem 2');
INSERT INTO studentPlans VALUES('E4000045B', FALSE, 'CS4217', 'AY 16/17 Sem 2');
INSERT INTO studentPlans VALUES('E4000045B', FALSE, 'CS4249', 'AY 16/17 Sem 2');

INSERT INTO student VALUES('E4000046B', 4);
INSERT INTO takesFocusArea VALUES('E4000046B', 'Programming Languages', NULL);
INSERT INTO studentPlans VALUES('E4000046B', TRUE, 'CS4222', 'AY 16/17 Sem 1');
INSERT INTO studentPlans VALUES('E4000046B', TRUE, 'CS4340', 'AY 16/17 Sem 1');
INSERT INTO studentPlans VALUES('E4000046B', TRUE, 'CS4224', 'AY 16/17 Sem 1');
INSERT INTO studentPlans VALUES('E4000046B', TRUE, 'CS4243', 'AY 16/17 Sem 1');
INSERT INTO studentPlans VALUES('E4000046B', TRUE, 'CS5248', 'AY 16/17 Sem 1');
INSERT INTO studentPlans VALUES('E4000046B', FALSE, 'CS4275', 'AY 16/17 Sem 2');
INSERT INTO studentPlans VALUES('E4000046B', FALSE, 'CS4350', 'AY 16/17 Sem 2');
INSERT INTO studentPlans VALUES('E4000046B', FALSE, 'CS4246', 'AY 16/17 Sem 2');
INSERT INTO studentPlans VALUES('E4000046B', FALSE, 'XFC4101', 'AY 16/17 Sem 2');
INSERT INTO studentPlans VALUES('E4000046B', FALSE, 'CS4237', 'AY 16/17 Sem 2');

INSERT INTO student VALUES('E4000047B', 4);
INSERT INTO takesFocusArea VALUES('E4000047B', 'Database Systems', NULL);
INSERT INTO studentPlans VALUES('E4000047B', TRUE, 'CS5236', 'AY 16/17 Sem 1');
INSERT INTO studentPlans VALUES('E4000047B', TRUE, 'CS4271', 'AY 16/17 Sem 1');
INSERT INTO studentPlans VALUES('E4000047B', TRUE, 'CS4216', 'AY 16/17 Sem 1');
INSERT INTO studentPlans VALUES('E4000047B', TRUE, 'CS4239', 'AY 16/17 Sem 1');
INSERT INTO studentPlans VALUES('E4000047B', TRUE, 'CS4215', 'AY 16/17 Sem 1');
INSERT INTO studentPlans VALUES('E4000047B', FALSE, 'CS4214', 'AY 16/17 Sem 2');
INSERT INTO studentPlans VALUES('E4000047B', FALSE, 'CS4244', 'AY 16/17 Sem 2');
INSERT INTO studentPlans VALUES('E4000047B', FALSE, 'CS4243', 'AY 16/17 Sem 2');
INSERT INTO studentPlans VALUES('E4000047B', FALSE, 'CS4225', 'AY 16/17 Sem 2');
INSERT INTO studentPlans VALUES('E4000047B', FALSE, 'CS5342', 'AY 16/17 Sem 2');

INSERT INTO student VALUES('E4000048B', 4);
INSERT INTO takesFocusArea VALUES('E4000048B', 'Algorithms & Theory', NULL);
INSERT INTO studentPlans VALUES('E4000048B', TRUE, 'CS4880', 'AY 16/17 Sem 1');
INSERT INTO studentPlans VALUES('E4000048B', TRUE, 'CS5250', 'AY 16/17 Sem 1');
INSERT INTO studentPlans VALUES('E4000048B', TRUE, 'CS5232', 'AY 16/17 Sem 1');
INSERT INTO studentPlans VALUES('E4000048B', TRUE, 'CS4214', 'AY 16/17 Sem 1');
INSERT INTO studentPlans VALUES('E4000048B', TRUE, 'CS4247', 'AY 16/17 Sem 1');
INSERT INTO studentPlans VALUES('E4000048B', FALSE, 'CS4249', 'AY 16/17 Sem 2');
INSERT INTO studentPlans VALUES('E4000048B', FALSE, 'CS4235', 'AY 16/17 Sem 2');
INSERT INTO studentPlans VALUES('E4000048B', FALSE, 'CS4212', 'AY 16/17 Sem 2');
INSERT INTO studentPlans VALUES('E4000048B', FALSE, 'CS4225', 'AY 16/17 Sem 2');
INSERT INTO studentPlans VALUES('E4000048B', FALSE, 'CS4232', 'AY 16/17 Sem 2');

INSERT INTO student VALUES('E4000049B', 4);
INSERT INTO takesFocusArea VALUES('E4000049B', 'Computer Security', NULL);
INSERT INTO studentPlans VALUES('E4000049B', TRUE, 'CS4344', 'AY 16/17 Sem 1');
INSERT INTO studentPlans VALUES('E4000049B', TRUE, 'CS5237', 'AY 16/17 Sem 1');
INSERT INTO studentPlans VALUES('E4000049B', TRUE, 'CS4221', 'AY 16/17 Sem 1');
INSERT INTO studentPlans VALUES('E4000049B', TRUE, 'CS4880', 'AY 16/17 Sem 1');
INSERT INTO studentPlans VALUES('E4000049B', TRUE, 'CS4225', 'AY 16/17 Sem 1');
INSERT INTO studentPlans VALUES('E4000049B', FALSE, 'CS4237', 'AY 16/17 Sem 2');
INSERT INTO studentPlans VALUES('E4000049B', FALSE, 'CS4241', 'AY 16/17 Sem 2');
INSERT INTO studentPlans VALUES('E4000049B', FALSE, 'CS4218', 'AY 16/17 Sem 2');
INSERT INTO studentPlans VALUES('E4000049B', FALSE, 'CS4231', 'AY 16/17 Sem 2');
INSERT INTO studentPlans VALUES('E4000049B', FALSE, 'CS5218', 'AY 16/17 Sem 2');

INSERT INTO student VALUES('E4000050B', 4);
INSERT INTO takesFocusArea VALUES('E4000050B', 'Database Systems', NULL);
INSERT INTO studentPlans VALUES('E4000050B', TRUE, 'CP4101', 'AY 16/17 Sem 1');
INSERT INTO studentPlans VALUES('E4000050B', TRUE, 'CS4224', 'AY 16/17 Sem 1');
INSERT INTO studentPlans VALUES('E4000050B', TRUE, 'CS4248', 'AY 16/17 Sem 1');
INSERT INTO studentPlans VALUES('E4000050B', TRUE, 'CS5229', 'AY 16/17 Sem 1');
INSERT INTO studentPlans VALUES('E4000050B', TRUE, 'CS4249', 'AY 16/17 Sem 1');
INSERT INTO studentPlans VALUES('E4000050B', FALSE, 'CS4350', 'AY 16/17 Sem 2');
INSERT INTO studentPlans VALUES('E4000050B', FALSE, 'CS4217', 'AY 16/17 Sem 2');
INSERT INTO studentPlans VALUES('E4000050B', FALSE, 'CS4215', 'AY 16/17 Sem 2');
INSERT INTO studentPlans VALUES('E4000050B', FALSE, 'CS4221', 'AY 16/17 Sem 2');
INSERT INTO studentPlans VALUES('E4000050B', FALSE, 'CS4216', 'AY 16/17 Sem 2');

INSERT INTO student VALUES('E4000051B', 4);
INSERT INTO takesFocusArea VALUES('E4000051B', 'Multimedia Information Retrieval', NULL);
INSERT INTO studentPlans VALUES('E4000051B', TRUE, 'CS4216', 'AY 16/17 Sem 1');
INSERT INTO studentPlans VALUES('E4000051B', TRUE, 'CS4350', 'AY 16/17 Sem 1');
INSERT INTO studentPlans VALUES('E4000051B', TRUE, 'CS4225', 'AY 16/17 Sem 1');
INSERT INTO studentPlans VALUES('E4000051B', TRUE, 'CS4231', 'AY 16/17 Sem 1');
INSERT INTO studentPlans VALUES('E4000051B', TRUE, 'CS4244', 'AY 16/17 Sem 1');
INSERT INTO studentPlans VALUES('E4000051B', FALSE, 'CS4242', 'AY 16/17 Sem 2');
INSERT INTO studentPlans VALUES('E4000051B', FALSE, 'CS4223', 'AY 16/17 Sem 2');
INSERT INTO studentPlans VALUES('E4000051B', FALSE, 'CS4247', 'AY 16/17 Sem 2');
INSERT INTO studentPlans VALUES('E4000051B', FALSE, 'XFC4101', 'AY 16/17 Sem 2');
INSERT INTO studentPlans VALUES('E4000051B', FALSE, 'CS4246', 'AY 16/17 Sem 2');

INSERT INTO student VALUES('E4000052B', 4);
INSERT INTO takesFocusArea VALUES('E4000052B', 'Computer Security', NULL);
INSERT INTO studentPlans VALUES('E4000052B', TRUE, 'CS4212', 'AY 16/17 Sem 1');
INSERT INTO studentPlans VALUES('E4000052B', TRUE, 'CS4211', 'AY 16/17 Sem 1');
INSERT INTO studentPlans VALUES('E4000052B', TRUE, 'XFC4101', 'AY 16/17 Sem 1');
INSERT INTO studentPlans VALUES('E4000052B', TRUE, 'CS4246', 'AY 16/17 Sem 1');
INSERT INTO studentPlans VALUES('E4000052B', TRUE, 'CS4249', 'AY 16/17 Sem 1');
INSERT INTO studentPlans VALUES('E4000052B', FALSE, 'CS4242', 'AY 16/17 Sem 2');
INSERT INTO studentPlans VALUES('E4000052B', FALSE, 'CS4340', 'AY 16/17 Sem 2');
INSERT INTO studentPlans VALUES('E4000052B', FALSE, 'CS4225', 'AY 16/17 Sem 2');
INSERT INTO studentPlans VALUES('E4000052B', FALSE, 'CS5239', 'AY 16/17 Sem 2');
INSERT INTO studentPlans VALUES('E4000052B', FALSE, 'CS4344', 'AY 16/17 Sem 2');

INSERT INTO student VALUES('E4000053B', 4);
INSERT INTO takesFocusArea VALUES('E4000053B', 'Multimedia Information Retrieval', NULL);
INSERT INTO studentPlans VALUES('E4000053B', TRUE, 'CS4249', 'AY 16/17 Sem 1');
INSERT INTO studentPlans VALUES('E4000053B', TRUE, 'CS4239', 'AY 16/17 Sem 1');
INSERT INTO studentPlans VALUES('E4000053B', TRUE, 'CP5100', 'AY 16/17 Sem 1');
INSERT INTO studentPlans VALUES('E4000053B', TRUE, 'CS4246', 'AY 16/17 Sem 1');
INSERT INTO studentPlans VALUES('E4000053B', TRUE, 'CS4223', 'AY 16/17 Sem 1');
INSERT INTO studentPlans VALUES('E4000053B', FALSE, 'CS5226', 'AY 16/17 Sem 2');
INSERT INTO studentPlans VALUES('E4000053B', FALSE, 'CS4240', 'AY 16/17 Sem 2');
INSERT INTO studentPlans VALUES('E4000053B', FALSE, 'CS4234', 'AY 16/17 Sem 2');
INSERT INTO studentPlans VALUES('E4000053B', FALSE, 'CS4347', 'AY 16/17 Sem 2');
INSERT INTO studentPlans VALUES('E4000053B', FALSE, 'CS4235', 'AY 16/17 Sem 2');

INSERT INTO student VALUES('E4000054B', 4);
INSERT INTO takesFocusArea VALUES('E4000054B', 'Computer Security', NULL);
INSERT INTO studentPlans VALUES('E4000054B', TRUE, 'CS5238', 'AY 16/17 Sem 1');
INSERT INTO studentPlans VALUES('E4000054B', TRUE, 'CS5250', 'AY 16/17 Sem 1');
INSERT INTO studentPlans VALUES('E4000054B', TRUE, 'CS4242', 'AY 16/17 Sem 1');
INSERT INTO studentPlans VALUES('E4000054B', TRUE, 'CS4237', 'AY 16/17 Sem 1');
INSERT INTO studentPlans VALUES('E4000054B', TRUE, 'CS4248', 'AY 16/17 Sem 1');
INSERT INTO studentPlans VALUES('E4000054B', FALSE, 'CS4218', 'AY 16/17 Sem 2');
INSERT INTO studentPlans VALUES('E4000054B', FALSE, 'CS4225', 'AY 16/17 Sem 2');
INSERT INTO studentPlans VALUES('E4000054B', FALSE, 'CS4212', 'AY 16/17 Sem 2');
INSERT INTO studentPlans VALUES('E4000054B', FALSE, 'CS4220', 'AY 16/17 Sem 2');
INSERT INTO studentPlans VALUES('E4000054B', FALSE, 'CP4101', 'AY 16/17 Sem 2');

INSERT INTO student VALUES('E4000055B', 4);
INSERT INTO takesFocusArea VALUES('E4000055B', 'Artificial Intelligence', NULL);
INSERT INTO studentPlans VALUES('E4000055B', TRUE, 'CS4246', 'AY 16/17 Sem 1');
INSERT INTO studentPlans VALUES('E4000055B', TRUE, 'CS4220', 'AY 16/17 Sem 1');
INSERT INTO studentPlans VALUES('E4000055B', TRUE, 'CS4224', 'AY 16/17 Sem 1');
INSERT INTO studentPlans VALUES('E4000055B', TRUE, 'CP4101', 'AY 16/17 Sem 1');
INSERT INTO studentPlans VALUES('E4000055B', TRUE, 'CS4239', 'AY 16/17 Sem 1');
INSERT INTO studentPlans VALUES('E4000055B', FALSE, 'CS4223', 'AY 16/17 Sem 2');
INSERT INTO studentPlans VALUES('E4000055B', FALSE, 'CS4218', 'AY 16/17 Sem 2');
INSERT INTO studentPlans VALUES('E4000055B', FALSE, 'CS4240', 'AY 16/17 Sem 2');
INSERT INTO studentPlans VALUES('E4000055B', FALSE, 'CS4231', 'AY 16/17 Sem 2');
INSERT INTO studentPlans VALUES('E4000055B', FALSE, 'CS5214', 'AY 16/17 Sem 2');

INSERT INTO student VALUES('E4000056B', 4);
INSERT INTO takesFocusArea VALUES('E4000056B', 'Software Engineering', NULL);
INSERT INTO studentPlans VALUES('E4000056B', TRUE, 'CS4220', 'AY 16/17 Sem 1');
INSERT INTO studentPlans VALUES('E4000056B', TRUE, 'CS4344', 'AY 16/17 Sem 1');
INSERT INTO studentPlans VALUES('E4000056B', TRUE, 'CS4880', 'AY 16/17 Sem 1');
INSERT INTO studentPlans VALUES('E4000056B', TRUE, 'CS4271', 'AY 16/17 Sem 1');
INSERT INTO studentPlans VALUES('E4000056B', TRUE, 'CS4246', 'AY 16/17 Sem 1');
INSERT INTO studentPlans VALUES('E4000056B', FALSE, 'CS4217', 'AY 16/17 Sem 2');
INSERT INTO studentPlans VALUES('E4000056B', FALSE, 'CS4234', 'AY 16/17 Sem 2');
INSERT INTO studentPlans VALUES('E4000056B', FALSE, 'CS4212', 'AY 16/17 Sem 2');
INSERT INTO studentPlans VALUES('E4000056B', FALSE, 'CS4350', 'AY 16/17 Sem 2');
INSERT INTO studentPlans VALUES('E4000056B', FALSE, 'CS5331', 'AY 16/17 Sem 2');

INSERT INTO student VALUES('E4000057B', 4);
INSERT INTO takesFocusArea VALUES('E4000057B', 'Parallel Computing', NULL);
INSERT INTO studentPlans VALUES('E4000057B', TRUE, 'CS4211', 'AY 16/17 Sem 1');
INSERT INTO studentPlans VALUES('E4000057B', TRUE, 'CS4234', 'AY 16/17 Sem 1');
INSERT INTO studentPlans VALUES('E4000057B', TRUE, 'CS4225', 'AY 16/17 Sem 1');
INSERT INTO studentPlans VALUES('E4000057B', TRUE, 'CS5272', 'AY 16/17 Sem 1');
INSERT INTO studentPlans VALUES('E4000057B', TRUE, 'CS4243', 'AY 16/17 Sem 1');
INSERT INTO studentPlans VALUES('E4000057B', FALSE, 'CS5339', 'AY 16/17 Sem 2');
INSERT INTO studentPlans VALUES('E4000057B', FALSE, 'CS5321', 'AY 16/17 Sem 2');
INSERT INTO studentPlans VALUES('E4000057B', FALSE, 'CS4880', 'AY 16/17 Sem 2');
INSERT INTO studentPlans VALUES('E4000057B', FALSE, 'CS4249', 'AY 16/17 Sem 2');
INSERT INTO studentPlans VALUES('E4000057B', FALSE, 'CS4242', 'AY 16/17 Sem 2');

INSERT INTO student VALUES('E4000058B', 4);
INSERT INTO takesFocusArea VALUES('E4000058B', 'Software Engineering', NULL);
INSERT INTO studentPlans VALUES('E4000058B', TRUE, 'CS4236', 'AY 16/17 Sem 1');
INSERT INTO studentPlans VALUES('E4000058B', TRUE, 'CS4880', 'AY 16/17 Sem 1');
INSERT INTO studentPlans VALUES('E4000058B', TRUE, 'CS5248', 'AY 16/17 Sem 1');
INSERT INTO studentPlans VALUES('E4000058B', TRUE, 'CS4212', 'AY 16/17 Sem 1');
INSERT INTO studentPlans VALUES('E4000058B', TRUE, 'CS4215', 'AY 16/17 Sem 1');
INSERT INTO studentPlans VALUES('E4000058B', FALSE, 'CS4235', 'AY 16/17 Sem 2');
INSERT INTO studentPlans VALUES('E4000058B', FALSE, 'CS4246', 'AY 16/17 Sem 2');
INSERT INTO studentPlans VALUES('E4000058B', FALSE, 'CS4241', 'AY 16/17 Sem 2');
INSERT INTO studentPlans VALUES('E4000058B', FALSE, 'CS4240', 'AY 16/17 Sem 2');
INSERT INTO studentPlans VALUES('E4000058B', FALSE, 'CS4211', 'AY 16/17 Sem 2');

INSERT INTO student VALUES('E4000059B', 4);
INSERT INTO takesFocusArea VALUES('E4000059B', 'Computer Graphics and Games', NULL);
INSERT INTO studentPlans VALUES('E4000059B', TRUE, 'CS4271', 'AY 16/17 Sem 1');
INSERT INTO studentPlans VALUES('E4000059B', TRUE, 'CS4240', 'AY 16/17 Sem 1');
INSERT INTO studentPlans VALUES('E4000059B', TRUE, 'CS4221', 'AY 16/17 Sem 1');
INSERT INTO studentPlans VALUES('E4000059B', TRUE, 'CS4237', 'AY 16/17 Sem 1');
INSERT INTO studentPlans VALUES('E4000059B', TRUE, 'CS4220', 'AY 16/17 Sem 1');
INSERT INTO studentPlans VALUES('E4000059B', FALSE, 'CS4226', 'AY 16/17 Sem 2');
INSERT INTO studentPlans VALUES('E4000059B', FALSE, 'CS4249', 'AY 16/17 Sem 2');
INSERT INTO studentPlans VALUES('E4000059B', FALSE, 'CS4243', 'AY 16/17 Sem 2');
INSERT INTO studentPlans VALUES('E4000059B', FALSE, 'CS4344', 'AY 16/17 Sem 2');
INSERT INTO studentPlans VALUES('E4000059B', FALSE, 'CS4242', 'AY 16/17 Sem 2');

INSERT INTO student VALUES('E4000060B', 4);
INSERT INTO takesFocusArea VALUES('E4000060B', 'Artificial Intelligence', NULL);
INSERT INTO studentPlans VALUES('E4000060B', TRUE, 'CS4232', 'AY 16/17 Sem 1');
INSERT INTO studentPlans VALUES('E4000060B', TRUE, 'CS5214', 'AY 16/17 Sem 1');
INSERT INTO studentPlans VALUES('E4000060B', TRUE, 'CS4344', 'AY 16/17 Sem 1');
INSERT INTO studentPlans VALUES('E4000060B', TRUE, 'CS5234', 'AY 16/17 Sem 1');
INSERT INTO studentPlans VALUES('E4000060B', TRUE, 'CS4222', 'AY 16/17 Sem 1');
INSERT INTO studentPlans VALUES('E4000060B', FALSE, 'CS4246', 'AY 16/17 Sem 2');
INSERT INTO studentPlans VALUES('E4000060B', FALSE, 'CS4218', 'AY 16/17 Sem 2');
INSERT INTO studentPlans VALUES('E4000060B', FALSE, 'CS4243', 'AY 16/17 Sem 2');
INSERT INTO studentPlans VALUES('E4000060B', FALSE, 'CS4234', 'AY 16/17 Sem 2');
INSERT INTO studentPlans VALUES('E4000060B', FALSE, 'CS5246', 'AY 16/17 Sem 2');

INSERT INTO student VALUES('E4000061B', 4);
INSERT INTO takesFocusArea VALUES('E4000061B', 'Visual Computing', NULL);
INSERT INTO studentPlans VALUES('E4000061B', TRUE, 'CS4237', 'AY 16/17 Sem 1');
INSERT INTO studentPlans VALUES('E4000061B', TRUE, 'CS4241', 'AY 16/17 Sem 1');
INSERT INTO studentPlans VALUES('E4000061B', TRUE, 'CS4340', 'AY 16/17 Sem 1');
INSERT INTO studentPlans VALUES('E4000061B', TRUE, 'CS4232', 'AY 16/17 Sem 1');
INSERT INTO studentPlans VALUES('E4000061B', TRUE, 'CS4212', 'AY 16/17 Sem 1');
INSERT INTO studentPlans VALUES('E4000061B', FALSE, 'CS5249', 'AY 16/17 Sem 2');
INSERT INTO studentPlans VALUES('E4000061B', FALSE, 'CS4271', 'AY 16/17 Sem 2');
INSERT INTO studentPlans VALUES('E4000061B', FALSE, 'CP4101', 'AY 16/17 Sem 2');
INSERT INTO studentPlans VALUES('E4000061B', FALSE, 'CS4350', 'AY 16/17 Sem 2');
INSERT INTO studentPlans VALUES('E4000061B', FALSE, 'CS4236', 'AY 16/17 Sem 2');

INSERT INTO student VALUES('E4000062B', 4);
INSERT INTO takesFocusArea VALUES('E4000062B', 'Visual Computing', NULL);
INSERT INTO studentPlans VALUES('E4000062B', TRUE, 'CS4215', 'AY 16/17 Sem 1');
INSERT INTO studentPlans VALUES('E4000062B', TRUE, 'CP4101', 'AY 16/17 Sem 1');
INSERT INTO studentPlans VALUES('E4000062B', TRUE, 'CS4221', 'AY 16/17 Sem 1');
INSERT INTO studentPlans VALUES('E4000062B', TRUE, 'CS4222', 'AY 16/17 Sem 1');
INSERT INTO studentPlans VALUES('E4000062B', TRUE, 'CS4216', 'AY 16/17 Sem 1');
INSERT INTO studentPlans VALUES('E4000062B', FALSE, 'CS5226', 'AY 16/17 Sem 2');
INSERT INTO studentPlans VALUES('E4000062B', FALSE, 'CS5248', 'AY 16/17 Sem 2');
INSERT INTO studentPlans VALUES('E4000062B', FALSE, 'CS4880', 'AY 16/17 Sem 2');
INSERT INTO studentPlans VALUES('E4000062B', FALSE, 'CS4237', 'AY 16/17 Sem 2');
INSERT INTO studentPlans VALUES('E4000062B', FALSE, 'CS4243', 'AY 16/17 Sem 2');

INSERT INTO student VALUES('E4000063B', 4);
INSERT INTO takesFocusArea VALUES('E4000063B', 'Algorithms & Theory', NULL);
INSERT INTO studentPlans VALUES('E4000063B', TRUE, 'CS4350', 'AY 16/17 Sem 1');
INSERT INTO studentPlans VALUES('E4000063B', TRUE, 'CS4275', 'AY 16/17 Sem 1');
INSERT INTO studentPlans VALUES('E4000063B', TRUE, 'CS4236', 'AY 16/17 Sem 1');
INSERT INTO studentPlans VALUES('E4000063B', TRUE, 'CS4216', 'AY 16/17 Sem 1');
INSERT INTO studentPlans VALUES('E4000063B', TRUE, 'CS4344', 'AY 16/17 Sem 1');
INSERT INTO studentPlans VALUES('E4000063B', FALSE, 'CS4271', 'AY 16/17 Sem 2');
INSERT INTO studentPlans VALUES('E4000063B', FALSE, 'CS5218', 'AY 16/17 Sem 2');
INSERT INTO studentPlans VALUES('E4000063B', FALSE, 'CS4340', 'AY 16/17 Sem 2');
INSERT INTO studentPlans VALUES('E4000063B', FALSE, 'CS4217', 'AY 16/17 Sem 2');
INSERT INTO studentPlans VALUES('E4000063B', FALSE, 'CS5229', 'AY 16/17 Sem 2');

INSERT INTO student VALUES('E4000064B', 4);
INSERT INTO takesFocusArea VALUES('E4000064B', 'Computer Security', NULL);
INSERT INTO studentPlans VALUES('E4000064B', TRUE, 'CS4217', 'AY 16/17 Sem 1');
INSERT INTO studentPlans VALUES('E4000064B', TRUE, 'CS4212', 'AY 16/17 Sem 1');
INSERT INTO studentPlans VALUES('E4000064B', TRUE, 'CS4242', 'AY 16/17 Sem 1');
INSERT INTO studentPlans VALUES('E4000064B', TRUE, 'CS4350', 'AY 16/17 Sem 1');
INSERT INTO studentPlans VALUES('E4000064B', TRUE, 'CS4214', 'AY 16/17 Sem 1');
INSERT INTO studentPlans VALUES('E4000064B', FALSE, 'CS4246', 'AY 16/17 Sem 2');
INSERT INTO studentPlans VALUES('E4000064B', FALSE, 'CS4248', 'AY 16/17 Sem 2');
INSERT INTO studentPlans VALUES('E4000064B', FALSE, 'CS4216', 'AY 16/17 Sem 2');
INSERT INTO studentPlans VALUES('E4000064B', FALSE, 'CS5250', 'AY 16/17 Sem 2');
INSERT INTO studentPlans VALUES('E4000064B', FALSE, 'CS4221', 'AY 16/17 Sem 2');

INSERT INTO student VALUES('E4000065B', 4);
INSERT INTO takesFocusArea VALUES('E4000065B', 'Parallel Computing', NULL);
INSERT INTO studentPlans VALUES('E4000065B', TRUE, 'CS4345', 'AY 16/17 Sem 1');
INSERT INTO studentPlans VALUES('E4000065B', TRUE, 'CS4238', 'AY 16/17 Sem 1');
INSERT INTO studentPlans VALUES('E4000065B', TRUE, 'CS4224', 'AY 16/17 Sem 1');
INSERT INTO studentPlans VALUES('E4000065B', TRUE, 'CS5226', 'AY 16/17 Sem 1');
INSERT INTO studentPlans VALUES('E4000065B', TRUE, 'CS4880', 'AY 16/17 Sem 1');
INSERT INTO studentPlans VALUES('E4000065B', FALSE, 'CS4212', 'AY 16/17 Sem 2');
INSERT INTO studentPlans VALUES('E4000065B', FALSE, 'CS4234', 'AY 16/17 Sem 2');
INSERT INTO studentPlans VALUES('E4000065B', FALSE, 'CS4236', 'AY 16/17 Sem 2');
INSERT INTO studentPlans VALUES('E4000065B', FALSE, 'CS4239', 'AY 16/17 Sem 2');
INSERT INTO studentPlans VALUES('E4000065B', FALSE, 'CS5236', 'AY 16/17 Sem 2');

INSERT INTO student VALUES('E4000066B', 4);
INSERT INTO takesFocusArea VALUES('E4000066B', 'Parallel Computing', NULL);
INSERT INTO studentPlans VALUES('E4000066B', TRUE, 'CP5100', 'AY 16/17 Sem 1');
INSERT INTO studentPlans VALUES('E4000066B', TRUE, 'CS4232', 'AY 16/17 Sem 1');
INSERT INTO studentPlans VALUES('E4000066B', TRUE, 'CS4247', 'AY 16/17 Sem 1');
INSERT INTO studentPlans VALUES('E4000066B', TRUE, 'CS4221', 'AY 16/17 Sem 1');
INSERT INTO studentPlans VALUES('E4000066B', TRUE, 'CS4215', 'AY 16/17 Sem 1');
INSERT INTO studentPlans VALUES('E4000066B', FALSE, 'CS4344', 'AY 16/17 Sem 2');
INSERT INTO studentPlans VALUES('E4000066B', FALSE, 'CS4225', 'AY 16/17 Sem 2');
INSERT INTO studentPlans VALUES('E4000066B', FALSE, 'CS4236', 'AY 16/17 Sem 2');
INSERT INTO studentPlans VALUES('E4000066B', FALSE, 'CS4239', 'AY 16/17 Sem 2');
INSERT INTO studentPlans VALUES('E4000066B', FALSE, 'CS4224', 'AY 16/17 Sem 2');

INSERT INTO student VALUES('E4000067B', 4);
INSERT INTO takesFocusArea VALUES('E4000067B', 'Parallel Computing', NULL);
INSERT INTO studentPlans VALUES('E4000067B', TRUE, 'CS5242', 'AY 16/17 Sem 1');
INSERT INTO studentPlans VALUES('E4000067B', TRUE, 'XFC4101', 'AY 16/17 Sem 1');
INSERT INTO studentPlans VALUES('E4000067B', TRUE, 'CS4236', 'AY 16/17 Sem 1');
INSERT INTO studentPlans VALUES('E4000067B', TRUE, 'CS4220', 'AY 16/17 Sem 1');
INSERT INTO studentPlans VALUES('E4000067B', TRUE, 'CS4214', 'AY 16/17 Sem 1');
INSERT INTO studentPlans VALUES('E4000067B', FALSE, 'CS4237', 'AY 16/17 Sem 2');
INSERT INTO studentPlans VALUES('E4000067B', FALSE, 'CS4238', 'AY 16/17 Sem 2');
INSERT INTO studentPlans VALUES('E4000067B', FALSE, 'CS4345', 'AY 16/17 Sem 2');
INSERT INTO studentPlans VALUES('E4000067B', FALSE, 'CS4231', 'AY 16/17 Sem 2');
INSERT INTO studentPlans VALUES('E4000067B', FALSE, 'CS4218', 'AY 16/17 Sem 2');

INSERT INTO student VALUES('E4000068B', 4);
INSERT INTO takesFocusArea VALUES('E4000068B', 'Multimedia Information Retrieval', NULL);
INSERT INTO studentPlans VALUES('E4000068B', TRUE, 'CS4226', 'AY 16/17 Sem 1');
INSERT INTO studentPlans VALUES('E4000068B', TRUE, 'CS5250', 'AY 16/17 Sem 1');
INSERT INTO studentPlans VALUES('E4000068B', TRUE, 'CS4243', 'AY 16/17 Sem 1');
INSERT INTO studentPlans VALUES('E4000068B', TRUE, 'CS4248', 'AY 16/17 Sem 1');
INSERT INTO studentPlans VALUES('E4000068B', TRUE, 'CS4232', 'AY 16/17 Sem 1');
INSERT INTO studentPlans VALUES('E4000068B', FALSE, 'CS4242', 'AY 16/17 Sem 2');
INSERT INTO studentPlans VALUES('E4000068B', FALSE, 'CS4350', 'AY 16/17 Sem 2');
INSERT INTO studentPlans VALUES('E4000068B', FALSE, 'CS4880', 'AY 16/17 Sem 2');
INSERT INTO studentPlans VALUES('E4000068B', FALSE, 'CS4275', 'AY 16/17 Sem 2');
INSERT INTO studentPlans VALUES('E4000068B', FALSE, 'CS5330', 'AY 16/17 Sem 2');

INSERT INTO student VALUES('E4000069B', 4);
INSERT INTO takesFocusArea VALUES('E4000069B', 'Software Engineering', NULL);
INSERT INTO studentPlans VALUES('E4000069B', TRUE, 'CS4226', 'AY 16/17 Sem 1');
INSERT INTO studentPlans VALUES('E4000069B', TRUE, 'CS4347', 'AY 16/17 Sem 1');
INSERT INTO studentPlans VALUES('E4000069B', TRUE, 'CS5240', 'AY 16/17 Sem 1');
INSERT INTO studentPlans VALUES('E4000069B', TRUE, 'CS4223', 'AY 16/17 Sem 1');
INSERT INTO studentPlans VALUES('E4000069B', TRUE, 'CS4225', 'AY 16/17 Sem 1');
INSERT INTO studentPlans VALUES('E4000069B', FALSE, 'CS4246', 'AY 16/17 Sem 2');
INSERT INTO studentPlans VALUES('E4000069B', FALSE, 'CS4271', 'AY 16/17 Sem 2');
INSERT INTO studentPlans VALUES('E4000069B', FALSE, 'CS4244', 'AY 16/17 Sem 2');
INSERT INTO studentPlans VALUES('E4000069B', FALSE, 'CS5236', 'AY 16/17 Sem 2');
INSERT INTO studentPlans VALUES('E4000069B', FALSE, 'CS4236', 'AY 16/17 Sem 2');

INSERT INTO student VALUES('E4000070B', 4);
INSERT INTO takesFocusArea VALUES('E4000070B', 'Visual Computing', NULL);
INSERT INTO studentPlans VALUES('E4000070B', TRUE, 'CS4242', 'AY 16/17 Sem 1');
INSERT INTO studentPlans VALUES('E4000070B', TRUE, 'CS4249', 'AY 16/17 Sem 1');
INSERT INTO studentPlans VALUES('E4000070B', TRUE, 'CS4220', 'AY 16/17 Sem 1');
INSERT INTO studentPlans VALUES('E4000070B', TRUE, 'CS4880', 'AY 16/17 Sem 1');
INSERT INTO studentPlans VALUES('E4000070B', TRUE, 'CS4345', 'AY 16/17 Sem 1');
INSERT INTO studentPlans VALUES('E4000070B', FALSE, 'CS4275', 'AY 16/17 Sem 2');
INSERT INTO studentPlans VALUES('E4000070B', FALSE, 'CS4347', 'AY 16/17 Sem 2');
INSERT INTO studentPlans VALUES('E4000070B', FALSE, 'CS4350', 'AY 16/17 Sem 2');
INSERT INTO studentPlans VALUES('E4000070B', FALSE, 'CS4212', 'AY 16/17 Sem 2');
INSERT INTO studentPlans VALUES('E4000070B', FALSE, 'CS4234', 'AY 16/17 Sem 2');

INSERT INTO student VALUES('E4000071B', 4);
INSERT INTO takesFocusArea VALUES('E4000071B', 'Computer Graphics and Games', NULL);
INSERT INTO studentPlans VALUES('E4000071B', TRUE, 'CS4224', 'AY 16/17 Sem 1');
INSERT INTO studentPlans VALUES('E4000071B', TRUE, 'CS4249', 'AY 16/17 Sem 1');
INSERT INTO studentPlans VALUES('E4000071B', TRUE, 'CS4345', 'AY 16/17 Sem 1');
INSERT INTO studentPlans VALUES('E4000071B', TRUE, 'CS5232', 'AY 16/17 Sem 1');
INSERT INTO studentPlans VALUES('E4000071B', TRUE, 'CS5272', 'AY 16/17 Sem 1');
INSERT INTO studentPlans VALUES('E4000071B', FALSE, 'CS4231', 'AY 16/17 Sem 2');
INSERT INTO studentPlans VALUES('E4000071B', FALSE, 'CS5219', 'AY 16/17 Sem 2');
INSERT INTO studentPlans VALUES('E4000071B', FALSE, 'CS5236', 'AY 16/17 Sem 2');
INSERT INTO studentPlans VALUES('E4000071B', FALSE, 'CS4344', 'AY 16/17 Sem 2');
INSERT INTO studentPlans VALUES('E4000071B', FALSE, 'CS4235', 'AY 16/17 Sem 2');

INSERT INTO student VALUES('E4000072B', 4);
INSERT INTO takesFocusArea VALUES('E4000072B', 'Programming Languages', NULL);
INSERT INTO studentPlans VALUES('E4000072B', TRUE, 'CS4249', 'AY 16/17 Sem 1');
INSERT INTO studentPlans VALUES('E4000072B', TRUE, 'CS5240', 'AY 16/17 Sem 1');
INSERT INTO studentPlans VALUES('E4000072B', TRUE, 'CS5345', 'AY 16/17 Sem 1');
INSERT INTO studentPlans VALUES('E4000072B', TRUE, 'CS4244', 'AY 16/17 Sem 1');
INSERT INTO studentPlans VALUES('E4000072B', TRUE, 'CS5249', 'AY 16/17 Sem 1');
INSERT INTO studentPlans VALUES('E4000072B', FALSE, 'CS4246', 'AY 16/17 Sem 2');
INSERT INTO studentPlans VALUES('E4000072B', FALSE, 'CS4220', 'AY 16/17 Sem 2');
INSERT INTO studentPlans VALUES('E4000072B', FALSE, 'CS4340', 'AY 16/17 Sem 2');
INSERT INTO studentPlans VALUES('E4000072B', FALSE, 'CS4237', 'AY 16/17 Sem 2');
INSERT INTO studentPlans VALUES('E4000072B', FALSE, 'CS4345', 'AY 16/17 Sem 2');

INSERT INTO student VALUES('E4000073B', 4);
INSERT INTO takesFocusArea VALUES('E4000073B', 'Computer Security', NULL);
INSERT INTO studentPlans VALUES('E4000073B', TRUE, 'CS4240', 'AY 16/17 Sem 1');
INSERT INTO studentPlans VALUES('E4000073B', TRUE, 'CS5218', 'AY 16/17 Sem 1');
INSERT INTO studentPlans VALUES('E4000073B', TRUE, 'CS4224', 'AY 16/17 Sem 1');
INSERT INTO studentPlans VALUES('E4000073B', TRUE, 'CS4235', 'AY 16/17 Sem 1');
INSERT INTO studentPlans VALUES('E4000073B', TRUE, 'CS4242', 'AY 16/17 Sem 1');
INSERT INTO studentPlans VALUES('E4000073B', FALSE, 'CS4220', 'AY 16/17 Sem 2');
INSERT INTO studentPlans VALUES('E4000073B', FALSE, 'CS4234', 'AY 16/17 Sem 2');
INSERT INTO studentPlans VALUES('E4000073B', FALSE, 'CS4239', 'AY 16/17 Sem 2');
INSERT INTO studentPlans VALUES('E4000073B', FALSE, 'CS4344', 'AY 16/17 Sem 2');
INSERT INTO studentPlans VALUES('E4000073B', FALSE, 'CS4212', 'AY 16/17 Sem 2');

INSERT INTO student VALUES('E4000074B', 4);
INSERT INTO takesFocusArea VALUES('E4000074B', 'Software Engineering', NULL);
INSERT INTO studentPlans VALUES('E4000074B', TRUE, 'CS4224', 'AY 16/17 Sem 1');
INSERT INTO studentPlans VALUES('E4000074B', TRUE, 'CS4234', 'AY 16/17 Sem 1');
INSERT INTO studentPlans VALUES('E4000074B', TRUE, 'CS4235', 'AY 16/17 Sem 1');
INSERT INTO studentPlans VALUES('E4000074B', TRUE, 'CS4218', 'AY 16/17 Sem 1');
INSERT INTO studentPlans VALUES('E4000074B', TRUE, 'CS5228', 'AY 16/17 Sem 1');
INSERT INTO studentPlans VALUES('E4000074B', FALSE, 'CS4244', 'AY 16/17 Sem 2');
INSERT INTO studentPlans VALUES('E4000074B', FALSE, 'CS4340', 'AY 16/17 Sem 2');
INSERT INTO studentPlans VALUES('E4000074B', FALSE, 'CS5215', 'AY 16/17 Sem 2');
INSERT INTO studentPlans VALUES('E4000074B', FALSE, 'CS4241', 'AY 16/17 Sem 2');
INSERT INTO studentPlans VALUES('E4000074B', FALSE, 'CS4271', 'AY 16/17 Sem 2');

