INSERT INTO student VALUES('D1000000B', 1);
INSERT INTO takesFocusArea VALUES('D1000000B', 'Multimedia Information Retrieval', NULL);
INSERT INTO studentPlans VALUES('D1000000B', TRUE, 'CG1001', 'AY 16/17 Sem 1');
INSERT INTO studentPlans VALUES('D1000000B', TRUE, 'FMC1204', 'AY 16/17 Sem 1');
INSERT INTO studentPlans VALUES('D1000000B', TRUE, 'IT1001', 'AY 16/17 Sem 1');
INSERT INTO studentPlans VALUES('D1000000B', TRUE, 'CS1101S', 'AY 16/17 Sem 1');
INSERT INTO studentPlans VALUES('D1000000B', TRUE, 'FMC1203', 'AY 16/17 Sem 1');
INSERT INTO studentPlans VALUES('D1000000B', FALSE, 'GET1031', 'AY 16/17 Sem 2');
INSERT INTO studentPlans VALUES('D1000000B', FALSE, 'CS1020E', 'AY 16/17 Sem 2');
INSERT INTO studentPlans VALUES('D1000000B', FALSE, 'IT1006', 'AY 16/17 Sem 2');
INSERT INTO studentPlans VALUES('D1000000B', FALSE, 'CS1010E', 'AY 16/17 Sem 2');
INSERT INTO studentPlans VALUES('D1000000B', FALSE, 'FMC1202', 'AY 16/17 Sem 2');
INSERT INTO studentPlans VALUES('D1000000B', FALSE, 'CS2020', 'AY 17/18 Sem 1');
INSERT INTO studentPlans VALUES('D1000000B', FALSE, 'CS2100', 'AY 17/18 Sem 1');
INSERT INTO studentPlans VALUES('D1000000B', FALSE, 'CS2103', 'AY 17/18 Sem 1');
INSERT INTO studentPlans VALUES('D1000000B', FALSE, 'CS2010', 'AY 17/18 Sem 1');
INSERT INTO studentPlans VALUES('D1000000B', FALSE, 'CS2105', 'AY 17/18 Sem 1');
INSERT INTO studentPlans VALUES('D1000000B', FALSE, 'IT2001', 'AY 17/18 Sem 2');
INSERT INTO studentPlans VALUES('D1000000B', FALSE, 'IT2002', 'AY 17/18 Sem 2');
INSERT INTO studentPlans VALUES('D1000000B', FALSE, 'CS2309', 'AY 17/18 Sem 2');
INSERT INTO studentPlans VALUES('D1000000B', FALSE, 'CG2271', 'AY 17/18 Sem 2');
INSERT INTO studentPlans VALUES('D1000000B', FALSE, 'CS2108', 'AY 17/18 Sem 2');

INSERT INTO student VALUES('D1000001B', 1);
INSERT INTO takesFocusArea VALUES('D1000001B', 'Software Engineering', NULL);
INSERT INTO studentPlans VALUES('D1000001B', TRUE, 'CS1280', 'AY 16/17 Sem 1');
INSERT INTO studentPlans VALUES('D1000001B', TRUE, 'FMC1204', 'AY 16/17 Sem 1');
INSERT INTO studentPlans VALUES('D1000001B', TRUE, 'CS1010X', 'AY 16/17 Sem 1');
INSERT INTO studentPlans VALUES('D1000001B', TRUE, 'CS1281', 'AY 16/17 Sem 1');
INSERT INTO studentPlans VALUES('D1000001B', TRUE, 'CS1010J', 'AY 16/17 Sem 1');
INSERT INTO studentPlans VALUES('D1000001B', FALSE, 'IT1003', 'AY 16/17 Sem 2');
INSERT INTO studentPlans VALUES('D1000001B', FALSE, 'IT1006', 'AY 16/17 Sem 2');
INSERT INTO studentPlans VALUES('D1000001B', FALSE, 'CG1001', 'AY 16/17 Sem 2');
INSERT INTO studentPlans VALUES('D1000001B', FALSE, 'CS1010', 'AY 16/17 Sem 2');
INSERT INTO studentPlans VALUES('D1000001B', FALSE, 'GET1031', 'AY 16/17 Sem 2');
INSERT INTO studentPlans VALUES('D1000001B', FALSE, 'CS2100', 'AY 17/18 Sem 1');
INSERT INTO studentPlans VALUES('D1000001B', FALSE, 'CS2105', 'AY 17/18 Sem 1');
INSERT INTO studentPlans VALUES('D1000001B', FALSE, 'CS2103', 'AY 17/18 Sem 1');
INSERT INTO studentPlans VALUES('D1000001B', FALSE, 'CP2201', 'AY 17/18 Sem 1');
INSERT INTO studentPlans VALUES('D1000001B', FALSE, 'CS2281', 'AY 17/18 Sem 1');
INSERT INTO studentPlans VALUES('D1000001B', FALSE, 'CS2108', 'AY 17/18 Sem 2');
INSERT INTO studentPlans VALUES('D1000001B', FALSE, 'CG2271', 'AY 17/18 Sem 2');
INSERT INTO studentPlans VALUES('D1000001B', FALSE, 'IT2002', 'AY 17/18 Sem 2');
INSERT INTO studentPlans VALUES('D1000001B', FALSE, 'CS2102', 'AY 17/18 Sem 2');
INSERT INTO studentPlans VALUES('D1000001B', FALSE, 'CS2107', 'AY 17/18 Sem 2');

INSERT INTO student VALUES('D1000002B', 1);
INSERT INTO takesFocusArea VALUES('D1000002B', 'Database Systems', NULL);
INSERT INTO studentPlans VALUES('D1000002B', TRUE, 'IT1801', 'AY 16/17 Sem 1');
INSERT INTO studentPlans VALUES('D1000002B', TRUE, 'FMC1204', 'AY 16/17 Sem 1');
INSERT INTO studentPlans VALUES('D1000002B', TRUE, 'CS1102C', 'AY 16/17 Sem 1');
INSERT INTO studentPlans VALUES('D1000002B', TRUE, 'CS1010S', 'AY 16/17 Sem 1');
INSERT INTO studentPlans VALUES('D1000002B', TRUE, 'CS1010J', 'AY 16/17 Sem 1');
INSERT INTO studentPlans VALUES('D1000002B', FALSE, 'CS1010E', 'AY 16/17 Sem 2');
INSERT INTO studentPlans VALUES('D1000002B', FALSE, 'IT1004', 'AY 16/17 Sem 2');
INSERT INTO studentPlans VALUES('D1000002B', FALSE, 'FMC1205', 'AY 16/17 Sem 2');
INSERT INTO studentPlans VALUES('D1000002B', FALSE, 'IT1006', 'AY 16/17 Sem 2');
INSERT INTO studentPlans VALUES('D1000002B', FALSE, 'CG1001', 'AY 16/17 Sem 2');
INSERT INTO studentPlans VALUES('D1000002B', FALSE, 'IT2002', 'AY 17/18 Sem 1');
INSERT INTO studentPlans VALUES('D1000002B', FALSE, 'CS2101', 'AY 17/18 Sem 1');
INSERT INTO studentPlans VALUES('D1000002B', FALSE, 'CP2201', 'AY 17/18 Sem 1');
INSERT INTO studentPlans VALUES('D1000002B', FALSE, 'CS2271', 'AY 17/18 Sem 1');
INSERT INTO studentPlans VALUES('D1000002B', FALSE, 'CS2010', 'AY 17/18 Sem 1');
INSERT INTO studentPlans VALUES('D1000002B', FALSE, 'CS2104', 'AY 17/18 Sem 2');
INSERT INTO studentPlans VALUES('D1000002B', FALSE, 'CG2271', 'AY 17/18 Sem 2');
INSERT INTO studentPlans VALUES('D1000002B', FALSE, 'CS2103', 'AY 17/18 Sem 2');
INSERT INTO studentPlans VALUES('D1000002B', FALSE, 'CS2106', 'AY 17/18 Sem 2');
INSERT INTO studentPlans VALUES('D1000002B', FALSE, 'CS2020', 'AY 17/18 Sem 2');

INSERT INTO student VALUES('D1000003B', 1);
INSERT INTO takesFocusArea VALUES('D1000003B', 'Software Engineering', NULL);
INSERT INTO studentPlans VALUES('D1000003B', TRUE, 'CS1020E', 'AY 16/17 Sem 1');
INSERT INTO studentPlans VALUES('D1000003B', TRUE, 'IT1801', 'AY 16/17 Sem 1');
INSERT INTO studentPlans VALUES('D1000003B', TRUE, 'CS1010E', 'AY 16/17 Sem 1');
INSERT INTO studentPlans VALUES('D1000003B', TRUE, 'IT1002', 'AY 16/17 Sem 1');
INSERT INTO studentPlans VALUES('D1000003B', TRUE, 'FMC1205', 'AY 16/17 Sem 1');
INSERT INTO studentPlans VALUES('D1000003B', FALSE, 'GEM1501', 'AY 16/17 Sem 2');
INSERT INTO studentPlans VALUES('D1000003B', FALSE, 'FMC1202', 'AY 16/17 Sem 2');
INSERT INTO studentPlans VALUES('D1000003B', FALSE, 'CS1231', 'AY 16/17 Sem 2');
INSERT INTO studentPlans VALUES('D1000003B', FALSE, 'CG1001', 'AY 16/17 Sem 2');
INSERT INTO studentPlans VALUES('D1000003B', FALSE, 'CS1281', 'AY 16/17 Sem 2');
INSERT INTO studentPlans VALUES('D1000003B', FALSE, 'IT2001', 'AY 17/18 Sem 1');
INSERT INTO studentPlans VALUES('D1000003B', FALSE, 'CS2020', 'AY 17/18 Sem 1');
INSERT INTO studentPlans VALUES('D1000003B', FALSE, 'CG2271', 'AY 17/18 Sem 1');
INSERT INTO studentPlans VALUES('D1000003B', FALSE, 'CS2101', 'AY 17/18 Sem 1');
INSERT INTO studentPlans VALUES('D1000003B', FALSE, 'CS2281', 'AY 17/18 Sem 1');
INSERT INTO studentPlans VALUES('D1000003B', FALSE, 'CS2107', 'AY 17/18 Sem 2');
INSERT INTO studentPlans VALUES('D1000003B', FALSE, 'CS2309', 'AY 17/18 Sem 2');
INSERT INTO studentPlans VALUES('D1000003B', FALSE, 'CS2102', 'AY 17/18 Sem 2');
INSERT INTO studentPlans VALUES('D1000003B', FALSE, 'CS2220', 'AY 17/18 Sem 2');
INSERT INTO studentPlans VALUES('D1000003B', FALSE, 'CP2201', 'AY 17/18 Sem 2');

INSERT INTO student VALUES('D1000004B', 1);
INSERT INTO takesFocusArea VALUES('D1000004B', 'Parallel Computing', NULL);
INSERT INTO studentPlans VALUES('D1000004B', TRUE, 'CS1010J', 'AY 16/17 Sem 1');
INSERT INTO studentPlans VALUES('D1000004B', TRUE, 'IT1001', 'AY 16/17 Sem 1');
INSERT INTO studentPlans VALUES('D1000004B', TRUE, 'IT1003', 'AY 16/17 Sem 1');
INSERT INTO studentPlans VALUES('D1000004B', TRUE, 'FMC1202', 'AY 16/17 Sem 1');
INSERT INTO studentPlans VALUES('D1000004B', TRUE, 'FMC1203', 'AY 16/17 Sem 1');
INSERT INTO studentPlans VALUES('D1000004B', FALSE, 'CS1010E', 'AY 16/17 Sem 2');
INSERT INTO studentPlans VALUES('D1000004B', FALSE, 'CS1010S', 'AY 16/17 Sem 2');
INSERT INTO studentPlans VALUES('D1000004B', FALSE, 'CG1001', 'AY 16/17 Sem 2');
INSERT INTO studentPlans VALUES('D1000004B', FALSE, 'CS1101S', 'AY 16/17 Sem 2');
INSERT INTO studentPlans VALUES('D1000004B', FALSE, 'FMC1204', 'AY 16/17 Sem 2');
INSERT INTO studentPlans VALUES('D1000004B', FALSE, 'CS2105', 'AY 17/18 Sem 1');
INSERT INTO studentPlans VALUES('D1000004B', FALSE, 'CS2309', 'AY 17/18 Sem 1');
INSERT INTO studentPlans VALUES('D1000004B', FALSE, 'CS2107', 'AY 17/18 Sem 1');
INSERT INTO studentPlans VALUES('D1000004B', FALSE, 'CS2281', 'AY 17/18 Sem 1');
INSERT INTO studentPlans VALUES('D1000004B', FALSE, 'CS2103', 'AY 17/18 Sem 1');
INSERT INTO studentPlans VALUES('D1000004B', FALSE, 'CS2100', 'AY 17/18 Sem 2');
INSERT INTO studentPlans VALUES('D1000004B', FALSE, 'CS2108', 'AY 17/18 Sem 2');
INSERT INTO studentPlans VALUES('D1000004B', FALSE, 'CS2104', 'AY 17/18 Sem 2');
INSERT INTO studentPlans VALUES('D1000004B', FALSE, 'CS2103T', 'AY 17/18 Sem 2');
INSERT INTO studentPlans VALUES('D1000004B', FALSE, 'CS2102', 'AY 17/18 Sem 2');

INSERT INTO student VALUES('D1000005B', 1);
INSERT INTO takesFocusArea VALUES('D1000005B', 'Computer Security', NULL);
INSERT INTO studentPlans VALUES('D1000005B', TRUE, 'CS1010X', 'AY 16/17 Sem 1');
INSERT INTO studentPlans VALUES('D1000005B', TRUE, 'FMC1205', 'AY 16/17 Sem 1');
INSERT INTO studentPlans VALUES('D1000005B', TRUE, 'IT1006', 'AY 16/17 Sem 1');
INSERT INTO studentPlans VALUES('D1000005B', TRUE, 'IT1002', 'AY 16/17 Sem 1');
INSERT INTO studentPlans VALUES('D1000005B', TRUE, 'CS1102', 'AY 16/17 Sem 1');
INSERT INTO studentPlans VALUES('D1000005B', FALSE, 'FMC1203', 'AY 16/17 Sem 2');
INSERT INTO studentPlans VALUES('D1000005B', FALSE, 'IT1004', 'AY 16/17 Sem 2');
INSERT INTO studentPlans VALUES('D1000005B', FALSE, 'CS1280', 'AY 16/17 Sem 2');
INSERT INTO studentPlans VALUES('D1000005B', FALSE, 'FMC1204', 'AY 16/17 Sem 2');
INSERT INTO studentPlans VALUES('D1000005B', FALSE, 'GEM1501', 'AY 16/17 Sem 2');
INSERT INTO studentPlans VALUES('D1000005B', FALSE, 'CS2220', 'AY 17/18 Sem 1');
INSERT INTO studentPlans VALUES('D1000005B', FALSE, 'CS2281', 'AY 17/18 Sem 1');
INSERT INTO studentPlans VALUES('D1000005B', FALSE, 'CS2103T', 'AY 17/18 Sem 1');
INSERT INTO studentPlans VALUES('D1000005B', FALSE, 'CS2103', 'AY 17/18 Sem 1');
INSERT INTO studentPlans VALUES('D1000005B', FALSE, 'CS2105', 'AY 17/18 Sem 1');
INSERT INTO studentPlans VALUES('D1000005B', FALSE, 'CS2106', 'AY 17/18 Sem 2');
INSERT INTO studentPlans VALUES('D1000005B', FALSE, 'CS2102', 'AY 17/18 Sem 2');
INSERT INTO studentPlans VALUES('D1000005B', FALSE, 'CS2271', 'AY 17/18 Sem 2');
INSERT INTO studentPlans VALUES('D1000005B', FALSE, 'CS2107', 'AY 17/18 Sem 2');
INSERT INTO studentPlans VALUES('D1000005B', FALSE, 'CS2020', 'AY 17/18 Sem 2');

INSERT INTO student VALUES('D1000006B', 1);
INSERT INTO takesFocusArea VALUES('D1000006B', 'Software Engineering', NULL);
INSERT INTO studentPlans VALUES('D1000006B', TRUE, 'IT1006', 'AY 16/17 Sem 1');
INSERT INTO studentPlans VALUES('D1000006B', TRUE, 'GET1031', 'AY 16/17 Sem 1');
INSERT INTO studentPlans VALUES('D1000006B', TRUE, 'IT1002', 'AY 16/17 Sem 1');
INSERT INTO studentPlans VALUES('D1000006B', TRUE, 'CG1001', 'AY 16/17 Sem 1');
INSERT INTO studentPlans VALUES('D1000006B', TRUE, 'CS1281', 'AY 16/17 Sem 1');
INSERT INTO studentPlans VALUES('D1000006B', FALSE, 'FMC1202', 'AY 16/17 Sem 2');
INSERT INTO studentPlans VALUES('D1000006B', FALSE, 'IT1001', 'AY 16/17 Sem 2');
INSERT INTO studentPlans VALUES('D1000006B', FALSE, 'IT1005', 'AY 16/17 Sem 2');
INSERT INTO studentPlans VALUES('D1000006B', FALSE, 'CS1010J', 'AY 16/17 Sem 2');
INSERT INTO studentPlans VALUES('D1000006B', FALSE, 'CS1231', 'AY 16/17 Sem 2');
INSERT INTO studentPlans VALUES('D1000006B', FALSE, 'CS2271', 'AY 17/18 Sem 1');
INSERT INTO studentPlans VALUES('D1000006B', FALSE, 'IT2002', 'AY 17/18 Sem 1');
INSERT INTO studentPlans VALUES('D1000006B', FALSE, 'CS2020', 'AY 17/18 Sem 1');
INSERT INTO studentPlans VALUES('D1000006B', FALSE, 'CS2103T', 'AY 17/18 Sem 1');
INSERT INTO studentPlans VALUES('D1000006B', FALSE, 'CS2103', 'AY 17/18 Sem 1');
INSERT INTO studentPlans VALUES('D1000006B', FALSE, 'IT2001', 'AY 17/18 Sem 2');
INSERT INTO studentPlans VALUES('D1000006B', FALSE, 'CS2102', 'AY 17/18 Sem 2');
INSERT INTO studentPlans VALUES('D1000006B', FALSE, 'CS2105', 'AY 17/18 Sem 2');
INSERT INTO studentPlans VALUES('D1000006B', FALSE, 'CS2220', 'AY 17/18 Sem 2');
INSERT INTO studentPlans VALUES('D1000006B', FALSE, 'CS2101', 'AY 17/18 Sem 2');

INSERT INTO student VALUES('D1000007B', 1);
INSERT INTO takesFocusArea VALUES('D1000007B', 'Software Engineering', NULL);
INSERT INTO studentPlans VALUES('D1000007B', TRUE, 'CS1010', 'AY 16/17 Sem 1');
INSERT INTO studentPlans VALUES('D1000007B', TRUE, 'IT1004', 'AY 16/17 Sem 1');
INSERT INTO studentPlans VALUES('D1000007B', TRUE, 'GEM1501', 'AY 16/17 Sem 1');
INSERT INTO studentPlans VALUES('D1000007B', TRUE, 'CS1102', 'AY 16/17 Sem 1');
INSERT INTO studentPlans VALUES('D1000007B', TRUE, 'CS1020', 'AY 16/17 Sem 1');
INSERT INTO studentPlans VALUES('D1000007B', FALSE, 'CS1010S', 'AY 16/17 Sem 2');
INSERT INTO studentPlans VALUES('D1000007B', FALSE, 'CG1001', 'AY 16/17 Sem 2');
INSERT INTO studentPlans VALUES('D1000007B', FALSE, 'IT1801', 'AY 16/17 Sem 2');
INSERT INTO studentPlans VALUES('D1000007B', FALSE, 'CS1010X', 'AY 16/17 Sem 2');
INSERT INTO studentPlans VALUES('D1000007B', FALSE, 'FMC1205', 'AY 16/17 Sem 2');
INSERT INTO studentPlans VALUES('D1000007B', FALSE, 'CS2271', 'AY 17/18 Sem 1');
INSERT INTO studentPlans VALUES('D1000007B', FALSE, 'CS2103T', 'AY 17/18 Sem 1');
INSERT INTO studentPlans VALUES('D1000007B', FALSE, 'CS2107', 'AY 17/18 Sem 1');
INSERT INTO studentPlans VALUES('D1000007B', FALSE, 'CS2220', 'AY 17/18 Sem 1');
INSERT INTO studentPlans VALUES('D1000007B', FALSE, 'CS2101', 'AY 17/18 Sem 1');
INSERT INTO studentPlans VALUES('D1000007B', FALSE, 'CP2201', 'AY 17/18 Sem 2');
INSERT INTO studentPlans VALUES('D1000007B', FALSE, 'CS2281', 'AY 17/18 Sem 2');
INSERT INTO studentPlans VALUES('D1000007B', FALSE, 'IT2001', 'AY 17/18 Sem 2');
INSERT INTO studentPlans VALUES('D1000007B', FALSE, 'CS2106', 'AY 17/18 Sem 2');
INSERT INTO studentPlans VALUES('D1000007B', FALSE, 'IT2002', 'AY 17/18 Sem 2');

INSERT INTO student VALUES('D1000008B', 1);
INSERT INTO takesFocusArea VALUES('D1000008B', 'Visual Computing', NULL);
INSERT INTO studentPlans VALUES('D1000008B', TRUE, 'CS1010X', 'AY 16/17 Sem 1');
INSERT INTO studentPlans VALUES('D1000008B', TRUE, 'CS1102C', 'AY 16/17 Sem 1');
INSERT INTO studentPlans VALUES('D1000008B', TRUE, 'FMC1204', 'AY 16/17 Sem 1');
INSERT INTO studentPlans VALUES('D1000008B', TRUE, 'CS1280', 'AY 16/17 Sem 1');
INSERT INTO studentPlans VALUES('D1000008B', TRUE, 'GEM1501', 'AY 16/17 Sem 1');
INSERT INTO studentPlans VALUES('D1000008B', FALSE, 'CS1010J', 'AY 16/17 Sem 2');
INSERT INTO studentPlans VALUES('D1000008B', FALSE, 'IT1004', 'AY 16/17 Sem 2');
INSERT INTO studentPlans VALUES('D1000008B', FALSE, 'CS1010S', 'AY 16/17 Sem 2');
INSERT INTO studentPlans VALUES('D1000008B', FALSE, 'IT1001', 'AY 16/17 Sem 2');
INSERT INTO studentPlans VALUES('D1000008B', FALSE, 'CS1281', 'AY 16/17 Sem 2');
INSERT INTO studentPlans VALUES('D1000008B', FALSE, 'CS2103', 'AY 17/18 Sem 1');
INSERT INTO studentPlans VALUES('D1000008B', FALSE, 'IT2001', 'AY 17/18 Sem 1');
INSERT INTO studentPlans VALUES('D1000008B', FALSE, 'CS2102', 'AY 17/18 Sem 1');
INSERT INTO studentPlans VALUES('D1000008B', FALSE, 'CS2100', 'AY 17/18 Sem 1');
INSERT INTO studentPlans VALUES('D1000008B', FALSE, 'CS2220', 'AY 17/18 Sem 1');
INSERT INTO studentPlans VALUES('D1000008B', FALSE, 'CS2010', 'AY 17/18 Sem 2');
INSERT INTO studentPlans VALUES('D1000008B', FALSE, 'CP2201', 'AY 17/18 Sem 2');
INSERT INTO studentPlans VALUES('D1000008B', FALSE, 'CS2101', 'AY 17/18 Sem 2');
INSERT INTO studentPlans VALUES('D1000008B', FALSE, 'CS2020', 'AY 17/18 Sem 2');
INSERT INTO studentPlans VALUES('D1000008B', FALSE, 'CG2271', 'AY 17/18 Sem 2');

INSERT INTO student VALUES('D1000009B', 1);
INSERT INTO takesFocusArea VALUES('D1000009B', 'Artificial Intelligence', NULL);
INSERT INTO studentPlans VALUES('D1000009B', TRUE, 'GEM1501', 'AY 16/17 Sem 1');
INSERT INTO studentPlans VALUES('D1000009B', TRUE, 'FMC1205', 'AY 16/17 Sem 1');
INSERT INTO studentPlans VALUES('D1000009B', TRUE, 'FMC1201', 'AY 16/17 Sem 1');
INSERT INTO studentPlans VALUES('D1000009B', TRUE, 'IT1005', 'AY 16/17 Sem 1');
INSERT INTO studentPlans VALUES('D1000009B', TRUE, 'IT1003', 'AY 16/17 Sem 1');
INSERT INTO studentPlans VALUES('D1000009B', FALSE, 'FMC1203', 'AY 16/17 Sem 2');
INSERT INTO studentPlans VALUES('D1000009B', FALSE, 'CS1010J', 'AY 16/17 Sem 2');
INSERT INTO studentPlans VALUES('D1000009B', FALSE, 'CS1231', 'AY 16/17 Sem 2');
INSERT INTO studentPlans VALUES('D1000009B', FALSE, 'CS1281', 'AY 16/17 Sem 2');
INSERT INTO studentPlans VALUES('D1000009B', FALSE, 'IT1801', 'AY 16/17 Sem 2');
INSERT INTO studentPlans VALUES('D1000009B', FALSE, 'CS2281', 'AY 17/18 Sem 1');
INSERT INTO studentPlans VALUES('D1000009B', FALSE, 'CS2271', 'AY 17/18 Sem 1');
INSERT INTO studentPlans VALUES('D1000009B', FALSE, 'CS2103', 'AY 17/18 Sem 1');
INSERT INTO studentPlans VALUES('D1000009B', FALSE, 'CS2105', 'AY 17/18 Sem 1');
INSERT INTO studentPlans VALUES('D1000009B', FALSE, 'CS2104', 'AY 17/18 Sem 1');
INSERT INTO studentPlans VALUES('D1000009B', FALSE, 'CS2100', 'AY 17/18 Sem 2');
INSERT INTO studentPlans VALUES('D1000009B', FALSE, 'CG2271', 'AY 17/18 Sem 2');
INSERT INTO studentPlans VALUES('D1000009B', FALSE, 'CS2103T', 'AY 17/18 Sem 2');
INSERT INTO studentPlans VALUES('D1000009B', FALSE, 'IT2001', 'AY 17/18 Sem 2');
INSERT INTO studentPlans VALUES('D1000009B', FALSE, 'CS2102', 'AY 17/18 Sem 2');

INSERT INTO student VALUES('D1000010B', 1);
INSERT INTO takesFocusArea VALUES('D1000010B', 'Programming Languages', NULL);
INSERT INTO studentPlans VALUES('D1000010B', TRUE, 'IT1002', 'AY 16/17 Sem 1');
INSERT INTO studentPlans VALUES('D1000010B', TRUE, 'CS1101S', 'AY 16/17 Sem 1');
INSERT INTO studentPlans VALUES('D1000010B', TRUE, 'CS1281', 'AY 16/17 Sem 1');
INSERT INTO studentPlans VALUES('D1000010B', TRUE, 'CS1102', 'AY 16/17 Sem 1');
INSERT INTO studentPlans VALUES('D1000010B', TRUE, 'GET1031', 'AY 16/17 Sem 1');
INSERT INTO studentPlans VALUES('D1000010B', FALSE, 'CS1010', 'AY 16/17 Sem 2');
INSERT INTO studentPlans VALUES('D1000010B', FALSE, 'CS1020', 'AY 16/17 Sem 2');
INSERT INTO studentPlans VALUES('D1000010B', FALSE, 'FMC1205', 'AY 16/17 Sem 2');
INSERT INTO studentPlans VALUES('D1000010B', FALSE, 'GEM1501', 'AY 16/17 Sem 2');
INSERT INTO studentPlans VALUES('D1000010B', FALSE, 'CS1010E', 'AY 16/17 Sem 2');
INSERT INTO studentPlans VALUES('D1000010B', FALSE, 'CS2101', 'AY 17/18 Sem 1');
INSERT INTO studentPlans VALUES('D1000010B', FALSE, 'IT2001', 'AY 17/18 Sem 1');
INSERT INTO studentPlans VALUES('D1000010B', FALSE, 'CS2104', 'AY 17/18 Sem 1');
INSERT INTO studentPlans VALUES('D1000010B', FALSE, 'CS2105', 'AY 17/18 Sem 1');
INSERT INTO studentPlans VALUES('D1000010B', FALSE, 'IT2002', 'AY 17/18 Sem 1');
INSERT INTO studentPlans VALUES('D1000010B', FALSE, 'CS2010', 'AY 17/18 Sem 2');
INSERT INTO studentPlans VALUES('D1000010B', FALSE, 'CS2108', 'AY 17/18 Sem 2');
INSERT INTO studentPlans VALUES('D1000010B', FALSE, 'CS2100', 'AY 17/18 Sem 2');
INSERT INTO studentPlans VALUES('D1000010B', FALSE, 'CG2271', 'AY 17/18 Sem 2');
INSERT INTO studentPlans VALUES('D1000010B', FALSE, 'CS2102', 'AY 17/18 Sem 2');

INSERT INTO student VALUES('D1000011B', 1);
INSERT INTO takesFocusArea VALUES('D1000011B', 'Computer Security', NULL);
INSERT INTO studentPlans VALUES('D1000011B', TRUE, 'GET1031', 'AY 16/17 Sem 1');
INSERT INTO studentPlans VALUES('D1000011B', TRUE, 'FMC1206', 'AY 16/17 Sem 1');
INSERT INTO studentPlans VALUES('D1000011B', TRUE, 'FMC1204', 'AY 16/17 Sem 1');
INSERT INTO studentPlans VALUES('D1000011B', TRUE, 'FMC1203', 'AY 16/17 Sem 1');
INSERT INTO studentPlans VALUES('D1000011B', TRUE, 'IT1801', 'AY 16/17 Sem 1');
INSERT INTO studentPlans VALUES('D1000011B', FALSE, 'CG1001', 'AY 16/17 Sem 2');
INSERT INTO studentPlans VALUES('D1000011B', FALSE, 'IT1003', 'AY 16/17 Sem 2');
INSERT INTO studentPlans VALUES('D1000011B', FALSE, 'IT1004', 'AY 16/17 Sem 2');
INSERT INTO studentPlans VALUES('D1000011B', FALSE, 'FMC1202', 'AY 16/17 Sem 2');
INSERT INTO studentPlans VALUES('D1000011B', FALSE, 'IT1001', 'AY 16/17 Sem 2');
INSERT INTO studentPlans VALUES('D1000011B', FALSE, 'CS2220', 'AY 17/18 Sem 1');
INSERT INTO studentPlans VALUES('D1000011B', FALSE, 'IT2002', 'AY 17/18 Sem 1');
INSERT INTO studentPlans VALUES('D1000011B', FALSE, 'CS2309', 'AY 17/18 Sem 1');
INSERT INTO studentPlans VALUES('D1000011B', FALSE, 'CS2104', 'AY 17/18 Sem 1');
INSERT INTO studentPlans VALUES('D1000011B', FALSE, 'CS2103', 'AY 17/18 Sem 1');
INSERT INTO studentPlans VALUES('D1000011B', FALSE, 'CS2105', 'AY 17/18 Sem 2');
INSERT INTO studentPlans VALUES('D1000011B', FALSE, 'CG2271', 'AY 17/18 Sem 2');
INSERT INTO studentPlans VALUES('D1000011B', FALSE, 'CS2271', 'AY 17/18 Sem 2');
INSERT INTO studentPlans VALUES('D1000011B', FALSE, 'CS2101', 'AY 17/18 Sem 2');
INSERT INTO studentPlans VALUES('D1000011B', FALSE, 'CS2020', 'AY 17/18 Sem 2');

INSERT INTO student VALUES('D1000012B', 1);
INSERT INTO takesFocusArea VALUES('D1000012B', 'Computer Graphics and Games', NULL);
INSERT INTO studentPlans VALUES('D1000012B', TRUE, 'GET1031', 'AY 16/17 Sem 1');
INSERT INTO studentPlans VALUES('D1000012B', TRUE, 'FMC1204', 'AY 16/17 Sem 1');
INSERT INTO studentPlans VALUES('D1000012B', TRUE, 'CS1010X', 'AY 16/17 Sem 1');
INSERT INTO studentPlans VALUES('D1000012B', TRUE, 'FMC1206', 'AY 16/17 Sem 1');
INSERT INTO studentPlans VALUES('D1000012B', TRUE, 'CS1102', 'AY 16/17 Sem 1');
INSERT INTO studentPlans VALUES('D1000012B', FALSE, 'CS1010J', 'AY 16/17 Sem 2');
INSERT INTO studentPlans VALUES('D1000012B', FALSE, 'CS1231', 'AY 16/17 Sem 2');
INSERT INTO studentPlans VALUES('D1000012B', FALSE, 'FMC1201', 'AY 16/17 Sem 2');
INSERT INTO studentPlans VALUES('D1000012B', FALSE, 'CS1010', 'AY 16/17 Sem 2');
INSERT INTO studentPlans VALUES('D1000012B', FALSE, 'IT1001', 'AY 16/17 Sem 2');
INSERT INTO studentPlans VALUES('D1000012B', FALSE, 'CS2107', 'AY 17/18 Sem 1');
INSERT INTO studentPlans VALUES('D1000012B', FALSE, 'CS2100', 'AY 17/18 Sem 1');
INSERT INTO studentPlans VALUES('D1000012B', FALSE, 'CS2271', 'AY 17/18 Sem 1');
INSERT INTO studentPlans VALUES('D1000012B', FALSE, 'CS2106', 'AY 17/18 Sem 1');
INSERT INTO studentPlans VALUES('D1000012B', FALSE, 'CS2108', 'AY 17/18 Sem 1');
INSERT INTO studentPlans VALUES('D1000012B', FALSE, 'CS2101', 'AY 17/18 Sem 2');
INSERT INTO studentPlans VALUES('D1000012B', FALSE, 'CS2103T', 'AY 17/18 Sem 2');
INSERT INTO studentPlans VALUES('D1000012B', FALSE, 'CS2309', 'AY 17/18 Sem 2');
INSERT INTO studentPlans VALUES('D1000012B', FALSE, 'CS2020', 'AY 17/18 Sem 2');
INSERT INTO studentPlans VALUES('D1000012B', FALSE, 'CS2281', 'AY 17/18 Sem 2');

INSERT INTO student VALUES('D1000013B', 1);
INSERT INTO takesFocusArea VALUES('D1000013B', 'Algorithms & Theory', NULL);
INSERT INTO studentPlans VALUES('D1000013B', TRUE, 'CS1020E', 'AY 16/17 Sem 1');
INSERT INTO studentPlans VALUES('D1000013B', TRUE, 'GEM1501', 'AY 16/17 Sem 1');
INSERT INTO studentPlans VALUES('D1000013B', TRUE, 'IT1005', 'AY 16/17 Sem 1');
INSERT INTO studentPlans VALUES('D1000013B', TRUE, 'CG1001', 'AY 16/17 Sem 1');
INSERT INTO studentPlans VALUES('D1000013B', TRUE, 'FMC1203', 'AY 16/17 Sem 1');
INSERT INTO studentPlans VALUES('D1000013B', FALSE, 'CS1231', 'AY 16/17 Sem 2');
INSERT INTO studentPlans VALUES('D1000013B', FALSE, 'CS1010E', 'AY 16/17 Sem 2');
INSERT INTO studentPlans VALUES('D1000013B', FALSE, 'CS1102C', 'AY 16/17 Sem 2');
INSERT INTO studentPlans VALUES('D1000013B', FALSE, 'CS1010S', 'AY 16/17 Sem 2');
INSERT INTO studentPlans VALUES('D1000013B', FALSE, 'IT1003', 'AY 16/17 Sem 2');
INSERT INTO studentPlans VALUES('D1000013B', FALSE, 'CS2271', 'AY 17/18 Sem 1');
INSERT INTO studentPlans VALUES('D1000013B', FALSE, 'CS2103T', 'AY 17/18 Sem 1');
INSERT INTO studentPlans VALUES('D1000013B', FALSE, 'CS2106', 'AY 17/18 Sem 1');
INSERT INTO studentPlans VALUES('D1000013B', FALSE, 'CS2108', 'AY 17/18 Sem 1');
INSERT INTO studentPlans VALUES('D1000013B', FALSE, 'CP2201', 'AY 17/18 Sem 1');
INSERT INTO studentPlans VALUES('D1000013B', FALSE, 'CS2309', 'AY 17/18 Sem 2');
INSERT INTO studentPlans VALUES('D1000013B', FALSE, 'IT2002', 'AY 17/18 Sem 2');
INSERT INTO studentPlans VALUES('D1000013B', FALSE, 'CS2104', 'AY 17/18 Sem 2');
INSERT INTO studentPlans VALUES('D1000013B', FALSE, 'CS2010', 'AY 17/18 Sem 2');
INSERT INTO studentPlans VALUES('D1000013B', FALSE, 'CS2102', 'AY 17/18 Sem 2');

INSERT INTO student VALUES('D1000014B', 1);
INSERT INTO takesFocusArea VALUES('D1000014B', 'Computer Security', NULL);
INSERT INTO studentPlans VALUES('D1000014B', TRUE, 'IT1006', 'AY 16/17 Sem 1');
INSERT INTO studentPlans VALUES('D1000014B', TRUE, 'FMC1201', 'AY 16/17 Sem 1');
INSERT INTO studentPlans VALUES('D1000014B', TRUE, 'FMC1205', 'AY 16/17 Sem 1');
INSERT INTO studentPlans VALUES('D1000014B', TRUE, 'IT1003', 'AY 16/17 Sem 1');
INSERT INTO studentPlans VALUES('D1000014B', TRUE, 'CS1010S', 'AY 16/17 Sem 1');
INSERT INTO studentPlans VALUES('D1000014B', FALSE, 'FMC1203', 'AY 16/17 Sem 2');
INSERT INTO studentPlans VALUES('D1000014B', FALSE, 'FMC1206', 'AY 16/17 Sem 2');
INSERT INTO studentPlans VALUES('D1000014B', FALSE, 'CS1010E', 'AY 16/17 Sem 2');
INSERT INTO studentPlans VALUES('D1000014B', FALSE, 'GEM1501', 'AY 16/17 Sem 2');
INSERT INTO studentPlans VALUES('D1000014B', FALSE, 'GET1031', 'AY 16/17 Sem 2');
INSERT INTO studentPlans VALUES('D1000014B', FALSE, 'CS2101', 'AY 17/18 Sem 1');
INSERT INTO studentPlans VALUES('D1000014B', FALSE, 'CS2220', 'AY 17/18 Sem 1');
INSERT INTO studentPlans VALUES('D1000014B', FALSE, 'CS2108', 'AY 17/18 Sem 1');
INSERT INTO studentPlans VALUES('D1000014B', FALSE, 'IT2001', 'AY 17/18 Sem 1');
INSERT INTO studentPlans VALUES('D1000014B', FALSE, 'CS2107', 'AY 17/18 Sem 1');
INSERT INTO studentPlans VALUES('D1000014B', FALSE, 'CP2201', 'AY 17/18 Sem 2');
INSERT INTO studentPlans VALUES('D1000014B', FALSE, 'CS2010', 'AY 17/18 Sem 2');
INSERT INTO studentPlans VALUES('D1000014B', FALSE, 'IT2002', 'AY 17/18 Sem 2');
INSERT INTO studentPlans VALUES('D1000014B', FALSE, 'CS2105', 'AY 17/18 Sem 2');
INSERT INTO studentPlans VALUES('D1000014B', FALSE, 'CS2271', 'AY 17/18 Sem 2');

INSERT INTO student VALUES('D1000015B', 1);
INSERT INTO takesFocusArea VALUES('D1000015B', 'Database Systems', NULL);
INSERT INTO studentPlans VALUES('D1000015B', TRUE, 'IT1002', 'AY 16/17 Sem 1');
INSERT INTO studentPlans VALUES('D1000015B', TRUE, 'CS1010J', 'AY 16/17 Sem 1');
INSERT INTO studentPlans VALUES('D1000015B', TRUE, 'IT1004', 'AY 16/17 Sem 1');
INSERT INTO studentPlans VALUES('D1000015B', TRUE, 'GEM1501', 'AY 16/17 Sem 1');
INSERT INTO studentPlans VALUES('D1000015B', TRUE, 'FMC1205', 'AY 16/17 Sem 1');
INSERT INTO studentPlans VALUES('D1000015B', FALSE, 'GET1031', 'AY 16/17 Sem 2');
INSERT INTO studentPlans VALUES('D1000015B', FALSE, 'FMC1204', 'AY 16/17 Sem 2');
INSERT INTO studentPlans VALUES('D1000015B', FALSE, 'CS1102', 'AY 16/17 Sem 2');
INSERT INTO studentPlans VALUES('D1000015B', FALSE, 'IT1001', 'AY 16/17 Sem 2');
INSERT INTO studentPlans VALUES('D1000015B', FALSE, 'CS1010', 'AY 16/17 Sem 2');
INSERT INTO studentPlans VALUES('D1000015B', FALSE, 'CS2102', 'AY 17/18 Sem 1');
INSERT INTO studentPlans VALUES('D1000015B', FALSE, 'CS2220', 'AY 17/18 Sem 1');
INSERT INTO studentPlans VALUES('D1000015B', FALSE, 'IT2002', 'AY 17/18 Sem 1');
INSERT INTO studentPlans VALUES('D1000015B', FALSE, 'CG2271', 'AY 17/18 Sem 1');
INSERT INTO studentPlans VALUES('D1000015B', FALSE, 'CS2101', 'AY 17/18 Sem 1');
INSERT INTO studentPlans VALUES('D1000015B', FALSE, 'CS2281', 'AY 17/18 Sem 2');
INSERT INTO studentPlans VALUES('D1000015B', FALSE, 'CP2201', 'AY 17/18 Sem 2');
INSERT INTO studentPlans VALUES('D1000015B', FALSE, 'CS2100', 'AY 17/18 Sem 2');
INSERT INTO studentPlans VALUES('D1000015B', FALSE, 'CS2271', 'AY 17/18 Sem 2');
INSERT INTO studentPlans VALUES('D1000015B', FALSE, 'CS2010', 'AY 17/18 Sem 2');

INSERT INTO student VALUES('D1000016B', 1);
INSERT INTO takesFocusArea VALUES('D1000016B', 'Software Engineering', NULL);
INSERT INTO studentPlans VALUES('D1000016B', TRUE, 'FMC1203', 'AY 16/17 Sem 1');
INSERT INTO studentPlans VALUES('D1000016B', TRUE, 'CS1020', 'AY 16/17 Sem 1');
INSERT INTO studentPlans VALUES('D1000016B', TRUE, 'CS1010', 'AY 16/17 Sem 1');
INSERT INTO studentPlans VALUES('D1000016B', TRUE, 'CS1010E', 'AY 16/17 Sem 1');
INSERT INTO studentPlans VALUES('D1000016B', TRUE, 'IT1002', 'AY 16/17 Sem 1');
INSERT INTO studentPlans VALUES('D1000016B', FALSE, 'FMC1204', 'AY 16/17 Sem 2');
INSERT INTO studentPlans VALUES('D1000016B', FALSE, 'CS1101S', 'AY 16/17 Sem 2');
INSERT INTO studentPlans VALUES('D1000016B', FALSE, 'FMC1206', 'AY 16/17 Sem 2');
INSERT INTO studentPlans VALUES('D1000016B', FALSE, 'CS1020E', 'AY 16/17 Sem 2');
INSERT INTO studentPlans VALUES('D1000016B', FALSE, 'IT1005', 'AY 16/17 Sem 2');
INSERT INTO studentPlans VALUES('D1000016B', FALSE, 'CG2271', 'AY 17/18 Sem 1');
INSERT INTO studentPlans VALUES('D1000016B', FALSE, 'CS2100', 'AY 17/18 Sem 1');
INSERT INTO studentPlans VALUES('D1000016B', FALSE, 'CS2102', 'AY 17/18 Sem 1');
INSERT INTO studentPlans VALUES('D1000016B', FALSE, 'CS2309', 'AY 17/18 Sem 1');
INSERT INTO studentPlans VALUES('D1000016B', FALSE, 'CS2103T', 'AY 17/18 Sem 1');
INSERT INTO studentPlans VALUES('D1000016B', FALSE, 'CS2106', 'AY 17/18 Sem 2');
INSERT INTO studentPlans VALUES('D1000016B', FALSE, 'CP2201', 'AY 17/18 Sem 2');
INSERT INTO studentPlans VALUES('D1000016B', FALSE, 'CS2020', 'AY 17/18 Sem 2');
INSERT INTO studentPlans VALUES('D1000016B', FALSE, 'CS2103', 'AY 17/18 Sem 2');
INSERT INTO studentPlans VALUES('D1000016B', FALSE, 'CS2108', 'AY 17/18 Sem 2');

INSERT INTO student VALUES('D1000017B', 1);
INSERT INTO takesFocusArea VALUES('D1000017B', 'Database Systems', NULL);
INSERT INTO studentPlans VALUES('D1000017B', TRUE, 'CS1102C', 'AY 16/17 Sem 1');
INSERT INTO studentPlans VALUES('D1000017B', TRUE, 'IT1002', 'AY 16/17 Sem 1');
INSERT INTO studentPlans VALUES('D1000017B', TRUE, 'CG1001', 'AY 16/17 Sem 1');
INSERT INTO studentPlans VALUES('D1000017B', TRUE, 'CS1010X', 'AY 16/17 Sem 1');
INSERT INTO studentPlans VALUES('D1000017B', TRUE, 'IT1003', 'AY 16/17 Sem 1');
INSERT INTO studentPlans VALUES('D1000017B', FALSE, 'CS1010J', 'AY 16/17 Sem 2');
INSERT INTO studentPlans VALUES('D1000017B', FALSE, 'IT1005', 'AY 16/17 Sem 2');
INSERT INTO studentPlans VALUES('D1000017B', FALSE, 'CS1020E', 'AY 16/17 Sem 2');
INSERT INTO studentPlans VALUES('D1000017B', FALSE, 'CS1010E', 'AY 16/17 Sem 2');
INSERT INTO studentPlans VALUES('D1000017B', FALSE, 'FMC1203', 'AY 16/17 Sem 2');
INSERT INTO studentPlans VALUES('D1000017B', FALSE, 'CS2020', 'AY 17/18 Sem 1');
INSERT INTO studentPlans VALUES('D1000017B', FALSE, 'CS2271', 'AY 17/18 Sem 1');
INSERT INTO studentPlans VALUES('D1000017B', FALSE, 'CP2201', 'AY 17/18 Sem 1');
INSERT INTO studentPlans VALUES('D1000017B', FALSE, 'CS2103', 'AY 17/18 Sem 1');
INSERT INTO studentPlans VALUES('D1000017B', FALSE, 'CG2271', 'AY 17/18 Sem 1');
INSERT INTO studentPlans VALUES('D1000017B', FALSE, 'CS2101', 'AY 17/18 Sem 2');
INSERT INTO studentPlans VALUES('D1000017B', FALSE, 'CS2105', 'AY 17/18 Sem 2');
INSERT INTO studentPlans VALUES('D1000017B', FALSE, 'CS2100', 'AY 17/18 Sem 2');
INSERT INTO studentPlans VALUES('D1000017B', FALSE, 'CS2107', 'AY 17/18 Sem 2');
INSERT INTO studentPlans VALUES('D1000017B', FALSE, 'CS2309', 'AY 17/18 Sem 2');

INSERT INTO student VALUES('D1000018B', 1);
INSERT INTO takesFocusArea VALUES('D1000018B', 'Database Systems', NULL);
INSERT INTO studentPlans VALUES('D1000018B', TRUE, 'IT1006', 'AY 16/17 Sem 1');
INSERT INTO studentPlans VALUES('D1000018B', TRUE, 'FMC1204', 'AY 16/17 Sem 1');
INSERT INTO studentPlans VALUES('D1000018B', TRUE, 'FMC1206', 'AY 16/17 Sem 1');
INSERT INTO studentPlans VALUES('D1000018B', TRUE, 'CS1010', 'AY 16/17 Sem 1');
INSERT INTO studentPlans VALUES('D1000018B', TRUE, 'IT1003', 'AY 16/17 Sem 1');
INSERT INTO studentPlans VALUES('D1000018B', FALSE, 'IT1801', 'AY 16/17 Sem 2');
INSERT INTO studentPlans VALUES('D1000018B', FALSE, 'GEM1501', 'AY 16/17 Sem 2');
INSERT INTO studentPlans VALUES('D1000018B', FALSE, 'FMC1201', 'AY 16/17 Sem 2');
INSERT INTO studentPlans VALUES('D1000018B', FALSE, 'CS1231', 'AY 16/17 Sem 2');
INSERT INTO studentPlans VALUES('D1000018B', FALSE, 'CS1281', 'AY 16/17 Sem 2');
INSERT INTO studentPlans VALUES('D1000018B', FALSE, 'CS2102', 'AY 17/18 Sem 1');
INSERT INTO studentPlans VALUES('D1000018B', FALSE, 'CS2309', 'AY 17/18 Sem 1');
INSERT INTO studentPlans VALUES('D1000018B', FALSE, 'CS2220', 'AY 17/18 Sem 1');
INSERT INTO studentPlans VALUES('D1000018B', FALSE, 'CS2106', 'AY 17/18 Sem 1');
INSERT INTO studentPlans VALUES('D1000018B', FALSE, 'CS2103T', 'AY 17/18 Sem 1');
INSERT INTO studentPlans VALUES('D1000018B', FALSE, 'CS2010', 'AY 17/18 Sem 2');
INSERT INTO studentPlans VALUES('D1000018B', FALSE, 'IT2001', 'AY 17/18 Sem 2');
INSERT INTO studentPlans VALUES('D1000018B', FALSE, 'IT2002', 'AY 17/18 Sem 2');
INSERT INTO studentPlans VALUES('D1000018B', FALSE, 'CP2201', 'AY 17/18 Sem 2');
INSERT INTO studentPlans VALUES('D1000018B', FALSE, 'CS2108', 'AY 17/18 Sem 2');

INSERT INTO student VALUES('D1000019B', 1);
INSERT INTO takesFocusArea VALUES('D1000019B', 'Computer Security', NULL);
INSERT INTO studentPlans VALUES('D1000019B', TRUE, 'IT1004', 'AY 16/17 Sem 1');
INSERT INTO studentPlans VALUES('D1000019B', TRUE, 'IT1005', 'AY 16/17 Sem 1');
INSERT INTO studentPlans VALUES('D1000019B', TRUE, 'FMC1204', 'AY 16/17 Sem 1');
INSERT INTO studentPlans VALUES('D1000019B', TRUE, 'CS1101S', 'AY 16/17 Sem 1');
INSERT INTO studentPlans VALUES('D1000019B', TRUE, 'IT1001', 'AY 16/17 Sem 1');
INSERT INTO studentPlans VALUES('D1000019B', FALSE, 'FMC1205', 'AY 16/17 Sem 2');
INSERT INTO studentPlans VALUES('D1000019B', FALSE, 'CS1102C', 'AY 16/17 Sem 2');
INSERT INTO studentPlans VALUES('D1000019B', FALSE, 'FMC1203', 'AY 16/17 Sem 2');
INSERT INTO studentPlans VALUES('D1000019B', FALSE, 'FMC1201', 'AY 16/17 Sem 2');
INSERT INTO studentPlans VALUES('D1000019B', FALSE, 'CS1010E', 'AY 16/17 Sem 2');
INSERT INTO studentPlans VALUES('D1000019B', FALSE, 'CS2101', 'AY 17/18 Sem 1');
INSERT INTO studentPlans VALUES('D1000019B', FALSE, 'IT2001', 'AY 17/18 Sem 1');
INSERT INTO studentPlans VALUES('D1000019B', FALSE, 'CS2220', 'AY 17/18 Sem 1');
INSERT INTO studentPlans VALUES('D1000019B', FALSE, 'CS2309', 'AY 17/18 Sem 1');
INSERT INTO studentPlans VALUES('D1000019B', FALSE, 'CS2020', 'AY 17/18 Sem 1');
INSERT INTO studentPlans VALUES('D1000019B', FALSE, 'CS2281', 'AY 17/18 Sem 2');
INSERT INTO studentPlans VALUES('D1000019B', FALSE, 'CS2104', 'AY 17/18 Sem 2');
INSERT INTO studentPlans VALUES('D1000019B', FALSE, 'CS2100', 'AY 17/18 Sem 2');
INSERT INTO studentPlans VALUES('D1000019B', FALSE, 'CS2105', 'AY 17/18 Sem 2');
INSERT INTO studentPlans VALUES('D1000019B', FALSE, 'CS2102', 'AY 17/18 Sem 2');

INSERT INTO student VALUES('D1000020B', 1);
INSERT INTO takesFocusArea VALUES('D1000020B', 'Visual Computing', NULL);
INSERT INTO studentPlans VALUES('D1000020B', TRUE, 'CS1101S', 'AY 16/17 Sem 1');
INSERT INTO studentPlans VALUES('D1000020B', TRUE, 'IT1001', 'AY 16/17 Sem 1');
INSERT INTO studentPlans VALUES('D1000020B', TRUE, 'IT1801', 'AY 16/17 Sem 1');
INSERT INTO studentPlans VALUES('D1000020B', TRUE, 'CS1280', 'AY 16/17 Sem 1');
INSERT INTO studentPlans VALUES('D1000020B', TRUE, 'IT1003', 'AY 16/17 Sem 1');
INSERT INTO studentPlans VALUES('D1000020B', FALSE, 'FMC1202', 'AY 16/17 Sem 2');
INSERT INTO studentPlans VALUES('D1000020B', FALSE, 'CS1010E', 'AY 16/17 Sem 2');
INSERT INTO studentPlans VALUES('D1000020B', FALSE, 'CS1102C', 'AY 16/17 Sem 2');
INSERT INTO studentPlans VALUES('D1000020B', FALSE, 'GEM1501', 'AY 16/17 Sem 2');
INSERT INTO studentPlans VALUES('D1000020B', FALSE, 'FMC1203', 'AY 16/17 Sem 2');
INSERT INTO studentPlans VALUES('D1000020B', FALSE, 'CS2271', 'AY 17/18 Sem 1');
INSERT INTO studentPlans VALUES('D1000020B', FALSE, 'CS2309', 'AY 17/18 Sem 1');
INSERT INTO studentPlans VALUES('D1000020B', FALSE, 'CS2020', 'AY 17/18 Sem 1');
INSERT INTO studentPlans VALUES('D1000020B', FALSE, 'CS2107', 'AY 17/18 Sem 1');
INSERT INTO studentPlans VALUES('D1000020B', FALSE, 'CS2105', 'AY 17/18 Sem 1');
INSERT INTO studentPlans VALUES('D1000020B', FALSE, 'CS2101', 'AY 17/18 Sem 2');
INSERT INTO studentPlans VALUES('D1000020B', FALSE, 'CG2271', 'AY 17/18 Sem 2');
INSERT INTO studentPlans VALUES('D1000020B', FALSE, 'CS2106', 'AY 17/18 Sem 2');
INSERT INTO studentPlans VALUES('D1000020B', FALSE, 'IT2002', 'AY 17/18 Sem 2');
INSERT INTO studentPlans VALUES('D1000020B', FALSE, 'CS2103', 'AY 17/18 Sem 2');

INSERT INTO student VALUES('D1000021B', 1);
INSERT INTO takesFocusArea VALUES('D1000021B', 'Artificial Intelligence', NULL);
INSERT INTO studentPlans VALUES('D1000021B', TRUE, 'FMC1206', 'AY 16/17 Sem 1');
INSERT INTO studentPlans VALUES('D1000021B', TRUE, 'FMC1205', 'AY 16/17 Sem 1');
INSERT INTO studentPlans VALUES('D1000021B', TRUE, 'CS1010E', 'AY 16/17 Sem 1');
INSERT INTO studentPlans VALUES('D1000021B', TRUE, 'GEM1501', 'AY 16/17 Sem 1');
INSERT INTO studentPlans VALUES('D1000021B', TRUE, 'IT1801', 'AY 16/17 Sem 1');
INSERT INTO studentPlans VALUES('D1000021B', FALSE, 'FMC1201', 'AY 16/17 Sem 2');
INSERT INTO studentPlans VALUES('D1000021B', FALSE, 'IT1004', 'AY 16/17 Sem 2');
INSERT INTO studentPlans VALUES('D1000021B', FALSE, 'CS1281', 'AY 16/17 Sem 2');
INSERT INTO studentPlans VALUES('D1000021B', FALSE, 'CS1020', 'AY 16/17 Sem 2');
INSERT INTO studentPlans VALUES('D1000021B', FALSE, 'CS1280', 'AY 16/17 Sem 2');
INSERT INTO studentPlans VALUES('D1000021B', FALSE, 'IT2002', 'AY 17/18 Sem 1');
INSERT INTO studentPlans VALUES('D1000021B', FALSE, 'CS2102', 'AY 17/18 Sem 1');
INSERT INTO studentPlans VALUES('D1000021B', FALSE, 'CS2020', 'AY 17/18 Sem 1');
INSERT INTO studentPlans VALUES('D1000021B', FALSE, 'CS2271', 'AY 17/18 Sem 1');
INSERT INTO studentPlans VALUES('D1000021B', FALSE, 'CS2101', 'AY 17/18 Sem 1');
INSERT INTO studentPlans VALUES('D1000021B', FALSE, 'CS2104', 'AY 17/18 Sem 2');
INSERT INTO studentPlans VALUES('D1000021B', FALSE, 'CP2201', 'AY 17/18 Sem 2');
INSERT INTO studentPlans VALUES('D1000021B', FALSE, 'CS2103', 'AY 17/18 Sem 2');
INSERT INTO studentPlans VALUES('D1000021B', FALSE, 'CS2106', 'AY 17/18 Sem 2');
INSERT INTO studentPlans VALUES('D1000021B', FALSE, 'CS2105', 'AY 17/18 Sem 2');

INSERT INTO student VALUES('D1000022B', 1);
INSERT INTO takesFocusArea VALUES('D1000022B', 'Programming Languages', NULL);
INSERT INTO studentPlans VALUES('D1000022B', TRUE, 'CS1020', 'AY 16/17 Sem 1');
INSERT INTO studentPlans VALUES('D1000022B', TRUE, 'CS1281', 'AY 16/17 Sem 1');
INSERT INTO studentPlans VALUES('D1000022B', TRUE, 'CS1010X', 'AY 16/17 Sem 1');
INSERT INTO studentPlans VALUES('D1000022B', TRUE, 'FMC1206', 'AY 16/17 Sem 1');
INSERT INTO studentPlans VALUES('D1000022B', TRUE, 'IT1004', 'AY 16/17 Sem 1');
INSERT INTO studentPlans VALUES('D1000022B', FALSE, 'CS1101S', 'AY 16/17 Sem 2');
INSERT INTO studentPlans VALUES('D1000022B', FALSE, 'IT1003', 'AY 16/17 Sem 2');
INSERT INTO studentPlans VALUES('D1000022B', FALSE, 'FMC1203', 'AY 16/17 Sem 2');
INSERT INTO studentPlans VALUES('D1000022B', FALSE, 'FMC1201', 'AY 16/17 Sem 2');
INSERT INTO studentPlans VALUES('D1000022B', FALSE, 'GEM1501', 'AY 16/17 Sem 2');
INSERT INTO studentPlans VALUES('D1000022B', FALSE, 'CS2104', 'AY 17/18 Sem 1');
INSERT INTO studentPlans VALUES('D1000022B', FALSE, 'CS2107', 'AY 17/18 Sem 1');
INSERT INTO studentPlans VALUES('D1000022B', FALSE, 'CS2102', 'AY 17/18 Sem 1');
INSERT INTO studentPlans VALUES('D1000022B', FALSE, 'IT2001', 'AY 17/18 Sem 1');
INSERT INTO studentPlans VALUES('D1000022B', FALSE, 'CS2010', 'AY 17/18 Sem 1');
INSERT INTO studentPlans VALUES('D1000022B', FALSE, 'CS2103', 'AY 17/18 Sem 2');
INSERT INTO studentPlans VALUES('D1000022B', FALSE, 'CS2020', 'AY 17/18 Sem 2');
INSERT INTO studentPlans VALUES('D1000022B', FALSE, 'CS2103T', 'AY 17/18 Sem 2');
INSERT INTO studentPlans VALUES('D1000022B', FALSE, 'IT2002', 'AY 17/18 Sem 2');
INSERT INTO studentPlans VALUES('D1000022B', FALSE, 'CS2281', 'AY 17/18 Sem 2');

INSERT INTO student VALUES('D1000023B', 1);
INSERT INTO takesFocusArea VALUES('D1000023B', 'Networking and Distributed Systems', NULL);
INSERT INTO studentPlans VALUES('D1000023B', TRUE, 'CS1010S', 'AY 16/17 Sem 1');
INSERT INTO studentPlans VALUES('D1000023B', TRUE, 'FMC1202', 'AY 16/17 Sem 1');
INSERT INTO studentPlans VALUES('D1000023B', TRUE, 'CS1020E', 'AY 16/17 Sem 1');
INSERT INTO studentPlans VALUES('D1000023B', TRUE, 'CG1001', 'AY 16/17 Sem 1');
INSERT INTO studentPlans VALUES('D1000023B', TRUE, 'CS1231', 'AY 16/17 Sem 1');
INSERT INTO studentPlans VALUES('D1000023B', FALSE, 'IT1002', 'AY 16/17 Sem 2');
INSERT INTO studentPlans VALUES('D1000023B', FALSE, 'IT1006', 'AY 16/17 Sem 2');
INSERT INTO studentPlans VALUES('D1000023B', FALSE, 'CS1280', 'AY 16/17 Sem 2');
INSERT INTO studentPlans VALUES('D1000023B', FALSE, 'GET1031', 'AY 16/17 Sem 2');
INSERT INTO studentPlans VALUES('D1000023B', FALSE, 'IT1801', 'AY 16/17 Sem 2');
INSERT INTO studentPlans VALUES('D1000023B', FALSE, 'CS2271', 'AY 17/18 Sem 1');
INSERT INTO studentPlans VALUES('D1000023B', FALSE, 'CS2108', 'AY 17/18 Sem 1');
INSERT INTO studentPlans VALUES('D1000023B', FALSE, 'CS2010', 'AY 17/18 Sem 1');
INSERT INTO studentPlans VALUES('D1000023B', FALSE, 'CS2100', 'AY 17/18 Sem 1');
INSERT INTO studentPlans VALUES('D1000023B', FALSE, 'CS2220', 'AY 17/18 Sem 1');
INSERT INTO studentPlans VALUES('D1000023B', FALSE, 'CS2102', 'AY 17/18 Sem 2');
INSERT INTO studentPlans VALUES('D1000023B', FALSE, 'CS2106', 'AY 17/18 Sem 2');
INSERT INTO studentPlans VALUES('D1000023B', FALSE, 'IT2002', 'AY 17/18 Sem 2');
INSERT INTO studentPlans VALUES('D1000023B', FALSE, 'CG2271', 'AY 17/18 Sem 2');
INSERT INTO studentPlans VALUES('D1000023B', FALSE, 'CS2020', 'AY 17/18 Sem 2');

INSERT INTO student VALUES('D1000024B', 1);
INSERT INTO takesFocusArea VALUES('D1000024B', 'Database Systems', NULL);
INSERT INTO studentPlans VALUES('D1000024B', TRUE, 'CS1010E', 'AY 16/17 Sem 1');
INSERT INTO studentPlans VALUES('D1000024B', TRUE, 'FMC1201', 'AY 16/17 Sem 1');
INSERT INTO studentPlans VALUES('D1000024B', TRUE, 'FMC1204', 'AY 16/17 Sem 1');
INSERT INTO studentPlans VALUES('D1000024B', TRUE, 'CS1102', 'AY 16/17 Sem 1');
INSERT INTO studentPlans VALUES('D1000024B', TRUE, 'IT1001', 'AY 16/17 Sem 1');
INSERT INTO studentPlans VALUES('D1000024B', FALSE, 'FMC1203', 'AY 16/17 Sem 2');
INSERT INTO studentPlans VALUES('D1000024B', FALSE, 'CS1101S', 'AY 16/17 Sem 2');
INSERT INTO studentPlans VALUES('D1000024B', FALSE, 'IT1005', 'AY 16/17 Sem 2');
INSERT INTO studentPlans VALUES('D1000024B', FALSE, 'CS1280', 'AY 16/17 Sem 2');
INSERT INTO studentPlans VALUES('D1000024B', FALSE, 'CS1010X', 'AY 16/17 Sem 2');
INSERT INTO studentPlans VALUES('D1000024B', FALSE, 'CS2103', 'AY 17/18 Sem 1');
INSERT INTO studentPlans VALUES('D1000024B', FALSE, 'IT2002', 'AY 17/18 Sem 1');
INSERT INTO studentPlans VALUES('D1000024B', FALSE, 'CS2271', 'AY 17/18 Sem 1');
INSERT INTO studentPlans VALUES('D1000024B', FALSE, 'CS2103T', 'AY 17/18 Sem 1');
INSERT INTO studentPlans VALUES('D1000024B', FALSE, 'CS2108', 'AY 17/18 Sem 1');
INSERT INTO studentPlans VALUES('D1000024B', FALSE, 'CS2101', 'AY 17/18 Sem 2');
INSERT INTO studentPlans VALUES('D1000024B', FALSE, 'CS2220', 'AY 17/18 Sem 2');
INSERT INTO studentPlans VALUES('D1000024B', FALSE, 'IT2001', 'AY 17/18 Sem 2');
INSERT INTO studentPlans VALUES('D1000024B', FALSE, 'CS2105', 'AY 17/18 Sem 2');
INSERT INTO studentPlans VALUES('D1000024B', FALSE, 'CS2010', 'AY 17/18 Sem 2');

INSERT INTO student VALUES('D1000025B', 1);
INSERT INTO takesFocusArea VALUES('D1000025B', 'Interactive Media', NULL);
INSERT INTO studentPlans VALUES('D1000025B', TRUE, 'CG1001', 'AY 16/17 Sem 1');
INSERT INTO studentPlans VALUES('D1000025B', TRUE, 'CS1010J', 'AY 16/17 Sem 1');
INSERT INTO studentPlans VALUES('D1000025B', TRUE, 'IT1002', 'AY 16/17 Sem 1');
INSERT INTO studentPlans VALUES('D1000025B', TRUE, 'FMC1206', 'AY 16/17 Sem 1');
INSERT INTO studentPlans VALUES('D1000025B', TRUE, 'CS1010', 'AY 16/17 Sem 1');
INSERT INTO studentPlans VALUES('D1000025B', FALSE, 'FMC1204', 'AY 16/17 Sem 2');
INSERT INTO studentPlans VALUES('D1000025B', FALSE, 'CS1020E', 'AY 16/17 Sem 2');
INSERT INTO studentPlans VALUES('D1000025B', FALSE, 'FMC1201', 'AY 16/17 Sem 2');
INSERT INTO studentPlans VALUES('D1000025B', FALSE, 'GEM1501', 'AY 16/17 Sem 2');
INSERT INTO studentPlans VALUES('D1000025B', FALSE, 'IT1801', 'AY 16/17 Sem 2');
INSERT INTO studentPlans VALUES('D1000025B', FALSE, 'CS2107', 'AY 17/18 Sem 1');
INSERT INTO studentPlans VALUES('D1000025B', FALSE, 'CS2220', 'AY 17/18 Sem 1');
INSERT INTO studentPlans VALUES('D1000025B', FALSE, 'CS2108', 'AY 17/18 Sem 1');
INSERT INTO studentPlans VALUES('D1000025B', FALSE, 'CS2271', 'AY 17/18 Sem 1');
INSERT INTO studentPlans VALUES('D1000025B', FALSE, 'CS2309', 'AY 17/18 Sem 1');
INSERT INTO studentPlans VALUES('D1000025B', FALSE, 'IT2001', 'AY 17/18 Sem 2');
INSERT INTO studentPlans VALUES('D1000025B', FALSE, 'CS2100', 'AY 17/18 Sem 2');
INSERT INTO studentPlans VALUES('D1000025B', FALSE, 'IT2002', 'AY 17/18 Sem 2');
INSERT INTO studentPlans VALUES('D1000025B', FALSE, 'CG2271', 'AY 17/18 Sem 2');
INSERT INTO studentPlans VALUES('D1000025B', FALSE, 'CS2102', 'AY 17/18 Sem 2');

INSERT INTO student VALUES('D1000026B', 1);
INSERT INTO takesFocusArea VALUES('D1000026B', 'Software Engineering', NULL);
INSERT INTO studentPlans VALUES('D1000026B', TRUE, 'FMC1204', 'AY 16/17 Sem 1');
INSERT INTO studentPlans VALUES('D1000026B', TRUE, 'CS1020', 'AY 16/17 Sem 1');
INSERT INTO studentPlans VALUES('D1000026B', TRUE, 'GEM1501', 'AY 16/17 Sem 1');
INSERT INTO studentPlans VALUES('D1000026B', TRUE, 'CS1010J', 'AY 16/17 Sem 1');
INSERT INTO studentPlans VALUES('D1000026B', TRUE, 'IT1801', 'AY 16/17 Sem 1');
INSERT INTO studentPlans VALUES('D1000026B', FALSE, 'CS1231', 'AY 16/17 Sem 2');
INSERT INTO studentPlans VALUES('D1000026B', FALSE, 'CS1280', 'AY 16/17 Sem 2');
INSERT INTO studentPlans VALUES('D1000026B', FALSE, 'IT1004', 'AY 16/17 Sem 2');
INSERT INTO studentPlans VALUES('D1000026B', FALSE, 'IT1006', 'AY 16/17 Sem 2');
INSERT INTO studentPlans VALUES('D1000026B', FALSE, 'CS1101S', 'AY 16/17 Sem 2');
INSERT INTO studentPlans VALUES('D1000026B', FALSE, 'CS2101', 'AY 17/18 Sem 1');
INSERT INTO studentPlans VALUES('D1000026B', FALSE, 'CS2271', 'AY 17/18 Sem 1');
INSERT INTO studentPlans VALUES('D1000026B', FALSE, 'CS2220', 'AY 17/18 Sem 1');
INSERT INTO studentPlans VALUES('D1000026B', FALSE, 'CS2102', 'AY 17/18 Sem 1');
INSERT INTO studentPlans VALUES('D1000026B', FALSE, 'CS2309', 'AY 17/18 Sem 1');
INSERT INTO studentPlans VALUES('D1000026B', FALSE, 'CS2107', 'AY 17/18 Sem 2');
INSERT INTO studentPlans VALUES('D1000026B', FALSE, 'CS2010', 'AY 17/18 Sem 2');
INSERT INTO studentPlans VALUES('D1000026B', FALSE, 'IT2001', 'AY 17/18 Sem 2');
INSERT INTO studentPlans VALUES('D1000026B', FALSE, 'CG2271', 'AY 17/18 Sem 2');
INSERT INTO studentPlans VALUES('D1000026B', FALSE, 'CS2020', 'AY 17/18 Sem 2');

INSERT INTO student VALUES('D1000027B', 1);
INSERT INTO takesFocusArea VALUES('D1000027B', 'Software Engineering', NULL);
INSERT INTO studentPlans VALUES('D1000027B', TRUE, 'IT1003', 'AY 16/17 Sem 1');
INSERT INTO studentPlans VALUES('D1000027B', TRUE, 'CG1001', 'AY 16/17 Sem 1');
INSERT INTO studentPlans VALUES('D1000027B', TRUE, 'IT1004', 'AY 16/17 Sem 1');
INSERT INTO studentPlans VALUES('D1000027B', TRUE, 'IT1005', 'AY 16/17 Sem 1');
INSERT INTO studentPlans VALUES('D1000027B', TRUE, 'FMC1204', 'AY 16/17 Sem 1');
INSERT INTO studentPlans VALUES('D1000027B', FALSE, 'CS1280', 'AY 16/17 Sem 2');
INSERT INTO studentPlans VALUES('D1000027B', FALSE, 'CS1020E', 'AY 16/17 Sem 2');
INSERT INTO studentPlans VALUES('D1000027B', FALSE, 'CS1010E', 'AY 16/17 Sem 2');
INSERT INTO studentPlans VALUES('D1000027B', FALSE, 'CS1010J', 'AY 16/17 Sem 2');
INSERT INTO studentPlans VALUES('D1000027B', FALSE, 'CS1102', 'AY 16/17 Sem 2');
INSERT INTO studentPlans VALUES('D1000027B', FALSE, 'CP2201', 'AY 17/18 Sem 1');
INSERT INTO studentPlans VALUES('D1000027B', FALSE, 'CS2010', 'AY 17/18 Sem 1');
INSERT INTO studentPlans VALUES('D1000027B', FALSE, 'CS2281', 'AY 17/18 Sem 1');
INSERT INTO studentPlans VALUES('D1000027B', FALSE, 'CS2103T', 'AY 17/18 Sem 1');
INSERT INTO studentPlans VALUES('D1000027B', FALSE, 'CS2106', 'AY 17/18 Sem 1');
INSERT INTO studentPlans VALUES('D1000027B', FALSE, 'CS2102', 'AY 17/18 Sem 2');
INSERT INTO studentPlans VALUES('D1000027B', FALSE, 'CS2105', 'AY 17/18 Sem 2');
INSERT INTO studentPlans VALUES('D1000027B', FALSE, 'CS2220', 'AY 17/18 Sem 2');
INSERT INTO studentPlans VALUES('D1000027B', FALSE, 'IT2002', 'AY 17/18 Sem 2');
INSERT INTO studentPlans VALUES('D1000027B', FALSE, 'CS2100', 'AY 17/18 Sem 2');

INSERT INTO student VALUES('D1000028B', 1);
INSERT INTO takesFocusArea VALUES('D1000028B', 'Computer Security', NULL);
INSERT INTO studentPlans VALUES('D1000028B', TRUE, 'CS1020E', 'AY 16/17 Sem 1');
INSERT INTO studentPlans VALUES('D1000028B', TRUE, 'IT1801', 'AY 16/17 Sem 1');
INSERT INTO studentPlans VALUES('D1000028B', TRUE, 'IT1001', 'AY 16/17 Sem 1');
INSERT INTO studentPlans VALUES('D1000028B', TRUE, 'IT1005', 'AY 16/17 Sem 1');
INSERT INTO studentPlans VALUES('D1000028B', TRUE, 'CS1280', 'AY 16/17 Sem 1');
INSERT INTO studentPlans VALUES('D1000028B', FALSE, 'CS1010E', 'AY 16/17 Sem 2');
INSERT INTO studentPlans VALUES('D1000028B', FALSE, 'FMC1204', 'AY 16/17 Sem 2');
INSERT INTO studentPlans VALUES('D1000028B', FALSE, 'CS1010X', 'AY 16/17 Sem 2');
INSERT INTO studentPlans VALUES('D1000028B', FALSE, 'CS1231', 'AY 16/17 Sem 2');
INSERT INTO studentPlans VALUES('D1000028B', FALSE, 'CS1010S', 'AY 16/17 Sem 2');
INSERT INTO studentPlans VALUES('D1000028B', FALSE, 'CS2104', 'AY 17/18 Sem 1');
INSERT INTO studentPlans VALUES('D1000028B', FALSE, 'IT2001', 'AY 17/18 Sem 1');
INSERT INTO studentPlans VALUES('D1000028B', FALSE, 'CS2101', 'AY 17/18 Sem 1');
INSERT INTO studentPlans VALUES('D1000028B', FALSE, 'CS2100', 'AY 17/18 Sem 1');
INSERT INTO studentPlans VALUES('D1000028B', FALSE, 'CS2010', 'AY 17/18 Sem 1');
INSERT INTO studentPlans VALUES('D1000028B', FALSE, 'CS2107', 'AY 17/18 Sem 2');
INSERT INTO studentPlans VALUES('D1000028B', FALSE, 'IT2002', 'AY 17/18 Sem 2');
INSERT INTO studentPlans VALUES('D1000028B', FALSE, 'CG2271', 'AY 17/18 Sem 2');
INSERT INTO studentPlans VALUES('D1000028B', FALSE, 'CS2108', 'AY 17/18 Sem 2');
INSERT INTO studentPlans VALUES('D1000028B', FALSE, 'CP2201', 'AY 17/18 Sem 2');

INSERT INTO student VALUES('D1000029B', 1);
INSERT INTO takesFocusArea VALUES('D1000029B', 'Programming Languages', NULL);
INSERT INTO studentPlans VALUES('D1000029B', TRUE, 'CS1231', 'AY 16/17 Sem 1');
INSERT INTO studentPlans VALUES('D1000029B', TRUE, 'CS1101S', 'AY 16/17 Sem 1');
INSERT INTO studentPlans VALUES('D1000029B', TRUE, 'CS1020E', 'AY 16/17 Sem 1');
INSERT INTO studentPlans VALUES('D1000029B', TRUE, 'IT1002', 'AY 16/17 Sem 1');
INSERT INTO studentPlans VALUES('D1000029B', TRUE, 'FMC1202', 'AY 16/17 Sem 1');
INSERT INTO studentPlans VALUES('D1000029B', FALSE, 'FMC1201', 'AY 16/17 Sem 2');
INSERT INTO studentPlans VALUES('D1000029B', FALSE, 'CG1001', 'AY 16/17 Sem 2');
INSERT INTO studentPlans VALUES('D1000029B', FALSE, 'FMC1206', 'AY 16/17 Sem 2');
INSERT INTO studentPlans VALUES('D1000029B', FALSE, 'CS1280', 'AY 16/17 Sem 2');
INSERT INTO studentPlans VALUES('D1000029B', FALSE, 'FMC1204', 'AY 16/17 Sem 2');
INSERT INTO studentPlans VALUES('D1000029B', FALSE, 'CS2107', 'AY 17/18 Sem 1');
INSERT INTO studentPlans VALUES('D1000029B', FALSE, 'CS2103', 'AY 17/18 Sem 1');
INSERT INTO studentPlans VALUES('D1000029B', FALSE, 'CS2281', 'AY 17/18 Sem 1');
INSERT INTO studentPlans VALUES('D1000029B', FALSE, 'CS2101', 'AY 17/18 Sem 1');
INSERT INTO studentPlans VALUES('D1000029B', FALSE, 'CS2102', 'AY 17/18 Sem 1');
INSERT INTO studentPlans VALUES('D1000029B', FALSE, 'CS2104', 'AY 17/18 Sem 2');
INSERT INTO studentPlans VALUES('D1000029B', FALSE, 'CS2105', 'AY 17/18 Sem 2');
INSERT INTO studentPlans VALUES('D1000029B', FALSE, 'CP2201', 'AY 17/18 Sem 2');
INSERT INTO studentPlans VALUES('D1000029B', FALSE, 'CS2309', 'AY 17/18 Sem 2');
INSERT INTO studentPlans VALUES('D1000029B', FALSE, 'IT2001', 'AY 17/18 Sem 2');

INSERT INTO student VALUES('D1000030B', 1);
INSERT INTO takesFocusArea VALUES('D1000030B', 'Multimedia Information Retrieval', NULL);
INSERT INTO studentPlans VALUES('D1000030B', TRUE, 'CS1231', 'AY 16/17 Sem 1');
INSERT INTO studentPlans VALUES('D1000030B', TRUE, 'FMC1204', 'AY 16/17 Sem 1');
INSERT INTO studentPlans VALUES('D1000030B', TRUE, 'IT1002', 'AY 16/17 Sem 1');
INSERT INTO studentPlans VALUES('D1000030B', TRUE, 'CS1101S', 'AY 16/17 Sem 1');
INSERT INTO studentPlans VALUES('D1000030B', TRUE, 'FMC1202', 'AY 16/17 Sem 1');
INSERT INTO studentPlans VALUES('D1000030B', FALSE, 'CS1020E', 'AY 16/17 Sem 2');
INSERT INTO studentPlans VALUES('D1000030B', FALSE, 'IT1006', 'AY 16/17 Sem 2');
INSERT INTO studentPlans VALUES('D1000030B', FALSE, 'IT1005', 'AY 16/17 Sem 2');
INSERT INTO studentPlans VALUES('D1000030B', FALSE, 'CS1281', 'AY 16/17 Sem 2');
INSERT INTO studentPlans VALUES('D1000030B', FALSE, 'CS1102', 'AY 16/17 Sem 2');
INSERT INTO studentPlans VALUES('D1000030B', FALSE, 'CP2201', 'AY 17/18 Sem 1');
INSERT INTO studentPlans VALUES('D1000030B', FALSE, 'CG2271', 'AY 17/18 Sem 1');
INSERT INTO studentPlans VALUES('D1000030B', FALSE, 'CS2220', 'AY 17/18 Sem 1');
INSERT INTO studentPlans VALUES('D1000030B', FALSE, 'CS2101', 'AY 17/18 Sem 1');
INSERT INTO studentPlans VALUES('D1000030B', FALSE, 'IT2002', 'AY 17/18 Sem 1');
INSERT INTO studentPlans VALUES('D1000030B', FALSE, 'CS2108', 'AY 17/18 Sem 2');
INSERT INTO studentPlans VALUES('D1000030B', FALSE, 'CS2309', 'AY 17/18 Sem 2');
INSERT INTO studentPlans VALUES('D1000030B', FALSE, 'CS2105', 'AY 17/18 Sem 2');
INSERT INTO studentPlans VALUES('D1000030B', FALSE, 'CS2104', 'AY 17/18 Sem 2');
INSERT INTO studentPlans VALUES('D1000030B', FALSE, 'CS2281', 'AY 17/18 Sem 2');

INSERT INTO student VALUES('D1000031B', 1);
INSERT INTO takesFocusArea VALUES('D1000031B', 'Programming Languages', NULL);
INSERT INTO studentPlans VALUES('D1000031B', TRUE, 'FMC1206', 'AY 16/17 Sem 1');
INSERT INTO studentPlans VALUES('D1000031B', TRUE, 'CS1020E', 'AY 16/17 Sem 1');
INSERT INTO studentPlans VALUES('D1000031B', TRUE, 'CS1010J', 'AY 16/17 Sem 1');
INSERT INTO studentPlans VALUES('D1000031B', TRUE, 'IT1001', 'AY 16/17 Sem 1');
INSERT INTO studentPlans VALUES('D1000031B', TRUE, 'CS1020', 'AY 16/17 Sem 1');
INSERT INTO studentPlans VALUES('D1000031B', FALSE, 'CS1102C', 'AY 16/17 Sem 2');
INSERT INTO studentPlans VALUES('D1000031B', FALSE, 'IT1003', 'AY 16/17 Sem 2');
INSERT INTO studentPlans VALUES('D1000031B', FALSE, 'IT1006', 'AY 16/17 Sem 2');
INSERT INTO studentPlans VALUES('D1000031B', FALSE, 'FMC1204', 'AY 16/17 Sem 2');
INSERT INTO studentPlans VALUES('D1000031B', FALSE, 'CS1010E', 'AY 16/17 Sem 2');
INSERT INTO studentPlans VALUES('D1000031B', FALSE, 'CS2105', 'AY 17/18 Sem 1');
INSERT INTO studentPlans VALUES('D1000031B', FALSE, 'CS2107', 'AY 17/18 Sem 1');
INSERT INTO studentPlans VALUES('D1000031B', FALSE, 'CS2010', 'AY 17/18 Sem 1');
INSERT INTO studentPlans VALUES('D1000031B', FALSE, 'CG2271', 'AY 17/18 Sem 1');
INSERT INTO studentPlans VALUES('D1000031B', FALSE, 'IT2002', 'AY 17/18 Sem 1');
INSERT INTO studentPlans VALUES('D1000031B', FALSE, 'CS2220', 'AY 17/18 Sem 2');
INSERT INTO studentPlans VALUES('D1000031B', FALSE, 'CP2201', 'AY 17/18 Sem 2');
INSERT INTO studentPlans VALUES('D1000031B', FALSE, 'CS2101', 'AY 17/18 Sem 2');
INSERT INTO studentPlans VALUES('D1000031B', FALSE, 'CS2102', 'AY 17/18 Sem 2');
INSERT INTO studentPlans VALUES('D1000031B', FALSE, 'CS2104', 'AY 17/18 Sem 2');

INSERT INTO student VALUES('D1000032B', 1);
INSERT INTO takesFocusArea VALUES('D1000032B', 'Database Systems', NULL);
INSERT INTO studentPlans VALUES('D1000032B', TRUE, 'CS1281', 'AY 16/17 Sem 1');
INSERT INTO studentPlans VALUES('D1000032B', TRUE, 'IT1001', 'AY 16/17 Sem 1');
INSERT INTO studentPlans VALUES('D1000032B', TRUE, 'FMC1206', 'AY 16/17 Sem 1');
INSERT INTO studentPlans VALUES('D1000032B', TRUE, 'CS1102C', 'AY 16/17 Sem 1');
INSERT INTO studentPlans VALUES('D1000032B', TRUE, 'CS1010J', 'AY 16/17 Sem 1');
INSERT INTO studentPlans VALUES('D1000032B', FALSE, 'CS1010S', 'AY 16/17 Sem 2');
INSERT INTO studentPlans VALUES('D1000032B', FALSE, 'CS1020', 'AY 16/17 Sem 2');
INSERT INTO studentPlans VALUES('D1000032B', FALSE, 'IT1801', 'AY 16/17 Sem 2');
INSERT INTO studentPlans VALUES('D1000032B', FALSE, 'IT1004', 'AY 16/17 Sem 2');
INSERT INTO studentPlans VALUES('D1000032B', FALSE, 'GEM1501', 'AY 16/17 Sem 2');
INSERT INTO studentPlans VALUES('D1000032B', FALSE, 'CS2108', 'AY 17/18 Sem 1');
INSERT INTO studentPlans VALUES('D1000032B', FALSE, 'CS2010', 'AY 17/18 Sem 1');
INSERT INTO studentPlans VALUES('D1000032B', FALSE, 'CS2103T', 'AY 17/18 Sem 1');
INSERT INTO studentPlans VALUES('D1000032B', FALSE, 'CS2101', 'AY 17/18 Sem 1');
INSERT INTO studentPlans VALUES('D1000032B', FALSE, 'CS2106', 'AY 17/18 Sem 1');
INSERT INTO studentPlans VALUES('D1000032B', FALSE, 'IT2002', 'AY 17/18 Sem 2');
INSERT INTO studentPlans VALUES('D1000032B', FALSE, 'CP2201', 'AY 17/18 Sem 2');
INSERT INTO studentPlans VALUES('D1000032B', FALSE, 'CS2309', 'AY 17/18 Sem 2');
INSERT INTO studentPlans VALUES('D1000032B', FALSE, 'CS2103', 'AY 17/18 Sem 2');
INSERT INTO studentPlans VALUES('D1000032B', FALSE, 'CS2105', 'AY 17/18 Sem 2');

INSERT INTO student VALUES('D1000033B', 1);
INSERT INTO takesFocusArea VALUES('D1000033B', 'Visual Computing', NULL);
INSERT INTO studentPlans VALUES('D1000033B', TRUE, 'FMC1206', 'AY 16/17 Sem 1');
INSERT INTO studentPlans VALUES('D1000033B', TRUE, 'CS1020', 'AY 16/17 Sem 1');
INSERT INTO studentPlans VALUES('D1000033B', TRUE, 'CS1281', 'AY 16/17 Sem 1');
INSERT INTO studentPlans VALUES('D1000033B', TRUE, 'FMC1203', 'AY 16/17 Sem 1');
INSERT INTO studentPlans VALUES('D1000033B', TRUE, 'CG1001', 'AY 16/17 Sem 1');
INSERT INTO studentPlans VALUES('D1000033B', FALSE, 'FMC1204', 'AY 16/17 Sem 2');
INSERT INTO studentPlans VALUES('D1000033B', FALSE, 'IT1006', 'AY 16/17 Sem 2');
INSERT INTO studentPlans VALUES('D1000033B', FALSE, 'IT1003', 'AY 16/17 Sem 2');
INSERT INTO studentPlans VALUES('D1000033B', FALSE, 'CS1010E', 'AY 16/17 Sem 2');
INSERT INTO studentPlans VALUES('D1000033B', FALSE, 'CS1280', 'AY 16/17 Sem 2');
INSERT INTO studentPlans VALUES('D1000033B', FALSE, 'IT2001', 'AY 17/18 Sem 1');
INSERT INTO studentPlans VALUES('D1000033B', FALSE, 'CS2010', 'AY 17/18 Sem 1');
INSERT INTO studentPlans VALUES('D1000033B', FALSE, 'CS2271', 'AY 17/18 Sem 1');
INSERT INTO studentPlans VALUES('D1000033B', FALSE, 'CS2101', 'AY 17/18 Sem 1');
INSERT INTO studentPlans VALUES('D1000033B', FALSE, 'CS2102', 'AY 17/18 Sem 1');
INSERT INTO studentPlans VALUES('D1000033B', FALSE, 'CS2220', 'AY 17/18 Sem 2');
INSERT INTO studentPlans VALUES('D1000033B', FALSE, 'CS2108', 'AY 17/18 Sem 2');
INSERT INTO studentPlans VALUES('D1000033B', FALSE, 'CG2271', 'AY 17/18 Sem 2');
INSERT INTO studentPlans VALUES('D1000033B', FALSE, 'IT2002', 'AY 17/18 Sem 2');
INSERT INTO studentPlans VALUES('D1000033B', FALSE, 'CS2100', 'AY 17/18 Sem 2');

INSERT INTO student VALUES('D1000034B', 1);
INSERT INTO takesFocusArea VALUES('D1000034B', 'Interactive Media', NULL);
INSERT INTO studentPlans VALUES('D1000034B', TRUE, 'FMC1202', 'AY 16/17 Sem 1');
INSERT INTO studentPlans VALUES('D1000034B', TRUE, 'CS1010X', 'AY 16/17 Sem 1');
INSERT INTO studentPlans VALUES('D1000034B', TRUE, 'IT1002', 'AY 16/17 Sem 1');
INSERT INTO studentPlans VALUES('D1000034B', TRUE, 'CS1020E', 'AY 16/17 Sem 1');
INSERT INTO studentPlans VALUES('D1000034B', TRUE, 'FMC1201', 'AY 16/17 Sem 1');
INSERT INTO studentPlans VALUES('D1000034B', FALSE, 'FMC1205', 'AY 16/17 Sem 2');
INSERT INTO studentPlans VALUES('D1000034B', FALSE, 'IT1001', 'AY 16/17 Sem 2');
INSERT INTO studentPlans VALUES('D1000034B', FALSE, 'CG1001', 'AY 16/17 Sem 2');
INSERT INTO studentPlans VALUES('D1000034B', FALSE, 'CS1101S', 'AY 16/17 Sem 2');
INSERT INTO studentPlans VALUES('D1000034B', FALSE, 'GEM1501', 'AY 16/17 Sem 2');
INSERT INTO studentPlans VALUES('D1000034B', FALSE, 'CS2101', 'AY 17/18 Sem 1');
INSERT INTO studentPlans VALUES('D1000034B', FALSE, 'CS2220', 'AY 17/18 Sem 1');
INSERT INTO studentPlans VALUES('D1000034B', FALSE, 'IT2001', 'AY 17/18 Sem 1');
INSERT INTO studentPlans VALUES('D1000034B', FALSE, 'CS2105', 'AY 17/18 Sem 1');
INSERT INTO studentPlans VALUES('D1000034B', FALSE, 'CP2201', 'AY 17/18 Sem 1');
INSERT INTO studentPlans VALUES('D1000034B', FALSE, 'CG2271', 'AY 17/18 Sem 2');
INSERT INTO studentPlans VALUES('D1000034B', FALSE, 'CS2106', 'AY 17/18 Sem 2');
INSERT INTO studentPlans VALUES('D1000034B', FALSE, 'CS2103T', 'AY 17/18 Sem 2');
INSERT INTO studentPlans VALUES('D1000034B', FALSE, 'CS2100', 'AY 17/18 Sem 2');
INSERT INTO studentPlans VALUES('D1000034B', FALSE, 'CS2103', 'AY 17/18 Sem 2');

INSERT INTO student VALUES('D1000035B', 1);
INSERT INTO takesFocusArea VALUES('D1000035B', 'Computer Security', NULL);
INSERT INTO studentPlans VALUES('D1000035B', TRUE, 'CS1231', 'AY 16/17 Sem 1');
INSERT INTO studentPlans VALUES('D1000035B', TRUE, 'IT1006', 'AY 16/17 Sem 1');
INSERT INTO studentPlans VALUES('D1000035B', TRUE, 'CS1010E', 'AY 16/17 Sem 1');
INSERT INTO studentPlans VALUES('D1000035B', TRUE, 'CS1010S', 'AY 16/17 Sem 1');
INSERT INTO studentPlans VALUES('D1000035B', TRUE, 'IT1003', 'AY 16/17 Sem 1');
INSERT INTO studentPlans VALUES('D1000035B', FALSE, 'IT1005', 'AY 16/17 Sem 2');
INSERT INTO studentPlans VALUES('D1000035B', FALSE, 'CS1010X', 'AY 16/17 Sem 2');
INSERT INTO studentPlans VALUES('D1000035B', FALSE, 'FMC1206', 'AY 16/17 Sem 2');
INSERT INTO studentPlans VALUES('D1000035B', FALSE, 'CS1101S', 'AY 16/17 Sem 2');
INSERT INTO studentPlans VALUES('D1000035B', FALSE, 'FMC1201', 'AY 16/17 Sem 2');
INSERT INTO studentPlans VALUES('D1000035B', FALSE, 'CS2108', 'AY 17/18 Sem 1');
INSERT INTO studentPlans VALUES('D1000035B', FALSE, 'CS2010', 'AY 17/18 Sem 1');
INSERT INTO studentPlans VALUES('D1000035B', FALSE, 'CS2020', 'AY 17/18 Sem 1');
INSERT INTO studentPlans VALUES('D1000035B', FALSE, 'CS2101', 'AY 17/18 Sem 1');
INSERT INTO studentPlans VALUES('D1000035B', FALSE, 'CS2102', 'AY 17/18 Sem 1');
INSERT INTO studentPlans VALUES('D1000035B', FALSE, 'CS2271', 'AY 17/18 Sem 2');
INSERT INTO studentPlans VALUES('D1000035B', FALSE, 'CS2309', 'AY 17/18 Sem 2');
INSERT INTO studentPlans VALUES('D1000035B', FALSE, 'CS2100', 'AY 17/18 Sem 2');
INSERT INTO studentPlans VALUES('D1000035B', FALSE, 'CS2106', 'AY 17/18 Sem 2');
INSERT INTO studentPlans VALUES('D1000035B', FALSE, 'CP2201', 'AY 17/18 Sem 2');

INSERT INTO student VALUES('D1000036B', 1);
INSERT INTO takesFocusArea VALUES('D1000036B', 'Networking and Distributed Systems', NULL);
INSERT INTO studentPlans VALUES('D1000036B', TRUE, 'FMC1206', 'AY 16/17 Sem 1');
INSERT INTO studentPlans VALUES('D1000036B', TRUE, 'CS1102C', 'AY 16/17 Sem 1');
INSERT INTO studentPlans VALUES('D1000036B', TRUE, 'CS1281', 'AY 16/17 Sem 1');
INSERT INTO studentPlans VALUES('D1000036B', TRUE, 'CS1010J', 'AY 16/17 Sem 1');
INSERT INTO studentPlans VALUES('D1000036B', TRUE, 'GET1031', 'AY 16/17 Sem 1');
INSERT INTO studentPlans VALUES('D1000036B', FALSE, 'CS1010E', 'AY 16/17 Sem 2');
INSERT INTO studentPlans VALUES('D1000036B', FALSE, 'CS1020', 'AY 16/17 Sem 2');
INSERT INTO studentPlans VALUES('D1000036B', FALSE, 'FMC1201', 'AY 16/17 Sem 2');
INSERT INTO studentPlans VALUES('D1000036B', FALSE, 'FMC1202', 'AY 16/17 Sem 2');
INSERT INTO studentPlans VALUES('D1000036B', FALSE, 'CS1280', 'AY 16/17 Sem 2');
INSERT INTO studentPlans VALUES('D1000036B', FALSE, 'CS2020', 'AY 17/18 Sem 1');
INSERT INTO studentPlans VALUES('D1000036B', FALSE, 'CS2105', 'AY 17/18 Sem 1');
INSERT INTO studentPlans VALUES('D1000036B', FALSE, 'CS2106', 'AY 17/18 Sem 1');
INSERT INTO studentPlans VALUES('D1000036B', FALSE, 'CS2220', 'AY 17/18 Sem 1');
INSERT INTO studentPlans VALUES('D1000036B', FALSE, 'CS2103T', 'AY 17/18 Sem 1');
INSERT INTO studentPlans VALUES('D1000036B', FALSE, 'CS2107', 'AY 17/18 Sem 2');
INSERT INTO studentPlans VALUES('D1000036B', FALSE, 'CP2201', 'AY 17/18 Sem 2');
INSERT INTO studentPlans VALUES('D1000036B', FALSE, 'IT2001', 'AY 17/18 Sem 2');
INSERT INTO studentPlans VALUES('D1000036B', FALSE, 'CS2010', 'AY 17/18 Sem 2');
INSERT INTO studentPlans VALUES('D1000036B', FALSE, 'CS2309', 'AY 17/18 Sem 2');

INSERT INTO student VALUES('D1000037B', 1);
INSERT INTO takesFocusArea VALUES('D1000037B', 'Parallel Computing', NULL);
INSERT INTO studentPlans VALUES('D1000037B', TRUE, 'IT1006', 'AY 16/17 Sem 1');
INSERT INTO studentPlans VALUES('D1000037B', TRUE, 'CS1101S', 'AY 16/17 Sem 1');
INSERT INTO studentPlans VALUES('D1000037B', TRUE, 'GET1031', 'AY 16/17 Sem 1');
INSERT INTO studentPlans VALUES('D1000037B', TRUE, 'FMC1205', 'AY 16/17 Sem 1');
INSERT INTO studentPlans VALUES('D1000037B', TRUE, 'CS1102C', 'AY 16/17 Sem 1');
INSERT INTO studentPlans VALUES('D1000037B', FALSE, 'GEM1501', 'AY 16/17 Sem 2');
INSERT INTO studentPlans VALUES('D1000037B', FALSE, 'CS1010E', 'AY 16/17 Sem 2');
INSERT INTO studentPlans VALUES('D1000037B', FALSE, 'FMC1206', 'AY 16/17 Sem 2');
INSERT INTO studentPlans VALUES('D1000037B', FALSE, 'CS1231', 'AY 16/17 Sem 2');
INSERT INTO studentPlans VALUES('D1000037B', FALSE, 'CS1010', 'AY 16/17 Sem 2');
INSERT INTO studentPlans VALUES('D1000037B', FALSE, 'CS2102', 'AY 17/18 Sem 1');
INSERT INTO studentPlans VALUES('D1000037B', FALSE, 'CS2103T', 'AY 17/18 Sem 1');
INSERT INTO studentPlans VALUES('D1000037B', FALSE, 'IT2002', 'AY 17/18 Sem 1');
INSERT INTO studentPlans VALUES('D1000037B', FALSE, 'CG2271', 'AY 17/18 Sem 1');
INSERT INTO studentPlans VALUES('D1000037B', FALSE, 'CS2309', 'AY 17/18 Sem 1');
INSERT INTO studentPlans VALUES('D1000037B', FALSE, 'CS2281', 'AY 17/18 Sem 2');
INSERT INTO studentPlans VALUES('D1000037B', FALSE, 'CS2107', 'AY 17/18 Sem 2');
INSERT INTO studentPlans VALUES('D1000037B', FALSE, 'CS2010', 'AY 17/18 Sem 2');
INSERT INTO studentPlans VALUES('D1000037B', FALSE, 'CP2201', 'AY 17/18 Sem 2');
INSERT INTO studentPlans VALUES('D1000037B', FALSE, 'CS2271', 'AY 17/18 Sem 2');

INSERT INTO student VALUES('D1000038B', 1);
INSERT INTO takesFocusArea VALUES('D1000038B', 'Interactive Media', NULL);
INSERT INTO studentPlans VALUES('D1000038B', TRUE, 'CS1010S', 'AY 16/17 Sem 1');
INSERT INTO studentPlans VALUES('D1000038B', TRUE, 'GEM1501', 'AY 16/17 Sem 1');
INSERT INTO studentPlans VALUES('D1000038B', TRUE, 'CS1101S', 'AY 16/17 Sem 1');
INSERT INTO studentPlans VALUES('D1000038B', TRUE, 'CS1020', 'AY 16/17 Sem 1');
INSERT INTO studentPlans VALUES('D1000038B', TRUE, 'IT1004', 'AY 16/17 Sem 1');
INSERT INTO studentPlans VALUES('D1000038B', FALSE, 'CS1010X', 'AY 16/17 Sem 2');
INSERT INTO studentPlans VALUES('D1000038B', FALSE, 'IT1002', 'AY 16/17 Sem 2');
INSERT INTO studentPlans VALUES('D1000038B', FALSE, 'FMC1201', 'AY 16/17 Sem 2');
INSERT INTO studentPlans VALUES('D1000038B', FALSE, 'FMC1206', 'AY 16/17 Sem 2');
INSERT INTO studentPlans VALUES('D1000038B', FALSE, 'CS1231', 'AY 16/17 Sem 2');
INSERT INTO studentPlans VALUES('D1000038B', FALSE, 'CS2108', 'AY 17/18 Sem 1');
INSERT INTO studentPlans VALUES('D1000038B', FALSE, 'CS2103', 'AY 17/18 Sem 1');
INSERT INTO studentPlans VALUES('D1000038B', FALSE, 'CS2103T', 'AY 17/18 Sem 1');
INSERT INTO studentPlans VALUES('D1000038B', FALSE, 'CG2271', 'AY 17/18 Sem 1');
INSERT INTO studentPlans VALUES('D1000038B', FALSE, 'CS2105', 'AY 17/18 Sem 1');
INSERT INTO studentPlans VALUES('D1000038B', FALSE, 'CS2220', 'AY 17/18 Sem 2');
INSERT INTO studentPlans VALUES('D1000038B', FALSE, 'CS2106', 'AY 17/18 Sem 2');
INSERT INTO studentPlans VALUES('D1000038B', FALSE, 'CS2010', 'AY 17/18 Sem 2');
INSERT INTO studentPlans VALUES('D1000038B', FALSE, 'CS2309', 'AY 17/18 Sem 2');
INSERT INTO studentPlans VALUES('D1000038B', FALSE, 'IT2001', 'AY 17/18 Sem 2');

INSERT INTO student VALUES('D1000039B', 1);
INSERT INTO takesFocusArea VALUES('D1000039B', 'Visual Computing', NULL);
INSERT INTO studentPlans VALUES('D1000039B', TRUE, 'IT1801', 'AY 16/17 Sem 1');
INSERT INTO studentPlans VALUES('D1000039B', TRUE, 'FMC1202', 'AY 16/17 Sem 1');
INSERT INTO studentPlans VALUES('D1000039B', TRUE, 'IT1006', 'AY 16/17 Sem 1');
INSERT INTO studentPlans VALUES('D1000039B', TRUE, 'CS1280', 'AY 16/17 Sem 1');
INSERT INTO studentPlans VALUES('D1000039B', TRUE, 'GET1031', 'AY 16/17 Sem 1');
INSERT INTO studentPlans VALUES('D1000039B', FALSE, 'IT1003', 'AY 16/17 Sem 2');
INSERT INTO studentPlans VALUES('D1000039B', FALSE, 'CS1010E', 'AY 16/17 Sem 2');
INSERT INTO studentPlans VALUES('D1000039B', FALSE, 'CS1010X', 'AY 16/17 Sem 2');
INSERT INTO studentPlans VALUES('D1000039B', FALSE, 'CS1010J', 'AY 16/17 Sem 2');
INSERT INTO studentPlans VALUES('D1000039B', FALSE, 'CS1102', 'AY 16/17 Sem 2');
INSERT INTO studentPlans VALUES('D1000039B', FALSE, 'CS2271', 'AY 17/18 Sem 1');
INSERT INTO studentPlans VALUES('D1000039B', FALSE, 'IT2002', 'AY 17/18 Sem 1');
INSERT INTO studentPlans VALUES('D1000039B', FALSE, 'CS2101', 'AY 17/18 Sem 1');
INSERT INTO studentPlans VALUES('D1000039B', FALSE, 'CS2020', 'AY 17/18 Sem 1');
INSERT INTO studentPlans VALUES('D1000039B', FALSE, 'CS2107', 'AY 17/18 Sem 1');
INSERT INTO studentPlans VALUES('D1000039B', FALSE, 'CS2102', 'AY 17/18 Sem 2');
INSERT INTO studentPlans VALUES('D1000039B', FALSE, 'CS2103T', 'AY 17/18 Sem 2');
INSERT INTO studentPlans VALUES('D1000039B', FALSE, 'CS2220', 'AY 17/18 Sem 2');
INSERT INTO studentPlans VALUES('D1000039B', FALSE, 'CS2105', 'AY 17/18 Sem 2');
INSERT INTO studentPlans VALUES('D1000039B', FALSE, 'CP2201', 'AY 17/18 Sem 2');

INSERT INTO student VALUES('D1000040B', 1);
INSERT INTO takesFocusArea VALUES('D1000040B', 'Software Engineering', NULL);
INSERT INTO studentPlans VALUES('D1000040B', TRUE, 'CS1020E', 'AY 16/17 Sem 1');
INSERT INTO studentPlans VALUES('D1000040B', TRUE, 'CS1010J', 'AY 16/17 Sem 1');
INSERT INTO studentPlans VALUES('D1000040B', TRUE, 'CS1231', 'AY 16/17 Sem 1');
INSERT INTO studentPlans VALUES('D1000040B', TRUE, 'CS1010S', 'AY 16/17 Sem 1');
INSERT INTO studentPlans VALUES('D1000040B', TRUE, 'IT1801', 'AY 16/17 Sem 1');
INSERT INTO studentPlans VALUES('D1000040B', FALSE, 'CS1102C', 'AY 16/17 Sem 2');
INSERT INTO studentPlans VALUES('D1000040B', FALSE, 'IT1003', 'AY 16/17 Sem 2');
INSERT INTO studentPlans VALUES('D1000040B', FALSE, 'CS1281', 'AY 16/17 Sem 2');
INSERT INTO studentPlans VALUES('D1000040B', FALSE, 'FMC1202', 'AY 16/17 Sem 2');
INSERT INTO studentPlans VALUES('D1000040B', FALSE, 'IT1005', 'AY 16/17 Sem 2');
INSERT INTO studentPlans VALUES('D1000040B', FALSE, 'CS2010', 'AY 17/18 Sem 1');
INSERT INTO studentPlans VALUES('D1000040B', FALSE, 'CS2100', 'AY 17/18 Sem 1');
INSERT INTO studentPlans VALUES('D1000040B', FALSE, 'CS2104', 'AY 17/18 Sem 1');
INSERT INTO studentPlans VALUES('D1000040B', FALSE, 'CG2271', 'AY 17/18 Sem 1');
INSERT INTO studentPlans VALUES('D1000040B', FALSE, 'IT2001', 'AY 17/18 Sem 1');
INSERT INTO studentPlans VALUES('D1000040B', FALSE, 'IT2002', 'AY 17/18 Sem 2');
INSERT INTO studentPlans VALUES('D1000040B', FALSE, 'CS2309', 'AY 17/18 Sem 2');
INSERT INTO studentPlans VALUES('D1000040B', FALSE, 'CS2108', 'AY 17/18 Sem 2');
INSERT INTO studentPlans VALUES('D1000040B', FALSE, 'CS2102', 'AY 17/18 Sem 2');
INSERT INTO studentPlans VALUES('D1000040B', FALSE, 'CP2201', 'AY 17/18 Sem 2');

INSERT INTO student VALUES('D1000041B', 1);
INSERT INTO takesFocusArea VALUES('D1000041B', 'Computer Security', NULL);
INSERT INTO studentPlans VALUES('D1000041B', TRUE, 'CS1010E', 'AY 16/17 Sem 1');
INSERT INTO studentPlans VALUES('D1000041B', TRUE, 'FMC1206', 'AY 16/17 Sem 1');
INSERT INTO studentPlans VALUES('D1000041B', TRUE, 'IT1006', 'AY 16/17 Sem 1');
INSERT INTO studentPlans VALUES('D1000041B', TRUE, 'GET1031', 'AY 16/17 Sem 1');
INSERT INTO studentPlans VALUES('D1000041B', TRUE, 'CS1231', 'AY 16/17 Sem 1');
INSERT INTO studentPlans VALUES('D1000041B', FALSE, 'CS1020', 'AY 16/17 Sem 2');
INSERT INTO studentPlans VALUES('D1000041B', FALSE, 'IT1801', 'AY 16/17 Sem 2');
INSERT INTO studentPlans VALUES('D1000041B', FALSE, 'CG1001', 'AY 16/17 Sem 2');
INSERT INTO studentPlans VALUES('D1000041B', FALSE, 'CS1010J', 'AY 16/17 Sem 2');
INSERT INTO studentPlans VALUES('D1000041B', FALSE, 'FMC1205', 'AY 16/17 Sem 2');
INSERT INTO studentPlans VALUES('D1000041B', FALSE, 'CS2281', 'AY 17/18 Sem 1');
INSERT INTO studentPlans VALUES('D1000041B', FALSE, 'CG2271', 'AY 17/18 Sem 1');
INSERT INTO studentPlans VALUES('D1000041B', FALSE, 'CS2020', 'AY 17/18 Sem 1');
INSERT INTO studentPlans VALUES('D1000041B', FALSE, 'CP2201', 'AY 17/18 Sem 1');
INSERT INTO studentPlans VALUES('D1000041B', FALSE, 'CS2103T', 'AY 17/18 Sem 1');
INSERT INTO studentPlans VALUES('D1000041B', FALSE, 'CS2106', 'AY 17/18 Sem 2');
INSERT INTO studentPlans VALUES('D1000041B', FALSE, 'CS2103', 'AY 17/18 Sem 2');
INSERT INTO studentPlans VALUES('D1000041B', FALSE, 'CS2105', 'AY 17/18 Sem 2');
INSERT INTO studentPlans VALUES('D1000041B', FALSE, 'IT2002', 'AY 17/18 Sem 2');
INSERT INTO studentPlans VALUES('D1000041B', FALSE, 'CS2100', 'AY 17/18 Sem 2');

INSERT INTO student VALUES('D1000042B', 1);
INSERT INTO takesFocusArea VALUES('D1000042B', 'Networking and Distributed Systems', NULL);
INSERT INTO studentPlans VALUES('D1000042B', TRUE, 'IT1003', 'AY 16/17 Sem 1');
INSERT INTO studentPlans VALUES('D1000042B', TRUE, 'CS1010', 'AY 16/17 Sem 1');
INSERT INTO studentPlans VALUES('D1000042B', TRUE, 'IT1006', 'AY 16/17 Sem 1');
INSERT INTO studentPlans VALUES('D1000042B', TRUE, 'CS1010X', 'AY 16/17 Sem 1');
INSERT INTO studentPlans VALUES('D1000042B', TRUE, 'FMC1204', 'AY 16/17 Sem 1');
INSERT INTO studentPlans VALUES('D1000042B', FALSE, 'CS1231', 'AY 16/17 Sem 2');
INSERT INTO studentPlans VALUES('D1000042B', FALSE, 'FMC1205', 'AY 16/17 Sem 2');
INSERT INTO studentPlans VALUES('D1000042B', FALSE, 'FMC1201', 'AY 16/17 Sem 2');
INSERT INTO studentPlans VALUES('D1000042B', FALSE, 'FMC1203', 'AY 16/17 Sem 2');
INSERT INTO studentPlans VALUES('D1000042B', FALSE, 'IT1801', 'AY 16/17 Sem 2');
INSERT INTO studentPlans VALUES('D1000042B', FALSE, 'CS2103', 'AY 17/18 Sem 1');
INSERT INTO studentPlans VALUES('D1000042B', FALSE, 'CS2220', 'AY 17/18 Sem 1');
INSERT INTO studentPlans VALUES('D1000042B', FALSE, 'CS2281', 'AY 17/18 Sem 1');
INSERT INTO studentPlans VALUES('D1000042B', FALSE, 'CS2105', 'AY 17/18 Sem 1');
INSERT INTO studentPlans VALUES('D1000042B', FALSE, 'CS2106', 'AY 17/18 Sem 1');
INSERT INTO studentPlans VALUES('D1000042B', FALSE, 'CS2309', 'AY 17/18 Sem 2');
INSERT INTO studentPlans VALUES('D1000042B', FALSE, 'CS2108', 'AY 17/18 Sem 2');
INSERT INTO studentPlans VALUES('D1000042B', FALSE, 'CG2271', 'AY 17/18 Sem 2');
INSERT INTO studentPlans VALUES('D1000042B', FALSE, 'CS2104', 'AY 17/18 Sem 2');
INSERT INTO studentPlans VALUES('D1000042B', FALSE, 'CS2100', 'AY 17/18 Sem 2');

INSERT INTO student VALUES('D1000043B', 1);
INSERT INTO takesFocusArea VALUES('D1000043B', 'Database Systems', NULL);
INSERT INTO studentPlans VALUES('D1000043B', TRUE, 'IT1005', 'AY 16/17 Sem 1');
INSERT INTO studentPlans VALUES('D1000043B', TRUE, 'IT1002', 'AY 16/17 Sem 1');
INSERT INTO studentPlans VALUES('D1000043B', TRUE, 'FMC1201', 'AY 16/17 Sem 1');
INSERT INTO studentPlans VALUES('D1000043B', TRUE, 'FMC1202', 'AY 16/17 Sem 1');
INSERT INTO studentPlans VALUES('D1000043B', TRUE, 'CS1020E', 'AY 16/17 Sem 1');
INSERT INTO studentPlans VALUES('D1000043B', FALSE, 'CG1001', 'AY 16/17 Sem 2');
INSERT INTO studentPlans VALUES('D1000043B', FALSE, 'CS1231', 'AY 16/17 Sem 2');
INSERT INTO studentPlans VALUES('D1000043B', FALSE, 'IT1801', 'AY 16/17 Sem 2');
INSERT INTO studentPlans VALUES('D1000043B', FALSE, 'CS1010E', 'AY 16/17 Sem 2');
INSERT INTO studentPlans VALUES('D1000043B', FALSE, 'GET1031', 'AY 16/17 Sem 2');
INSERT INTO studentPlans VALUES('D1000043B', FALSE, 'CS2104', 'AY 17/18 Sem 1');
INSERT INTO studentPlans VALUES('D1000043B', FALSE, 'IT2001', 'AY 17/18 Sem 1');
INSERT INTO studentPlans VALUES('D1000043B', FALSE, 'CS2106', 'AY 17/18 Sem 1');
INSERT INTO studentPlans VALUES('D1000043B', FALSE, 'IT2002', 'AY 17/18 Sem 1');
INSERT INTO studentPlans VALUES('D1000043B', FALSE, 'CS2103T', 'AY 17/18 Sem 1');
INSERT INTO studentPlans VALUES('D1000043B', FALSE, 'CS2101', 'AY 17/18 Sem 2');
INSERT INTO studentPlans VALUES('D1000043B', FALSE, 'CP2201', 'AY 17/18 Sem 2');
INSERT INTO studentPlans VALUES('D1000043B', FALSE, 'CS2107', 'AY 17/18 Sem 2');
INSERT INTO studentPlans VALUES('D1000043B', FALSE, 'CS2108', 'AY 17/18 Sem 2');
INSERT INTO studentPlans VALUES('D1000043B', FALSE, 'CS2010', 'AY 17/18 Sem 2');

INSERT INTO student VALUES('D1000044B', 1);
INSERT INTO takesFocusArea VALUES('D1000044B', 'Software Engineering', NULL);
INSERT INTO studentPlans VALUES('D1000044B', TRUE, 'IT1002', 'AY 16/17 Sem 1');
INSERT INTO studentPlans VALUES('D1000044B', TRUE, 'GEM1501', 'AY 16/17 Sem 1');
INSERT INTO studentPlans VALUES('D1000044B', TRUE, 'CS1010E', 'AY 16/17 Sem 1');
INSERT INTO studentPlans VALUES('D1000044B', TRUE, 'CS1102C', 'AY 16/17 Sem 1');
INSERT INTO studentPlans VALUES('D1000044B', TRUE, 'FMC1202', 'AY 16/17 Sem 1');
INSERT INTO studentPlans VALUES('D1000044B', FALSE, 'IT1004', 'AY 16/17 Sem 2');
INSERT INTO studentPlans VALUES('D1000044B', FALSE, 'IT1801', 'AY 16/17 Sem 2');
INSERT INTO studentPlans VALUES('D1000044B', FALSE, 'CS1231', 'AY 16/17 Sem 2');
INSERT INTO studentPlans VALUES('D1000044B', FALSE, 'FMC1206', 'AY 16/17 Sem 2');
INSERT INTO studentPlans VALUES('D1000044B', FALSE, 'CS1010X', 'AY 16/17 Sem 2');
INSERT INTO studentPlans VALUES('D1000044B', FALSE, 'CS2220', 'AY 17/18 Sem 1');
INSERT INTO studentPlans VALUES('D1000044B', FALSE, 'CP2201', 'AY 17/18 Sem 1');
INSERT INTO studentPlans VALUES('D1000044B', FALSE, 'CS2010', 'AY 17/18 Sem 1');
INSERT INTO studentPlans VALUES('D1000044B', FALSE, 'CG2271', 'AY 17/18 Sem 1');
INSERT INTO studentPlans VALUES('D1000044B', FALSE, 'CS2106', 'AY 17/18 Sem 1');
INSERT INTO studentPlans VALUES('D1000044B', FALSE, 'CS2101', 'AY 17/18 Sem 2');
INSERT INTO studentPlans VALUES('D1000044B', FALSE, 'IT2001', 'AY 17/18 Sem 2');
INSERT INTO studentPlans VALUES('D1000044B', FALSE, 'CS2103T', 'AY 17/18 Sem 2');
INSERT INTO studentPlans VALUES('D1000044B', FALSE, 'CS2103', 'AY 17/18 Sem 2');
INSERT INTO studentPlans VALUES('D1000044B', FALSE, 'CS2281', 'AY 17/18 Sem 2');

INSERT INTO student VALUES('D1000045B', 1);
INSERT INTO takesFocusArea VALUES('D1000045B', 'Networking and Distributed Systems', NULL);
INSERT INTO studentPlans VALUES('D1000045B', TRUE, 'CS1102C', 'AY 16/17 Sem 1');
INSERT INTO studentPlans VALUES('D1000045B', TRUE, 'CS1280', 'AY 16/17 Sem 1');
INSERT INTO studentPlans VALUES('D1000045B', TRUE, 'CS1010E', 'AY 16/17 Sem 1');
INSERT INTO studentPlans VALUES('D1000045B', TRUE, 'IT1004', 'AY 16/17 Sem 1');
INSERT INTO studentPlans VALUES('D1000045B', TRUE, 'FMC1205', 'AY 16/17 Sem 1');
INSERT INTO studentPlans VALUES('D1000045B', FALSE, 'CS1102', 'AY 16/17 Sem 2');
INSERT INTO studentPlans VALUES('D1000045B', FALSE, 'CS1010J', 'AY 16/17 Sem 2');
INSERT INTO studentPlans VALUES('D1000045B', FALSE, 'CS1010X', 'AY 16/17 Sem 2');
INSERT INTO studentPlans VALUES('D1000045B', FALSE, 'FMC1202', 'AY 16/17 Sem 2');
INSERT INTO studentPlans VALUES('D1000045B', FALSE, 'CS1010S', 'AY 16/17 Sem 2');
INSERT INTO studentPlans VALUES('D1000045B', FALSE, 'CG2271', 'AY 17/18 Sem 1');
INSERT INTO studentPlans VALUES('D1000045B', FALSE, 'IT2001', 'AY 17/18 Sem 1');
INSERT INTO studentPlans VALUES('D1000045B', FALSE, 'CS2107', 'AY 17/18 Sem 1');
INSERT INTO studentPlans VALUES('D1000045B', FALSE, 'CS2104', 'AY 17/18 Sem 1');
INSERT INTO studentPlans VALUES('D1000045B', FALSE, 'CS2020', 'AY 17/18 Sem 1');
INSERT INTO studentPlans VALUES('D1000045B', FALSE, 'CS2010', 'AY 17/18 Sem 2');
INSERT INTO studentPlans VALUES('D1000045B', FALSE, 'IT2002', 'AY 17/18 Sem 2');
INSERT INTO studentPlans VALUES('D1000045B', FALSE, 'CS2105', 'AY 17/18 Sem 2');
INSERT INTO studentPlans VALUES('D1000045B', FALSE, 'CS2220', 'AY 17/18 Sem 2');
INSERT INTO studentPlans VALUES('D1000045B', FALSE, 'CS2100', 'AY 17/18 Sem 2');

INSERT INTO student VALUES('D1000046B', 1);
INSERT INTO takesFocusArea VALUES('D1000046B', 'Networking and Distributed Systems', NULL);
INSERT INTO studentPlans VALUES('D1000046B', TRUE, 'IT1006', 'AY 16/17 Sem 1');
INSERT INTO studentPlans VALUES('D1000046B', TRUE, 'IT1001', 'AY 16/17 Sem 1');
INSERT INTO studentPlans VALUES('D1000046B', TRUE, 'CS1102', 'AY 16/17 Sem 1');
INSERT INTO studentPlans VALUES('D1000046B', TRUE, 'IT1003', 'AY 16/17 Sem 1');
INSERT INTO studentPlans VALUES('D1000046B', TRUE, 'FMC1202', 'AY 16/17 Sem 1');
INSERT INTO studentPlans VALUES('D1000046B', FALSE, 'CS1102C', 'AY 16/17 Sem 2');
INSERT INTO studentPlans VALUES('D1000046B', FALSE, 'CS1281', 'AY 16/17 Sem 2');
INSERT INTO studentPlans VALUES('D1000046B', FALSE, 'GEM1501', 'AY 16/17 Sem 2');
INSERT INTO studentPlans VALUES('D1000046B', FALSE, 'FMC1201', 'AY 16/17 Sem 2');
INSERT INTO studentPlans VALUES('D1000046B', FALSE, 'CS1231', 'AY 16/17 Sem 2');
INSERT INTO studentPlans VALUES('D1000046B', FALSE, 'CP2201', 'AY 17/18 Sem 1');
INSERT INTO studentPlans VALUES('D1000046B', FALSE, 'CS2103', 'AY 17/18 Sem 1');
INSERT INTO studentPlans VALUES('D1000046B', FALSE, 'IT2001', 'AY 17/18 Sem 1');
INSERT INTO studentPlans VALUES('D1000046B', FALSE, 'CS2271', 'AY 17/18 Sem 1');
INSERT INTO studentPlans VALUES('D1000046B', FALSE, 'CS2101', 'AY 17/18 Sem 1');
INSERT INTO studentPlans VALUES('D1000046B', FALSE, 'CS2104', 'AY 17/18 Sem 2');
INSERT INTO studentPlans VALUES('D1000046B', FALSE, 'CS2281', 'AY 17/18 Sem 2');
INSERT INTO studentPlans VALUES('D1000046B', FALSE, 'CS2107', 'AY 17/18 Sem 2');
INSERT INTO studentPlans VALUES('D1000046B', FALSE, 'CS2010', 'AY 17/18 Sem 2');
INSERT INTO studentPlans VALUES('D1000046B', FALSE, 'CS2100', 'AY 17/18 Sem 2');

INSERT INTO student VALUES('D1000047B', 1);
INSERT INTO takesFocusArea VALUES('D1000047B', 'Algorithms & Theory', NULL);
INSERT INTO studentPlans VALUES('D1000047B', TRUE, 'CS1231', 'AY 16/17 Sem 1');
INSERT INTO studentPlans VALUES('D1000047B', TRUE, 'GET1031', 'AY 16/17 Sem 1');
INSERT INTO studentPlans VALUES('D1000047B', TRUE, 'CS1280', 'AY 16/17 Sem 1');
INSERT INTO studentPlans VALUES('D1000047B', TRUE, 'CS1102', 'AY 16/17 Sem 1');
INSERT INTO studentPlans VALUES('D1000047B', TRUE, 'IT1004', 'AY 16/17 Sem 1');
INSERT INTO studentPlans VALUES('D1000047B', FALSE, 'CS1102C', 'AY 16/17 Sem 2');
INSERT INTO studentPlans VALUES('D1000047B', FALSE, 'GEM1501', 'AY 16/17 Sem 2');
INSERT INTO studentPlans VALUES('D1000047B', FALSE, 'CG1001', 'AY 16/17 Sem 2');
INSERT INTO studentPlans VALUES('D1000047B', FALSE, 'FMC1201', 'AY 16/17 Sem 2');
INSERT INTO studentPlans VALUES('D1000047B', FALSE, 'CS1010', 'AY 16/17 Sem 2');
INSERT INTO studentPlans VALUES('D1000047B', FALSE, 'CS2309', 'AY 17/18 Sem 1');
INSERT INTO studentPlans VALUES('D1000047B', FALSE, 'CS2103T', 'AY 17/18 Sem 1');
INSERT INTO studentPlans VALUES('D1000047B', FALSE, 'CS2220', 'AY 17/18 Sem 1');
INSERT INTO studentPlans VALUES('D1000047B', FALSE, 'CS2102', 'AY 17/18 Sem 1');
INSERT INTO studentPlans VALUES('D1000047B', FALSE, 'CS2105', 'AY 17/18 Sem 1');
INSERT INTO studentPlans VALUES('D1000047B', FALSE, 'CS2100', 'AY 17/18 Sem 2');
INSERT INTO studentPlans VALUES('D1000047B', FALSE, 'CS2107', 'AY 17/18 Sem 2');
INSERT INTO studentPlans VALUES('D1000047B', FALSE, 'CS2104', 'AY 17/18 Sem 2');
INSERT INTO studentPlans VALUES('D1000047B', FALSE, 'CS2108', 'AY 17/18 Sem 2');
INSERT INTO studentPlans VALUES('D1000047B', FALSE, 'CS2010', 'AY 17/18 Sem 2');

INSERT INTO student VALUES('D1000048B', 1);
INSERT INTO takesFocusArea VALUES('D1000048B', 'Software Engineering', NULL);
INSERT INTO studentPlans VALUES('D1000048B', TRUE, 'CS1020', 'AY 16/17 Sem 1');
INSERT INTO studentPlans VALUES('D1000048B', TRUE, 'CS1280', 'AY 16/17 Sem 1');
INSERT INTO studentPlans VALUES('D1000048B', TRUE, 'IT1004', 'AY 16/17 Sem 1');
INSERT INTO studentPlans VALUES('D1000048B', TRUE, 'CS1010J', 'AY 16/17 Sem 1');
INSERT INTO studentPlans VALUES('D1000048B', TRUE, 'CS1020E', 'AY 16/17 Sem 1');
INSERT INTO studentPlans VALUES('D1000048B', FALSE, 'IT1002', 'AY 16/17 Sem 2');
INSERT INTO studentPlans VALUES('D1000048B', FALSE, 'CS1102C', 'AY 16/17 Sem 2');
INSERT INTO studentPlans VALUES('D1000048B', FALSE, 'FMC1205', 'AY 16/17 Sem 2');
INSERT INTO studentPlans VALUES('D1000048B', FALSE, 'FMC1201', 'AY 16/17 Sem 2');
INSERT INTO studentPlans VALUES('D1000048B', FALSE, 'FMC1206', 'AY 16/17 Sem 2');
INSERT INTO studentPlans VALUES('D1000048B', FALSE, 'CS2105', 'AY 17/18 Sem 1');
INSERT INTO studentPlans VALUES('D1000048B', FALSE, 'CS2020', 'AY 17/18 Sem 1');
INSERT INTO studentPlans VALUES('D1000048B', FALSE, 'CS2271', 'AY 17/18 Sem 1');
INSERT INTO studentPlans VALUES('D1000048B', FALSE, 'CS2220', 'AY 17/18 Sem 1');
INSERT INTO studentPlans VALUES('D1000048B', FALSE, 'CS2104', 'AY 17/18 Sem 1');
INSERT INTO studentPlans VALUES('D1000048B', FALSE, 'CP2201', 'AY 17/18 Sem 2');
INSERT INTO studentPlans VALUES('D1000048B', FALSE, 'CS2106', 'AY 17/18 Sem 2');
INSERT INTO studentPlans VALUES('D1000048B', FALSE, 'CS2100', 'AY 17/18 Sem 2');
INSERT INTO studentPlans VALUES('D1000048B', FALSE, 'CS2103', 'AY 17/18 Sem 2');
INSERT INTO studentPlans VALUES('D1000048B', FALSE, 'IT2001', 'AY 17/18 Sem 2');

INSERT INTO student VALUES('D1000049B', 1);
INSERT INTO takesFocusArea VALUES('D1000049B', 'Programming Languages', NULL);
INSERT INTO studentPlans VALUES('D1000049B', TRUE, 'IT1005', 'AY 16/17 Sem 1');
INSERT INTO studentPlans VALUES('D1000049B', TRUE, 'CS1280', 'AY 16/17 Sem 1');
INSERT INTO studentPlans VALUES('D1000049B', TRUE, 'CS1020E', 'AY 16/17 Sem 1');
INSERT INTO studentPlans VALUES('D1000049B', TRUE, 'CS1231', 'AY 16/17 Sem 1');
INSERT INTO studentPlans VALUES('D1000049B', TRUE, 'CS1010J', 'AY 16/17 Sem 1');
INSERT INTO studentPlans VALUES('D1000049B', FALSE, 'CS1010S', 'AY 16/17 Sem 2');
INSERT INTO studentPlans VALUES('D1000049B', FALSE, 'IT1801', 'AY 16/17 Sem 2');
INSERT INTO studentPlans VALUES('D1000049B', FALSE, 'CS1020', 'AY 16/17 Sem 2');
INSERT INTO studentPlans VALUES('D1000049B', FALSE, 'GET1031', 'AY 16/17 Sem 2');
INSERT INTO studentPlans VALUES('D1000049B', FALSE, 'GEM1501', 'AY 16/17 Sem 2');
INSERT INTO studentPlans VALUES('D1000049B', FALSE, 'CP2201', 'AY 17/18 Sem 1');
INSERT INTO studentPlans VALUES('D1000049B', FALSE, 'CG2271', 'AY 17/18 Sem 1');
INSERT INTO studentPlans VALUES('D1000049B', FALSE, 'CS2271', 'AY 17/18 Sem 1');
INSERT INTO studentPlans VALUES('D1000049B', FALSE, 'CS2107', 'AY 17/18 Sem 1');
INSERT INTO studentPlans VALUES('D1000049B', FALSE, 'CS2103T', 'AY 17/18 Sem 1');
INSERT INTO studentPlans VALUES('D1000049B', FALSE, 'CS2102', 'AY 17/18 Sem 2');
INSERT INTO studentPlans VALUES('D1000049B', FALSE, 'IT2001', 'AY 17/18 Sem 2');
INSERT INTO studentPlans VALUES('D1000049B', FALSE, 'CS2281', 'AY 17/18 Sem 2');
INSERT INTO studentPlans VALUES('D1000049B', FALSE, 'CS2105', 'AY 17/18 Sem 2');
INSERT INTO studentPlans VALUES('D1000049B', FALSE, 'IT2002', 'AY 17/18 Sem 2');

INSERT INTO student VALUES('D1000050B', 1);
INSERT INTO takesFocusArea VALUES('D1000050B', 'Algorithms & Theory', NULL);
INSERT INTO studentPlans VALUES('D1000050B', TRUE, 'IT1005', 'AY 16/17 Sem 1');
INSERT INTO studentPlans VALUES('D1000050B', TRUE, 'CS1010E', 'AY 16/17 Sem 1');
INSERT INTO studentPlans VALUES('D1000050B', TRUE, 'FMC1206', 'AY 16/17 Sem 1');
INSERT INTO studentPlans VALUES('D1000050B', TRUE, 'CS1280', 'AY 16/17 Sem 1');
INSERT INTO studentPlans VALUES('D1000050B', TRUE, 'IT1004', 'AY 16/17 Sem 1');
INSERT INTO studentPlans VALUES('D1000050B', FALSE, 'IT1006', 'AY 16/17 Sem 2');
INSERT INTO studentPlans VALUES('D1000050B', FALSE, 'CS1102', 'AY 16/17 Sem 2');
INSERT INTO studentPlans VALUES('D1000050B', FALSE, 'GEM1501', 'AY 16/17 Sem 2');
INSERT INTO studentPlans VALUES('D1000050B', FALSE, 'CS1281', 'AY 16/17 Sem 2');
INSERT INTO studentPlans VALUES('D1000050B', FALSE, 'FMC1201', 'AY 16/17 Sem 2');
INSERT INTO studentPlans VALUES('D1000050B', FALSE, 'CG2271', 'AY 17/18 Sem 1');
INSERT INTO studentPlans VALUES('D1000050B', FALSE, 'CS2309', 'AY 17/18 Sem 1');
INSERT INTO studentPlans VALUES('D1000050B', FALSE, 'CS2102', 'AY 17/18 Sem 1');
INSERT INTO studentPlans VALUES('D1000050B', FALSE, 'CS2103T', 'AY 17/18 Sem 1');
INSERT INTO studentPlans VALUES('D1000050B', FALSE, 'CS2108', 'AY 17/18 Sem 1');
INSERT INTO studentPlans VALUES('D1000050B', FALSE, 'CS2104', 'AY 17/18 Sem 2');
INSERT INTO studentPlans VALUES('D1000050B', FALSE, 'CS2010', 'AY 17/18 Sem 2');
INSERT INTO studentPlans VALUES('D1000050B', FALSE, 'CS2101', 'AY 17/18 Sem 2');
INSERT INTO studentPlans VALUES('D1000050B', FALSE, 'CS2220', 'AY 17/18 Sem 2');
INSERT INTO studentPlans VALUES('D1000050B', FALSE, 'CS2105', 'AY 17/18 Sem 2');

INSERT INTO student VALUES('D1000051B', 1);
INSERT INTO takesFocusArea VALUES('D1000051B', 'Programming Languages', NULL);
INSERT INTO studentPlans VALUES('D1000051B', TRUE, 'FMC1206', 'AY 16/17 Sem 1');
INSERT INTO studentPlans VALUES('D1000051B', TRUE, 'FMC1201', 'AY 16/17 Sem 1');
INSERT INTO studentPlans VALUES('D1000051B', TRUE, 'CS1280', 'AY 16/17 Sem 1');
INSERT INTO studentPlans VALUES('D1000051B', TRUE, 'FMC1202', 'AY 16/17 Sem 1');
INSERT INTO studentPlans VALUES('D1000051B', TRUE, 'IT1801', 'AY 16/17 Sem 1');
INSERT INTO studentPlans VALUES('D1000051B', FALSE, 'CS1281', 'AY 16/17 Sem 2');
INSERT INTO studentPlans VALUES('D1000051B', FALSE, 'CS1101S', 'AY 16/17 Sem 2');
INSERT INTO studentPlans VALUES('D1000051B', FALSE, 'CS1010X', 'AY 16/17 Sem 2');
INSERT INTO studentPlans VALUES('D1000051B', FALSE, 'FMC1203', 'AY 16/17 Sem 2');
INSERT INTO studentPlans VALUES('D1000051B', FALSE, 'IT1002', 'AY 16/17 Sem 2');
INSERT INTO studentPlans VALUES('D1000051B', FALSE, 'CS2100', 'AY 17/18 Sem 1');
INSERT INTO studentPlans VALUES('D1000051B', FALSE, 'CS2220', 'AY 17/18 Sem 1');
INSERT INTO studentPlans VALUES('D1000051B', FALSE, 'CG2271', 'AY 17/18 Sem 1');
INSERT INTO studentPlans VALUES('D1000051B', FALSE, 'IT2001', 'AY 17/18 Sem 1');
INSERT INTO studentPlans VALUES('D1000051B', FALSE, 'CS2271', 'AY 17/18 Sem 1');
INSERT INTO studentPlans VALUES('D1000051B', FALSE, 'IT2002', 'AY 17/18 Sem 2');
INSERT INTO studentPlans VALUES('D1000051B', FALSE, 'CP2201', 'AY 17/18 Sem 2');
INSERT INTO studentPlans VALUES('D1000051B', FALSE, 'CS2104', 'AY 17/18 Sem 2');
INSERT INTO studentPlans VALUES('D1000051B', FALSE, 'CS2106', 'AY 17/18 Sem 2');
INSERT INTO studentPlans VALUES('D1000051B', FALSE, 'CS2105', 'AY 17/18 Sem 2');

INSERT INTO student VALUES('D1000052B', 1);
INSERT INTO takesFocusArea VALUES('D1000052B', 'Database Systems', NULL);
INSERT INTO studentPlans VALUES('D1000052B', TRUE, 'CS1010X', 'AY 16/17 Sem 1');
INSERT INTO studentPlans VALUES('D1000052B', TRUE, 'CS1020', 'AY 16/17 Sem 1');
INSERT INTO studentPlans VALUES('D1000052B', TRUE, 'IT1003', 'AY 16/17 Sem 1');
INSERT INTO studentPlans VALUES('D1000052B', TRUE, 'FMC1202', 'AY 16/17 Sem 1');
INSERT INTO studentPlans VALUES('D1000052B', TRUE, 'CS1020E', 'AY 16/17 Sem 1');
INSERT INTO studentPlans VALUES('D1000052B', FALSE, 'IT1002', 'AY 16/17 Sem 2');
INSERT INTO studentPlans VALUES('D1000052B', FALSE, 'CS1102', 'AY 16/17 Sem 2');
INSERT INTO studentPlans VALUES('D1000052B', FALSE, 'IT1004', 'AY 16/17 Sem 2');
INSERT INTO studentPlans VALUES('D1000052B', FALSE, 'CS1231', 'AY 16/17 Sem 2');
INSERT INTO studentPlans VALUES('D1000052B', FALSE, 'FMC1205', 'AY 16/17 Sem 2');
INSERT INTO studentPlans VALUES('D1000052B', FALSE, 'CS2309', 'AY 17/18 Sem 1');
INSERT INTO studentPlans VALUES('D1000052B', FALSE, 'CP2201', 'AY 17/18 Sem 1');
INSERT INTO studentPlans VALUES('D1000052B', FALSE, 'IT2001', 'AY 17/18 Sem 1');
INSERT INTO studentPlans VALUES('D1000052B', FALSE, 'CS2281', 'AY 17/18 Sem 1');
INSERT INTO studentPlans VALUES('D1000052B', FALSE, 'CS2010', 'AY 17/18 Sem 1');
INSERT INTO studentPlans VALUES('D1000052B', FALSE, 'CS2020', 'AY 17/18 Sem 2');
INSERT INTO studentPlans VALUES('D1000052B', FALSE, 'CS2107', 'AY 17/18 Sem 2');
INSERT INTO studentPlans VALUES('D1000052B', FALSE, 'CS2220', 'AY 17/18 Sem 2');
INSERT INTO studentPlans VALUES('D1000052B', FALSE, 'CS2106', 'AY 17/18 Sem 2');
INSERT INTO studentPlans VALUES('D1000052B', FALSE, 'CG2271', 'AY 17/18 Sem 2');

INSERT INTO student VALUES('D1000053B', 1);
INSERT INTO takesFocusArea VALUES('D1000053B', 'Computer Security', NULL);
INSERT INTO studentPlans VALUES('D1000053B', TRUE, 'CS1020', 'AY 16/17 Sem 1');
INSERT INTO studentPlans VALUES('D1000053B', TRUE, 'IT1801', 'AY 16/17 Sem 1');
INSERT INTO studentPlans VALUES('D1000053B', TRUE, 'IT1003', 'AY 16/17 Sem 1');
INSERT INTO studentPlans VALUES('D1000053B', TRUE, 'CS1101S', 'AY 16/17 Sem 1');
INSERT INTO studentPlans VALUES('D1000053B', TRUE, 'CS1010J', 'AY 16/17 Sem 1');
INSERT INTO studentPlans VALUES('D1000053B', FALSE, 'CS1280', 'AY 16/17 Sem 2');
INSERT INTO studentPlans VALUES('D1000053B', FALSE, 'IT1005', 'AY 16/17 Sem 2');
INSERT INTO studentPlans VALUES('D1000053B', FALSE, 'FMC1204', 'AY 16/17 Sem 2');
INSERT INTO studentPlans VALUES('D1000053B', FALSE, 'CS1010X', 'AY 16/17 Sem 2');
INSERT INTO studentPlans VALUES('D1000053B', FALSE, 'CS1281', 'AY 16/17 Sem 2');
INSERT INTO studentPlans VALUES('D1000053B', FALSE, 'CS2105', 'AY 17/18 Sem 1');
INSERT INTO studentPlans VALUES('D1000053B', FALSE, 'CS2103T', 'AY 17/18 Sem 1');
INSERT INTO studentPlans VALUES('D1000053B', FALSE, 'CP2201', 'AY 17/18 Sem 1');
INSERT INTO studentPlans VALUES('D1000053B', FALSE, 'CS2106', 'AY 17/18 Sem 1');
INSERT INTO studentPlans VALUES('D1000053B', FALSE, 'CS2100', 'AY 17/18 Sem 1');
INSERT INTO studentPlans VALUES('D1000053B', FALSE, 'CS2103', 'AY 17/18 Sem 2');
INSERT INTO studentPlans VALUES('D1000053B', FALSE, 'CS2020', 'AY 17/18 Sem 2');
INSERT INTO studentPlans VALUES('D1000053B', FALSE, 'CS2220', 'AY 17/18 Sem 2');
INSERT INTO studentPlans VALUES('D1000053B', FALSE, 'CS2107', 'AY 17/18 Sem 2');
INSERT INTO studentPlans VALUES('D1000053B', FALSE, 'CS2309', 'AY 17/18 Sem 2');

INSERT INTO student VALUES('D1000054B', 1);
INSERT INTO takesFocusArea VALUES('D1000054B', 'Programming Languages', NULL);
INSERT INTO studentPlans VALUES('D1000054B', TRUE, 'CS1010S', 'AY 16/17 Sem 1');
INSERT INTO studentPlans VALUES('D1000054B', TRUE, 'IT1004', 'AY 16/17 Sem 1');
INSERT INTO studentPlans VALUES('D1000054B', TRUE, 'CS1020', 'AY 16/17 Sem 1');
INSERT INTO studentPlans VALUES('D1000054B', TRUE, 'CS1010', 'AY 16/17 Sem 1');
INSERT INTO studentPlans VALUES('D1000054B', TRUE, 'CG1001', 'AY 16/17 Sem 1');
INSERT INTO studentPlans VALUES('D1000054B', FALSE, 'CS1020E', 'AY 16/17 Sem 2');
INSERT INTO studentPlans VALUES('D1000054B', FALSE, 'FMC1203', 'AY 16/17 Sem 2');
INSERT INTO studentPlans VALUES('D1000054B', FALSE, 'CS1010J', 'AY 16/17 Sem 2');
INSERT INTO studentPlans VALUES('D1000054B', FALSE, 'FMC1206', 'AY 16/17 Sem 2');
INSERT INTO studentPlans VALUES('D1000054B', FALSE, 'GEM1501', 'AY 16/17 Sem 2');
INSERT INTO studentPlans VALUES('D1000054B', FALSE, 'CS2020', 'AY 17/18 Sem 1');
INSERT INTO studentPlans VALUES('D1000054B', FALSE, 'CP2201', 'AY 17/18 Sem 1');
INSERT INTO studentPlans VALUES('D1000054B', FALSE, 'CS2101', 'AY 17/18 Sem 1');
INSERT INTO studentPlans VALUES('D1000054B', FALSE, 'CS2108', 'AY 17/18 Sem 1');
INSERT INTO studentPlans VALUES('D1000054B', FALSE, 'IT2001', 'AY 17/18 Sem 1');
INSERT INTO studentPlans VALUES('D1000054B', FALSE, 'CS2271', 'AY 17/18 Sem 2');
INSERT INTO studentPlans VALUES('D1000054B', FALSE, 'CS2281', 'AY 17/18 Sem 2');
INSERT INTO studentPlans VALUES('D1000054B', FALSE, 'CS2106', 'AY 17/18 Sem 2');
INSERT INTO studentPlans VALUES('D1000054B', FALSE, 'CS2220', 'AY 17/18 Sem 2');
INSERT INTO studentPlans VALUES('D1000054B', FALSE, 'IT2002', 'AY 17/18 Sem 2');

INSERT INTO student VALUES('D1000055B', 1);
INSERT INTO takesFocusArea VALUES('D1000055B', 'Computer Graphics and Games', NULL);
INSERT INTO studentPlans VALUES('D1000055B', TRUE, 'IT1005', 'AY 16/17 Sem 1');
INSERT INTO studentPlans VALUES('D1000055B', TRUE, 'FMC1205', 'AY 16/17 Sem 1');
INSERT INTO studentPlans VALUES('D1000055B', TRUE, 'FMC1201', 'AY 16/17 Sem 1');
INSERT INTO studentPlans VALUES('D1000055B', TRUE, 'CS1281', 'AY 16/17 Sem 1');
INSERT INTO studentPlans VALUES('D1000055B', TRUE, 'FMC1204', 'AY 16/17 Sem 1');
INSERT INTO studentPlans VALUES('D1000055B', FALSE, 'FMC1206', 'AY 16/17 Sem 2');
INSERT INTO studentPlans VALUES('D1000055B', FALSE, 'CG1001', 'AY 16/17 Sem 2');
INSERT INTO studentPlans VALUES('D1000055B', FALSE, 'IT1002', 'AY 16/17 Sem 2');
INSERT INTO studentPlans VALUES('D1000055B', FALSE, 'CS1010', 'AY 16/17 Sem 2');
INSERT INTO studentPlans VALUES('D1000055B', FALSE, 'GET1031', 'AY 16/17 Sem 2');
INSERT INTO studentPlans VALUES('D1000055B', FALSE, 'CS2103T', 'AY 17/18 Sem 1');
INSERT INTO studentPlans VALUES('D1000055B', FALSE, 'IT2001', 'AY 17/18 Sem 1');
INSERT INTO studentPlans VALUES('D1000055B', FALSE, 'CS2103', 'AY 17/18 Sem 1');
INSERT INTO studentPlans VALUES('D1000055B', FALSE, 'CS2104', 'AY 17/18 Sem 1');
INSERT INTO studentPlans VALUES('D1000055B', FALSE, 'CS2100', 'AY 17/18 Sem 1');
INSERT INTO studentPlans VALUES('D1000055B', FALSE, 'CS2101', 'AY 17/18 Sem 2');
INSERT INTO studentPlans VALUES('D1000055B', FALSE, 'CS2271', 'AY 17/18 Sem 2');
INSERT INTO studentPlans VALUES('D1000055B', FALSE, 'CS2281', 'AY 17/18 Sem 2');
INSERT INTO studentPlans VALUES('D1000055B', FALSE, 'CP2201', 'AY 17/18 Sem 2');
INSERT INTO studentPlans VALUES('D1000055B', FALSE, 'CS2309', 'AY 17/18 Sem 2');

INSERT INTO student VALUES('D1000056B', 1);
INSERT INTO takesFocusArea VALUES('D1000056B', 'Software Engineering', NULL);
INSERT INTO studentPlans VALUES('D1000056B', TRUE, 'CS1281', 'AY 16/17 Sem 1');
INSERT INTO studentPlans VALUES('D1000056B', TRUE, 'CS1102', 'AY 16/17 Sem 1');
INSERT INTO studentPlans VALUES('D1000056B', TRUE, 'FMC1204', 'AY 16/17 Sem 1');
INSERT INTO studentPlans VALUES('D1000056B', TRUE, 'CS1010J', 'AY 16/17 Sem 1');
INSERT INTO studentPlans VALUES('D1000056B', TRUE, 'FMC1201', 'AY 16/17 Sem 1');
INSERT INTO studentPlans VALUES('D1000056B', FALSE, 'CS1102C', 'AY 16/17 Sem 2');
INSERT INTO studentPlans VALUES('D1000056B', FALSE, 'CS1101S', 'AY 16/17 Sem 2');
INSERT INTO studentPlans VALUES('D1000056B', FALSE, 'CS1020E', 'AY 16/17 Sem 2');
INSERT INTO studentPlans VALUES('D1000056B', FALSE, 'CS1280', 'AY 16/17 Sem 2');
INSERT INTO studentPlans VALUES('D1000056B', FALSE, 'IT1004', 'AY 16/17 Sem 2');
INSERT INTO studentPlans VALUES('D1000056B', FALSE, 'IT2001', 'AY 17/18 Sem 1');
INSERT INTO studentPlans VALUES('D1000056B', FALSE, 'CS2281', 'AY 17/18 Sem 1');
INSERT INTO studentPlans VALUES('D1000056B', FALSE, 'CS2107', 'AY 17/18 Sem 1');
INSERT INTO studentPlans VALUES('D1000056B', FALSE, 'CS2271', 'AY 17/18 Sem 1');
INSERT INTO studentPlans VALUES('D1000056B', FALSE, 'CS2106', 'AY 17/18 Sem 1');
INSERT INTO studentPlans VALUES('D1000056B', FALSE, 'CS2105', 'AY 17/18 Sem 2');
INSERT INTO studentPlans VALUES('D1000056B', FALSE, 'IT2002', 'AY 17/18 Sem 2');
INSERT INTO studentPlans VALUES('D1000056B', FALSE, 'CS2100', 'AY 17/18 Sem 2');
INSERT INTO studentPlans VALUES('D1000056B', FALSE, 'CS2103T', 'AY 17/18 Sem 2');
INSERT INTO studentPlans VALUES('D1000056B', FALSE, 'CS2020', 'AY 17/18 Sem 2');

INSERT INTO student VALUES('D1000057B', 1);
INSERT INTO takesFocusArea VALUES('D1000057B', 'Computer Security', NULL);
INSERT INTO studentPlans VALUES('D1000057B', TRUE, 'IT1801', 'AY 16/17 Sem 1');
INSERT INTO studentPlans VALUES('D1000057B', TRUE, 'GEM1501', 'AY 16/17 Sem 1');
INSERT INTO studentPlans VALUES('D1000057B', TRUE, 'FMC1206', 'AY 16/17 Sem 1');
INSERT INTO studentPlans VALUES('D1000057B', TRUE, 'CS1010X', 'AY 16/17 Sem 1');
INSERT INTO studentPlans VALUES('D1000057B', TRUE, 'GET1031', 'AY 16/17 Sem 1');
INSERT INTO studentPlans VALUES('D1000057B', FALSE, 'CS1102', 'AY 16/17 Sem 2');
INSERT INTO studentPlans VALUES('D1000057B', FALSE, 'CS1281', 'AY 16/17 Sem 2');
INSERT INTO studentPlans VALUES('D1000057B', FALSE, 'CS1231', 'AY 16/17 Sem 2');
INSERT INTO studentPlans VALUES('D1000057B', FALSE, 'CS1280', 'AY 16/17 Sem 2');
INSERT INTO studentPlans VALUES('D1000057B', FALSE, 'FMC1203', 'AY 16/17 Sem 2');
INSERT INTO studentPlans VALUES('D1000057B', FALSE, 'CS2105', 'AY 17/18 Sem 1');
INSERT INTO studentPlans VALUES('D1000057B', FALSE, 'CS2101', 'AY 17/18 Sem 1');
INSERT INTO studentPlans VALUES('D1000057B', FALSE, 'CS2271', 'AY 17/18 Sem 1');
INSERT INTO studentPlans VALUES('D1000057B', FALSE, 'CS2107', 'AY 17/18 Sem 1');
INSERT INTO studentPlans VALUES('D1000057B', FALSE, 'CS2100', 'AY 17/18 Sem 1');
INSERT INTO studentPlans VALUES('D1000057B', FALSE, 'IT2002', 'AY 17/18 Sem 2');
INSERT INTO studentPlans VALUES('D1000057B', FALSE, 'CS2020', 'AY 17/18 Sem 2');
INSERT INTO studentPlans VALUES('D1000057B', FALSE, 'CS2103', 'AY 17/18 Sem 2');
INSERT INTO studentPlans VALUES('D1000057B', FALSE, 'CG2271', 'AY 17/18 Sem 2');
INSERT INTO studentPlans VALUES('D1000057B', FALSE, 'IT2001', 'AY 17/18 Sem 2');

INSERT INTO student VALUES('D1000058B', 1);
INSERT INTO takesFocusArea VALUES('D1000058B', 'Parallel Computing', NULL);
INSERT INTO studentPlans VALUES('D1000058B', TRUE, 'IT1801', 'AY 16/17 Sem 1');
INSERT INTO studentPlans VALUES('D1000058B', TRUE, 'CS1010J', 'AY 16/17 Sem 1');
INSERT INTO studentPlans VALUES('D1000058B', TRUE, 'CS1010X', 'AY 16/17 Sem 1');
INSERT INTO studentPlans VALUES('D1000058B', TRUE, 'IT1002', 'AY 16/17 Sem 1');
INSERT INTO studentPlans VALUES('D1000058B', TRUE, 'IT1005', 'AY 16/17 Sem 1');
INSERT INTO studentPlans VALUES('D1000058B', FALSE, 'FMC1201', 'AY 16/17 Sem 2');
INSERT INTO studentPlans VALUES('D1000058B', FALSE, 'FMC1203', 'AY 16/17 Sem 2');
INSERT INTO studentPlans VALUES('D1000058B', FALSE, 'CS1102', 'AY 16/17 Sem 2');
INSERT INTO studentPlans VALUES('D1000058B', FALSE, 'FMC1206', 'AY 16/17 Sem 2');
INSERT INTO studentPlans VALUES('D1000058B', FALSE, 'CS1010E', 'AY 16/17 Sem 2');
INSERT INTO studentPlans VALUES('D1000058B', FALSE, 'CS2020', 'AY 17/18 Sem 1');
INSERT INTO studentPlans VALUES('D1000058B', FALSE, 'CP2201', 'AY 17/18 Sem 1');
INSERT INTO studentPlans VALUES('D1000058B', FALSE, 'CS2271', 'AY 17/18 Sem 1');
INSERT INTO studentPlans VALUES('D1000058B', FALSE, 'CS2106', 'AY 17/18 Sem 1');
INSERT INTO studentPlans VALUES('D1000058B', FALSE, 'CS2107', 'AY 17/18 Sem 1');
INSERT INTO studentPlans VALUES('D1000058B', FALSE, 'IT2001', 'AY 17/18 Sem 2');
INSERT INTO studentPlans VALUES('D1000058B', FALSE, 'CS2108', 'AY 17/18 Sem 2');
INSERT INTO studentPlans VALUES('D1000058B', FALSE, 'CS2102', 'AY 17/18 Sem 2');
INSERT INTO studentPlans VALUES('D1000058B', FALSE, 'CS2101', 'AY 17/18 Sem 2');
INSERT INTO studentPlans VALUES('D1000058B', FALSE, 'IT2002', 'AY 17/18 Sem 2');

INSERT INTO student VALUES('D1000059B', 1);
INSERT INTO takesFocusArea VALUES('D1000059B', 'Visual Computing', NULL);
INSERT INTO studentPlans VALUES('D1000059B', TRUE, 'IT1001', 'AY 16/17 Sem 1');
INSERT INTO studentPlans VALUES('D1000059B', TRUE, 'FMC1201', 'AY 16/17 Sem 1');
INSERT INTO studentPlans VALUES('D1000059B', TRUE, 'CS1010J', 'AY 16/17 Sem 1');
INSERT INTO studentPlans VALUES('D1000059B', TRUE, 'CS1281', 'AY 16/17 Sem 1');
INSERT INTO studentPlans VALUES('D1000059B', TRUE, 'CS1231', 'AY 16/17 Sem 1');
INSERT INTO studentPlans VALUES('D1000059B', FALSE, 'CS1102', 'AY 16/17 Sem 2');
INSERT INTO studentPlans VALUES('D1000059B', FALSE, 'FMC1204', 'AY 16/17 Sem 2');
INSERT INTO studentPlans VALUES('D1000059B', FALSE, 'IT1006', 'AY 16/17 Sem 2');
INSERT INTO studentPlans VALUES('D1000059B', FALSE, 'CS1010E', 'AY 16/17 Sem 2');
INSERT INTO studentPlans VALUES('D1000059B', FALSE, 'IT1002', 'AY 16/17 Sem 2');
INSERT INTO studentPlans VALUES('D1000059B', FALSE, 'CG2271', 'AY 17/18 Sem 1');
INSERT INTO studentPlans VALUES('D1000059B', FALSE, 'CS2103', 'AY 17/18 Sem 1');
INSERT INTO studentPlans VALUES('D1000059B', FALSE, 'CS2220', 'AY 17/18 Sem 1');
INSERT INTO studentPlans VALUES('D1000059B', FALSE, 'CS2105', 'AY 17/18 Sem 1');
INSERT INTO studentPlans VALUES('D1000059B', FALSE, 'IT2001', 'AY 17/18 Sem 1');
INSERT INTO studentPlans VALUES('D1000059B', FALSE, 'CS2106', 'AY 17/18 Sem 2');
INSERT INTO studentPlans VALUES('D1000059B', FALSE, 'IT2002', 'AY 17/18 Sem 2');
INSERT INTO studentPlans VALUES('D1000059B', FALSE, 'CS2102', 'AY 17/18 Sem 2');
INSERT INTO studentPlans VALUES('D1000059B', FALSE, 'CS2108', 'AY 17/18 Sem 2');
INSERT INTO studentPlans VALUES('D1000059B', FALSE, 'CS2104', 'AY 17/18 Sem 2');

INSERT INTO student VALUES('D1000060B', 1);
INSERT INTO takesFocusArea VALUES('D1000060B', 'Multimedia Information Retrieval', NULL);
INSERT INTO studentPlans VALUES('D1000060B', TRUE, 'IT1004', 'AY 16/17 Sem 1');
INSERT INTO studentPlans VALUES('D1000060B', TRUE, 'FMC1205', 'AY 16/17 Sem 1');
INSERT INTO studentPlans VALUES('D1000060B', TRUE, 'IT1006', 'AY 16/17 Sem 1');
INSERT INTO studentPlans VALUES('D1000060B', TRUE, 'CS1020', 'AY 16/17 Sem 1');
INSERT INTO studentPlans VALUES('D1000060B', TRUE, 'FMC1203', 'AY 16/17 Sem 1');
INSERT INTO studentPlans VALUES('D1000060B', FALSE, 'CS1010J', 'AY 16/17 Sem 2');
INSERT INTO studentPlans VALUES('D1000060B', FALSE, 'CS1010E', 'AY 16/17 Sem 2');
INSERT INTO studentPlans VALUES('D1000060B', FALSE, 'CS1102', 'AY 16/17 Sem 2');
INSERT INTO studentPlans VALUES('D1000060B', FALSE, 'FMC1201', 'AY 16/17 Sem 2');
INSERT INTO studentPlans VALUES('D1000060B', FALSE, 'CS1231', 'AY 16/17 Sem 2');
INSERT INTO studentPlans VALUES('D1000060B', FALSE, 'CS2101', 'AY 17/18 Sem 1');
INSERT INTO studentPlans VALUES('D1000060B', FALSE, 'CS2103T', 'AY 17/18 Sem 1');
INSERT INTO studentPlans VALUES('D1000060B', FALSE, 'CS2271', 'AY 17/18 Sem 1');
INSERT INTO studentPlans VALUES('D1000060B', FALSE, 'CS2107', 'AY 17/18 Sem 1');
INSERT INTO studentPlans VALUES('D1000060B', FALSE, 'IT2002', 'AY 17/18 Sem 1');
INSERT INTO studentPlans VALUES('D1000060B', FALSE, 'CS2103', 'AY 17/18 Sem 2');
INSERT INTO studentPlans VALUES('D1000060B', FALSE, 'CS2309', 'AY 17/18 Sem 2');
INSERT INTO studentPlans VALUES('D1000060B', FALSE, 'CS2105', 'AY 17/18 Sem 2');
INSERT INTO studentPlans VALUES('D1000060B', FALSE, 'CG2271', 'AY 17/18 Sem 2');
INSERT INTO studentPlans VALUES('D1000060B', FALSE, 'CS2100', 'AY 17/18 Sem 2');

INSERT INTO student VALUES('D1000061B', 1);
INSERT INTO takesFocusArea VALUES('D1000061B', 'Artificial Intelligence', NULL);
INSERT INTO studentPlans VALUES('D1000061B', TRUE, 'GET1031', 'AY 16/17 Sem 1');
INSERT INTO studentPlans VALUES('D1000061B', TRUE, 'CS1102', 'AY 16/17 Sem 1');
INSERT INTO studentPlans VALUES('D1000061B', TRUE, 'CS1101S', 'AY 16/17 Sem 1');
INSERT INTO studentPlans VALUES('D1000061B', TRUE, 'FMC1202', 'AY 16/17 Sem 1');
INSERT INTO studentPlans VALUES('D1000061B', TRUE, 'CS1010', 'AY 16/17 Sem 1');
INSERT INTO studentPlans VALUES('D1000061B', FALSE, 'CS1231', 'AY 16/17 Sem 2');
INSERT INTO studentPlans VALUES('D1000061B', FALSE, 'CS1010E', 'AY 16/17 Sem 2');
INSERT INTO studentPlans VALUES('D1000061B', FALSE, 'CS1020', 'AY 16/17 Sem 2');
INSERT INTO studentPlans VALUES('D1000061B', FALSE, 'FMC1204', 'AY 16/17 Sem 2');
INSERT INTO studentPlans VALUES('D1000061B', FALSE, 'IT1801', 'AY 16/17 Sem 2');
INSERT INTO studentPlans VALUES('D1000061B', FALSE, 'CS2220', 'AY 17/18 Sem 1');
INSERT INTO studentPlans VALUES('D1000061B', FALSE, 'CS2102', 'AY 17/18 Sem 1');
INSERT INTO studentPlans VALUES('D1000061B', FALSE, 'CS2107', 'AY 17/18 Sem 1');
INSERT INTO studentPlans VALUES('D1000061B', FALSE, 'CG2271', 'AY 17/18 Sem 1');
INSERT INTO studentPlans VALUES('D1000061B', FALSE, 'CS2105', 'AY 17/18 Sem 1');
INSERT INTO studentPlans VALUES('D1000061B', FALSE, 'IT2002', 'AY 17/18 Sem 2');
INSERT INTO studentPlans VALUES('D1000061B', FALSE, 'CS2309', 'AY 17/18 Sem 2');
INSERT INTO studentPlans VALUES('D1000061B', FALSE, 'CS2100', 'AY 17/18 Sem 2');
INSERT INTO studentPlans VALUES('D1000061B', FALSE, 'CS2271', 'AY 17/18 Sem 2');
INSERT INTO studentPlans VALUES('D1000061B', FALSE, 'CS2020', 'AY 17/18 Sem 2');

INSERT INTO student VALUES('D1000062B', 1);
INSERT INTO takesFocusArea VALUES('D1000062B', 'Parallel Computing', NULL);
INSERT INTO studentPlans VALUES('D1000062B', TRUE, 'CS1020E', 'AY 16/17 Sem 1');
INSERT INTO studentPlans VALUES('D1000062B', TRUE, 'CS1010S', 'AY 16/17 Sem 1');
INSERT INTO studentPlans VALUES('D1000062B', TRUE, 'GEM1501', 'AY 16/17 Sem 1');
INSERT INTO studentPlans VALUES('D1000062B', TRUE, 'IT1002', 'AY 16/17 Sem 1');
INSERT INTO studentPlans VALUES('D1000062B', TRUE, 'IT1006', 'AY 16/17 Sem 1');
INSERT INTO studentPlans VALUES('D1000062B', FALSE, 'IT1001', 'AY 16/17 Sem 2');
INSERT INTO studentPlans VALUES('D1000062B', FALSE, 'IT1003', 'AY 16/17 Sem 2');
INSERT INTO studentPlans VALUES('D1000062B', FALSE, 'CS1231', 'AY 16/17 Sem 2');
INSERT INTO studentPlans VALUES('D1000062B', FALSE, 'CS1102', 'AY 16/17 Sem 2');
INSERT INTO studentPlans VALUES('D1000062B', FALSE, 'FMC1205', 'AY 16/17 Sem 2');
INSERT INTO studentPlans VALUES('D1000062B', FALSE, 'CS2103T', 'AY 17/18 Sem 1');
INSERT INTO studentPlans VALUES('D1000062B', FALSE, 'CS2101', 'AY 17/18 Sem 1');
INSERT INTO studentPlans VALUES('D1000062B', FALSE, 'CS2100', 'AY 17/18 Sem 1');
INSERT INTO studentPlans VALUES('D1000062B', FALSE, 'CG2271', 'AY 17/18 Sem 1');
INSERT INTO studentPlans VALUES('D1000062B', FALSE, 'CS2108', 'AY 17/18 Sem 1');
INSERT INTO studentPlans VALUES('D1000062B', FALSE, 'CS2281', 'AY 17/18 Sem 2');
INSERT INTO studentPlans VALUES('D1000062B', FALSE, 'CS2107', 'AY 17/18 Sem 2');
INSERT INTO studentPlans VALUES('D1000062B', FALSE, 'CS2103', 'AY 17/18 Sem 2');
INSERT INTO studentPlans VALUES('D1000062B', FALSE, 'CS2106', 'AY 17/18 Sem 2');
INSERT INTO studentPlans VALUES('D1000062B', FALSE, 'CP2201', 'AY 17/18 Sem 2');

INSERT INTO student VALUES('D1000063B', 1);
INSERT INTO takesFocusArea VALUES('D1000063B', 'Parallel Computing', NULL);
INSERT INTO studentPlans VALUES('D1000063B', TRUE, 'IT1001', 'AY 16/17 Sem 1');
INSERT INTO studentPlans VALUES('D1000063B', TRUE, 'CS1281', 'AY 16/17 Sem 1');
INSERT INTO studentPlans VALUES('D1000063B', TRUE, 'CS1020E', 'AY 16/17 Sem 1');
INSERT INTO studentPlans VALUES('D1000063B', TRUE, 'IT1004', 'AY 16/17 Sem 1');
INSERT INTO studentPlans VALUES('D1000063B', TRUE, 'CS1231', 'AY 16/17 Sem 1');
INSERT INTO studentPlans VALUES('D1000063B', FALSE, 'IT1003', 'AY 16/17 Sem 2');
INSERT INTO studentPlans VALUES('D1000063B', FALSE, 'CS1010', 'AY 16/17 Sem 2');
INSERT INTO studentPlans VALUES('D1000063B', FALSE, 'FMC1202', 'AY 16/17 Sem 2');
INSERT INTO studentPlans VALUES('D1000063B', FALSE, 'IT1006', 'AY 16/17 Sem 2');
INSERT INTO studentPlans VALUES('D1000063B', FALSE, 'CS1010S', 'AY 16/17 Sem 2');
INSERT INTO studentPlans VALUES('D1000063B', FALSE, 'CS2101', 'AY 17/18 Sem 1');
INSERT INTO studentPlans VALUES('D1000063B', FALSE, 'CS2102', 'AY 17/18 Sem 1');
INSERT INTO studentPlans VALUES('D1000063B', FALSE, 'CS2106', 'AY 17/18 Sem 1');
INSERT INTO studentPlans VALUES('D1000063B', FALSE, 'CS2103T', 'AY 17/18 Sem 1');
INSERT INTO studentPlans VALUES('D1000063B', FALSE, 'CS2281', 'AY 17/18 Sem 1');
INSERT INTO studentPlans VALUES('D1000063B', FALSE, 'CS2103', 'AY 17/18 Sem 2');
INSERT INTO studentPlans VALUES('D1000063B', FALSE, 'CS2104', 'AY 17/18 Sem 2');
INSERT INTO studentPlans VALUES('D1000063B', FALSE, 'CP2201', 'AY 17/18 Sem 2');
INSERT INTO studentPlans VALUES('D1000063B', FALSE, 'CS2107', 'AY 17/18 Sem 2');
INSERT INTO studentPlans VALUES('D1000063B', FALSE, 'CS2100', 'AY 17/18 Sem 2');

INSERT INTO student VALUES('D1000064B', 1);
INSERT INTO takesFocusArea VALUES('D1000064B', 'Networking and Distributed Systems', NULL);
INSERT INTO studentPlans VALUES('D1000064B', TRUE, 'FMC1202', 'AY 16/17 Sem 1');
INSERT INTO studentPlans VALUES('D1000064B', TRUE, 'CS1101S', 'AY 16/17 Sem 1');
INSERT INTO studentPlans VALUES('D1000064B', TRUE, 'IT1001', 'AY 16/17 Sem 1');
INSERT INTO studentPlans VALUES('D1000064B', TRUE, 'CS1010X', 'AY 16/17 Sem 1');
INSERT INTO studentPlans VALUES('D1000064B', TRUE, 'IT1002', 'AY 16/17 Sem 1');
INSERT INTO studentPlans VALUES('D1000064B', FALSE, 'FMC1204', 'AY 16/17 Sem 2');
INSERT INTO studentPlans VALUES('D1000064B', FALSE, 'CS1020', 'AY 16/17 Sem 2');
INSERT INTO studentPlans VALUES('D1000064B', FALSE, 'CS1010S', 'AY 16/17 Sem 2');
INSERT INTO studentPlans VALUES('D1000064B', FALSE, 'FMC1203', 'AY 16/17 Sem 2');
INSERT INTO studentPlans VALUES('D1000064B', FALSE, 'CS1020E', 'AY 16/17 Sem 2');
INSERT INTO studentPlans VALUES('D1000064B', FALSE, 'CS2309', 'AY 17/18 Sem 1');
INSERT INTO studentPlans VALUES('D1000064B', FALSE, 'CS2101', 'AY 17/18 Sem 1');
INSERT INTO studentPlans VALUES('D1000064B', FALSE, 'IT2002', 'AY 17/18 Sem 1');
INSERT INTO studentPlans VALUES('D1000064B', FALSE, 'CS2100', 'AY 17/18 Sem 1');
INSERT INTO studentPlans VALUES('D1000064B', FALSE, 'CS2104', 'AY 17/18 Sem 1');
INSERT INTO studentPlans VALUES('D1000064B', FALSE, 'CS2108', 'AY 17/18 Sem 2');
INSERT INTO studentPlans VALUES('D1000064B', FALSE, 'CS2107', 'AY 17/18 Sem 2');
INSERT INTO studentPlans VALUES('D1000064B', FALSE, 'CS2103', 'AY 17/18 Sem 2');
INSERT INTO studentPlans VALUES('D1000064B', FALSE, 'CS2105', 'AY 17/18 Sem 2');
INSERT INTO studentPlans VALUES('D1000064B', FALSE, 'CS2220', 'AY 17/18 Sem 2');

INSERT INTO student VALUES('D1000065B', 1);
INSERT INTO takesFocusArea VALUES('D1000065B', 'Algorithms & Theory', NULL);
INSERT INTO studentPlans VALUES('D1000065B', TRUE, 'CS1281', 'AY 16/17 Sem 1');
INSERT INTO studentPlans VALUES('D1000065B', TRUE, 'FMC1205', 'AY 16/17 Sem 1');
INSERT INTO studentPlans VALUES('D1000065B', TRUE, 'GET1031', 'AY 16/17 Sem 1');
INSERT INTO studentPlans VALUES('D1000065B', TRUE, 'IT1004', 'AY 16/17 Sem 1');
INSERT INTO studentPlans VALUES('D1000065B', TRUE, 'CS1010E', 'AY 16/17 Sem 1');
INSERT INTO studentPlans VALUES('D1000065B', FALSE, 'FMC1204', 'AY 16/17 Sem 2');
INSERT INTO studentPlans VALUES('D1000065B', FALSE, 'CS1102', 'AY 16/17 Sem 2');
INSERT INTO studentPlans VALUES('D1000065B', FALSE, 'IT1801', 'AY 16/17 Sem 2');
INSERT INTO studentPlans VALUES('D1000065B', FALSE, 'CS1020E', 'AY 16/17 Sem 2');
INSERT INTO studentPlans VALUES('D1000065B', FALSE, 'CS1102C', 'AY 16/17 Sem 2');
INSERT INTO studentPlans VALUES('D1000065B', FALSE, 'CS2103T', 'AY 17/18 Sem 1');
INSERT INTO studentPlans VALUES('D1000065B', FALSE, 'CS2220', 'AY 17/18 Sem 1');
INSERT INTO studentPlans VALUES('D1000065B', FALSE, 'CS2106', 'AY 17/18 Sem 1');
INSERT INTO studentPlans VALUES('D1000065B', FALSE, 'CS2101', 'AY 17/18 Sem 1');
INSERT INTO studentPlans VALUES('D1000065B', FALSE, 'CS2105', 'AY 17/18 Sem 1');
INSERT INTO studentPlans VALUES('D1000065B', FALSE, 'CS2010', 'AY 17/18 Sem 2');
INSERT INTO studentPlans VALUES('D1000065B', FALSE, 'IT2001', 'AY 17/18 Sem 2');
INSERT INTO studentPlans VALUES('D1000065B', FALSE, 'IT2002', 'AY 17/18 Sem 2');
INSERT INTO studentPlans VALUES('D1000065B', FALSE, 'CS2108', 'AY 17/18 Sem 2');
INSERT INTO studentPlans VALUES('D1000065B', FALSE, 'CS2102', 'AY 17/18 Sem 2');

INSERT INTO student VALUES('D1000066B', 1);
INSERT INTO takesFocusArea VALUES('D1000066B', 'Artificial Intelligence', NULL);
INSERT INTO studentPlans VALUES('D1000066B', TRUE, 'CS1101S', 'AY 16/17 Sem 1');
INSERT INTO studentPlans VALUES('D1000066B', TRUE, 'FMC1204', 'AY 16/17 Sem 1');
INSERT INTO studentPlans VALUES('D1000066B', TRUE, 'IT1003', 'AY 16/17 Sem 1');
INSERT INTO studentPlans VALUES('D1000066B', TRUE, 'IT1801', 'AY 16/17 Sem 1');
INSERT INTO studentPlans VALUES('D1000066B', TRUE, 'GET1031', 'AY 16/17 Sem 1');
INSERT INTO studentPlans VALUES('D1000066B', FALSE, 'CS1010J', 'AY 16/17 Sem 2');
INSERT INTO studentPlans VALUES('D1000066B', FALSE, 'IT1005', 'AY 16/17 Sem 2');
INSERT INTO studentPlans VALUES('D1000066B', FALSE, 'CS1102C', 'AY 16/17 Sem 2');
INSERT INTO studentPlans VALUES('D1000066B', FALSE, 'CS1280', 'AY 16/17 Sem 2');
INSERT INTO studentPlans VALUES('D1000066B', FALSE, 'CS1010', 'AY 16/17 Sem 2');
INSERT INTO studentPlans VALUES('D1000066B', FALSE, 'CS2020', 'AY 17/18 Sem 1');
INSERT INTO studentPlans VALUES('D1000066B', FALSE, 'IT2002', 'AY 17/18 Sem 1');
INSERT INTO studentPlans VALUES('D1000066B', FALSE, 'CS2220', 'AY 17/18 Sem 1');
INSERT INTO studentPlans VALUES('D1000066B', FALSE, 'CP2201', 'AY 17/18 Sem 1');
INSERT INTO studentPlans VALUES('D1000066B', FALSE, 'CS2103', 'AY 17/18 Sem 1');
INSERT INTO studentPlans VALUES('D1000066B', FALSE, 'CS2309', 'AY 17/18 Sem 2');
INSERT INTO studentPlans VALUES('D1000066B', FALSE, 'CS2108', 'AY 17/18 Sem 2');
INSERT INTO studentPlans VALUES('D1000066B', FALSE, 'CS2281', 'AY 17/18 Sem 2');
INSERT INTO studentPlans VALUES('D1000066B', FALSE, 'CS2105', 'AY 17/18 Sem 2');
INSERT INTO studentPlans VALUES('D1000066B', FALSE, 'IT2001', 'AY 17/18 Sem 2');

INSERT INTO student VALUES('D1000067B', 1);
INSERT INTO takesFocusArea VALUES('D1000067B', 'Multimedia Information Retrieval', NULL);
INSERT INTO studentPlans VALUES('D1000067B', TRUE, 'FMC1201', 'AY 16/17 Sem 1');
INSERT INTO studentPlans VALUES('D1000067B', TRUE, 'CS1231', 'AY 16/17 Sem 1');
INSERT INTO studentPlans VALUES('D1000067B', TRUE, 'IT1006', 'AY 16/17 Sem 1');
INSERT INTO studentPlans VALUES('D1000067B', TRUE, 'IT1004', 'AY 16/17 Sem 1');
INSERT INTO studentPlans VALUES('D1000067B', TRUE, 'CS1010S', 'AY 16/17 Sem 1');
INSERT INTO studentPlans VALUES('D1000067B', FALSE, 'FMC1206', 'AY 16/17 Sem 2');
INSERT INTO studentPlans VALUES('D1000067B', FALSE, 'CS1020E', 'AY 16/17 Sem 2');
INSERT INTO studentPlans VALUES('D1000067B', FALSE, 'GET1031', 'AY 16/17 Sem 2');
INSERT INTO studentPlans VALUES('D1000067B', FALSE, 'CS1010X', 'AY 16/17 Sem 2');
INSERT INTO studentPlans VALUES('D1000067B', FALSE, 'IT1801', 'AY 16/17 Sem 2');
INSERT INTO studentPlans VALUES('D1000067B', FALSE, 'CS2102', 'AY 17/18 Sem 1');
INSERT INTO studentPlans VALUES('D1000067B', FALSE, 'IT2001', 'AY 17/18 Sem 1');
INSERT INTO studentPlans VALUES('D1000067B', FALSE, 'CS2103', 'AY 17/18 Sem 1');
INSERT INTO studentPlans VALUES('D1000067B', FALSE, 'CS2281', 'AY 17/18 Sem 1');
INSERT INTO studentPlans VALUES('D1000067B', FALSE, 'CS2100', 'AY 17/18 Sem 1');
INSERT INTO studentPlans VALUES('D1000067B', FALSE, 'CS2309', 'AY 17/18 Sem 2');
INSERT INTO studentPlans VALUES('D1000067B', FALSE, 'CS2106', 'AY 17/18 Sem 2');
INSERT INTO studentPlans VALUES('D1000067B', FALSE, 'CS2271', 'AY 17/18 Sem 2');
INSERT INTO studentPlans VALUES('D1000067B', FALSE, 'CS2103T', 'AY 17/18 Sem 2');
INSERT INTO studentPlans VALUES('D1000067B', FALSE, 'CP2201', 'AY 17/18 Sem 2');

INSERT INTO student VALUES('D1000068B', 1);
INSERT INTO takesFocusArea VALUES('D1000068B', 'Software Engineering', NULL);
INSERT INTO studentPlans VALUES('D1000068B', TRUE, 'IT1006', 'AY 16/17 Sem 1');
INSERT INTO studentPlans VALUES('D1000068B', TRUE, 'CS1010J', 'AY 16/17 Sem 1');
INSERT INTO studentPlans VALUES('D1000068B', TRUE, 'CG1001', 'AY 16/17 Sem 1');
INSERT INTO studentPlans VALUES('D1000068B', TRUE, 'CS1020', 'AY 16/17 Sem 1');
INSERT INTO studentPlans VALUES('D1000068B', TRUE, 'IT1002', 'AY 16/17 Sem 1');
INSERT INTO studentPlans VALUES('D1000068B', FALSE, 'CS1020E', 'AY 16/17 Sem 2');
INSERT INTO studentPlans VALUES('D1000068B', FALSE, 'IT1005', 'AY 16/17 Sem 2');
INSERT INTO studentPlans VALUES('D1000068B', FALSE, 'CS1281', 'AY 16/17 Sem 2');
INSERT INTO studentPlans VALUES('D1000068B', FALSE, 'CS1280', 'AY 16/17 Sem 2');
INSERT INTO studentPlans VALUES('D1000068B', FALSE, 'FMC1204', 'AY 16/17 Sem 2');
INSERT INTO studentPlans VALUES('D1000068B', FALSE, 'CS2103', 'AY 17/18 Sem 1');
INSERT INTO studentPlans VALUES('D1000068B', FALSE, 'CS2271', 'AY 17/18 Sem 1');
INSERT INTO studentPlans VALUES('D1000068B', FALSE, 'CG2271', 'AY 17/18 Sem 1');
INSERT INTO studentPlans VALUES('D1000068B', FALSE, 'IT2002', 'AY 17/18 Sem 1');
INSERT INTO studentPlans VALUES('D1000068B', FALSE, 'IT2001', 'AY 17/18 Sem 1');
INSERT INTO studentPlans VALUES('D1000068B', FALSE, 'CS2100', 'AY 17/18 Sem 2');
INSERT INTO studentPlans VALUES('D1000068B', FALSE, 'CS2104', 'AY 17/18 Sem 2');
INSERT INTO studentPlans VALUES('D1000068B', FALSE, 'CS2108', 'AY 17/18 Sem 2');
INSERT INTO studentPlans VALUES('D1000068B', FALSE, 'CS2101', 'AY 17/18 Sem 2');
INSERT INTO studentPlans VALUES('D1000068B', FALSE, 'CP2201', 'AY 17/18 Sem 2');

INSERT INTO student VALUES('D1000069B', 1);
INSERT INTO takesFocusArea VALUES('D1000069B', 'Programming Languages', NULL);
INSERT INTO studentPlans VALUES('D1000069B', TRUE, 'IT1005', 'AY 16/17 Sem 1');
INSERT INTO studentPlans VALUES('D1000069B', TRUE, 'FMC1202', 'AY 16/17 Sem 1');
INSERT INTO studentPlans VALUES('D1000069B', TRUE, 'FMC1205', 'AY 16/17 Sem 1');
INSERT INTO studentPlans VALUES('D1000069B', TRUE, 'FMC1201', 'AY 16/17 Sem 1');
INSERT INTO studentPlans VALUES('D1000069B', TRUE, 'IT1006', 'AY 16/17 Sem 1');
INSERT INTO studentPlans VALUES('D1000069B', FALSE, 'IT1003', 'AY 16/17 Sem 2');
INSERT INTO studentPlans VALUES('D1000069B', FALSE, 'GET1031', 'AY 16/17 Sem 2');
INSERT INTO studentPlans VALUES('D1000069B', FALSE, 'CS1010J', 'AY 16/17 Sem 2');
INSERT INTO studentPlans VALUES('D1000069B', FALSE, 'CS1231', 'AY 16/17 Sem 2');
INSERT INTO studentPlans VALUES('D1000069B', FALSE, 'GEM1501', 'AY 16/17 Sem 2');
INSERT INTO studentPlans VALUES('D1000069B', FALSE, 'CS2100', 'AY 17/18 Sem 1');
INSERT INTO studentPlans VALUES('D1000069B', FALSE, 'CS2107', 'AY 17/18 Sem 1');
INSERT INTO studentPlans VALUES('D1000069B', FALSE, 'CS2220', 'AY 17/18 Sem 1');
INSERT INTO studentPlans VALUES('D1000069B', FALSE, 'CG2271', 'AY 17/18 Sem 1');
INSERT INTO studentPlans VALUES('D1000069B', FALSE, 'CS2271', 'AY 17/18 Sem 1');
INSERT INTO studentPlans VALUES('D1000069B', FALSE, 'CS2010', 'AY 17/18 Sem 2');
INSERT INTO studentPlans VALUES('D1000069B', FALSE, 'CS2106', 'AY 17/18 Sem 2');
INSERT INTO studentPlans VALUES('D1000069B', FALSE, 'CP2201', 'AY 17/18 Sem 2');
INSERT INTO studentPlans VALUES('D1000069B', FALSE, 'CS2105', 'AY 17/18 Sem 2');
INSERT INTO studentPlans VALUES('D1000069B', FALSE, 'CS2102', 'AY 17/18 Sem 2');

INSERT INTO student VALUES('D1000070B', 1);
INSERT INTO takesFocusArea VALUES('D1000070B', 'Algorithms & Theory', NULL);
INSERT INTO studentPlans VALUES('D1000070B', TRUE, 'FMC1202', 'AY 16/17 Sem 1');
INSERT INTO studentPlans VALUES('D1000070B', TRUE, 'CS1280', 'AY 16/17 Sem 1');
INSERT INTO studentPlans VALUES('D1000070B', TRUE, 'CS1020', 'AY 16/17 Sem 1');
INSERT INTO studentPlans VALUES('D1000070B', TRUE, 'CS1010J', 'AY 16/17 Sem 1');
INSERT INTO studentPlans VALUES('D1000070B', TRUE, 'FMC1201', 'AY 16/17 Sem 1');
INSERT INTO studentPlans VALUES('D1000070B', FALSE, 'FMC1204', 'AY 16/17 Sem 2');
INSERT INTO studentPlans VALUES('D1000070B', FALSE, 'FMC1206', 'AY 16/17 Sem 2');
INSERT INTO studentPlans VALUES('D1000070B', FALSE, 'GEM1501', 'AY 16/17 Sem 2');
INSERT INTO studentPlans VALUES('D1000070B', FALSE, 'FMC1203', 'AY 16/17 Sem 2');
INSERT INTO studentPlans VALUES('D1000070B', FALSE, 'CS1101S', 'AY 16/17 Sem 2');
INSERT INTO studentPlans VALUES('D1000070B', FALSE, 'CS2104', 'AY 17/18 Sem 1');
INSERT INTO studentPlans VALUES('D1000070B', FALSE, 'CS2103', 'AY 17/18 Sem 1');
INSERT INTO studentPlans VALUES('D1000070B', FALSE, 'CS2101', 'AY 17/18 Sem 1');
INSERT INTO studentPlans VALUES('D1000070B', FALSE, 'IT2001', 'AY 17/18 Sem 1');
INSERT INTO studentPlans VALUES('D1000070B', FALSE, 'CS2100', 'AY 17/18 Sem 1');
INSERT INTO studentPlans VALUES('D1000070B', FALSE, 'CS2102', 'AY 17/18 Sem 2');
INSERT INTO studentPlans VALUES('D1000070B', FALSE, 'CS2309', 'AY 17/18 Sem 2');
INSERT INTO studentPlans VALUES('D1000070B', FALSE, 'CG2271', 'AY 17/18 Sem 2');
INSERT INTO studentPlans VALUES('D1000070B', FALSE, 'CS2271', 'AY 17/18 Sem 2');
INSERT INTO studentPlans VALUES('D1000070B', FALSE, 'CS2220', 'AY 17/18 Sem 2');

INSERT INTO student VALUES('D1000071B', 1);
INSERT INTO takesFocusArea VALUES('D1000071B', 'Networking and Distributed Systems', NULL);
INSERT INTO studentPlans VALUES('D1000071B', TRUE, 'CS1102', 'AY 16/17 Sem 1');
INSERT INTO studentPlans VALUES('D1000071B', TRUE, 'CS1010J', 'AY 16/17 Sem 1');
INSERT INTO studentPlans VALUES('D1000071B', TRUE, 'CS1010', 'AY 16/17 Sem 1');
INSERT INTO studentPlans VALUES('D1000071B', TRUE, 'FMC1204', 'AY 16/17 Sem 1');
INSERT INTO studentPlans VALUES('D1000071B', TRUE, 'IT1006', 'AY 16/17 Sem 1');
INSERT INTO studentPlans VALUES('D1000071B', FALSE, 'CS1020', 'AY 16/17 Sem 2');
INSERT INTO studentPlans VALUES('D1000071B', FALSE, 'FMC1206', 'AY 16/17 Sem 2');
INSERT INTO studentPlans VALUES('D1000071B', FALSE, 'GET1031', 'AY 16/17 Sem 2');
INSERT INTO studentPlans VALUES('D1000071B', FALSE, 'FMC1203', 'AY 16/17 Sem 2');
INSERT INTO studentPlans VALUES('D1000071B', FALSE, 'IT1002', 'AY 16/17 Sem 2');
INSERT INTO studentPlans VALUES('D1000071B', FALSE, 'IT2002', 'AY 17/18 Sem 1');
INSERT INTO studentPlans VALUES('D1000071B', FALSE, 'CS2104', 'AY 17/18 Sem 1');
INSERT INTO studentPlans VALUES('D1000071B', FALSE, 'CS2220', 'AY 17/18 Sem 1');
INSERT INTO studentPlans VALUES('D1000071B', FALSE, 'CS2010', 'AY 17/18 Sem 1');
INSERT INTO studentPlans VALUES('D1000071B', FALSE, 'CS2309', 'AY 17/18 Sem 1');
INSERT INTO studentPlans VALUES('D1000071B', FALSE, 'CS2105', 'AY 17/18 Sem 2');
INSERT INTO studentPlans VALUES('D1000071B', FALSE, 'CS2271', 'AY 17/18 Sem 2');
INSERT INTO studentPlans VALUES('D1000071B', FALSE, 'CS2101', 'AY 17/18 Sem 2');
INSERT INTO studentPlans VALUES('D1000071B', FALSE, 'CS2103T', 'AY 17/18 Sem 2');
INSERT INTO studentPlans VALUES('D1000071B', FALSE, 'CS2108', 'AY 17/18 Sem 2');

INSERT INTO student VALUES('D1000072B', 1);
INSERT INTO takesFocusArea VALUES('D1000072B', 'Interactive Media', NULL);
INSERT INTO studentPlans VALUES('D1000072B', TRUE, 'IT1004', 'AY 16/17 Sem 1');
INSERT INTO studentPlans VALUES('D1000072B', TRUE, 'CS1280', 'AY 16/17 Sem 1');
INSERT INTO studentPlans VALUES('D1000072B', TRUE, 'FMC1205', 'AY 16/17 Sem 1');
INSERT INTO studentPlans VALUES('D1000072B', TRUE, 'FMC1201', 'AY 16/17 Sem 1');
INSERT INTO studentPlans VALUES('D1000072B', TRUE, 'IT1006', 'AY 16/17 Sem 1');
INSERT INTO studentPlans VALUES('D1000072B', FALSE, 'FMC1206', 'AY 16/17 Sem 2');
INSERT INTO studentPlans VALUES('D1000072B', FALSE, 'IT1005', 'AY 16/17 Sem 2');
INSERT INTO studentPlans VALUES('D1000072B', FALSE, 'FMC1203', 'AY 16/17 Sem 2');
INSERT INTO studentPlans VALUES('D1000072B', FALSE, 'CS1020', 'AY 16/17 Sem 2');
INSERT INTO studentPlans VALUES('D1000072B', FALSE, 'IT1002', 'AY 16/17 Sem 2');
INSERT INTO studentPlans VALUES('D1000072B', FALSE, 'CS2010', 'AY 17/18 Sem 1');
INSERT INTO studentPlans VALUES('D1000072B', FALSE, 'CP2201', 'AY 17/18 Sem 1');
INSERT INTO studentPlans VALUES('D1000072B', FALSE, 'CS2105', 'AY 17/18 Sem 1');
INSERT INTO studentPlans VALUES('D1000072B', FALSE, 'CS2107', 'AY 17/18 Sem 1');
INSERT INTO studentPlans VALUES('D1000072B', FALSE, 'CG2271', 'AY 17/18 Sem 1');
INSERT INTO studentPlans VALUES('D1000072B', FALSE, 'CS2106', 'AY 17/18 Sem 2');
INSERT INTO studentPlans VALUES('D1000072B', FALSE, 'CS2271', 'AY 17/18 Sem 2');
INSERT INTO studentPlans VALUES('D1000072B', FALSE, 'CS2100', 'AY 17/18 Sem 2');
INSERT INTO studentPlans VALUES('D1000072B', FALSE, 'IT2001', 'AY 17/18 Sem 2');
INSERT INTO studentPlans VALUES('D1000072B', FALSE, 'CS2104', 'AY 17/18 Sem 2');

INSERT INTO student VALUES('D1000073B', 1);
INSERT INTO takesFocusArea VALUES('D1000073B', 'Networking and Distributed Systems', NULL);
INSERT INTO studentPlans VALUES('D1000073B', TRUE, 'GEM1501', 'AY 16/17 Sem 1');
INSERT INTO studentPlans VALUES('D1000073B', TRUE, 'FMC1204', 'AY 16/17 Sem 1');
INSERT INTO studentPlans VALUES('D1000073B', TRUE, 'CS1231', 'AY 16/17 Sem 1');
INSERT INTO studentPlans VALUES('D1000073B', TRUE, 'IT1002', 'AY 16/17 Sem 1');
INSERT INTO studentPlans VALUES('D1000073B', TRUE, 'CS1010J', 'AY 16/17 Sem 1');
INSERT INTO studentPlans VALUES('D1000073B', FALSE, 'IT1003', 'AY 16/17 Sem 2');
INSERT INTO studentPlans VALUES('D1000073B', FALSE, 'GET1031', 'AY 16/17 Sem 2');
INSERT INTO studentPlans VALUES('D1000073B', FALSE, 'CS1102C', 'AY 16/17 Sem 2');
INSERT INTO studentPlans VALUES('D1000073B', FALSE, 'CS1020E', 'AY 16/17 Sem 2');
INSERT INTO studentPlans VALUES('D1000073B', FALSE, 'FMC1202', 'AY 16/17 Sem 2');
INSERT INTO studentPlans VALUES('D1000073B', FALSE, 'IT2002', 'AY 17/18 Sem 1');
INSERT INTO studentPlans VALUES('D1000073B', FALSE, 'CS2106', 'AY 17/18 Sem 1');
INSERT INTO studentPlans VALUES('D1000073B', FALSE, 'CS2104', 'AY 17/18 Sem 1');
INSERT INTO studentPlans VALUES('D1000073B', FALSE, 'CS2101', 'AY 17/18 Sem 1');
INSERT INTO studentPlans VALUES('D1000073B', FALSE, 'CS2010', 'AY 17/18 Sem 1');
INSERT INTO studentPlans VALUES('D1000073B', FALSE, 'CS2309', 'AY 17/18 Sem 2');
INSERT INTO studentPlans VALUES('D1000073B', FALSE, 'CS2108', 'AY 17/18 Sem 2');
INSERT INTO studentPlans VALUES('D1000073B', FALSE, 'CS2103', 'AY 17/18 Sem 2');
INSERT INTO studentPlans VALUES('D1000073B', FALSE, 'CG2271', 'AY 17/18 Sem 2');
INSERT INTO studentPlans VALUES('D1000073B', FALSE, 'CS2103T', 'AY 17/18 Sem 2');

INSERT INTO student VALUES('D1000074B', 1);
INSERT INTO takesFocusArea VALUES('D1000074B', 'Computer Security', NULL);
INSERT INTO studentPlans VALUES('D1000074B', TRUE, 'CS1010J', 'AY 16/17 Sem 1');
INSERT INTO studentPlans VALUES('D1000074B', TRUE, 'GET1031', 'AY 16/17 Sem 1');
INSERT INTO studentPlans VALUES('D1000074B', TRUE, 'CS1020E', 'AY 16/17 Sem 1');
INSERT INTO studentPlans VALUES('D1000074B', TRUE, 'CG1001', 'AY 16/17 Sem 1');
INSERT INTO studentPlans VALUES('D1000074B', TRUE, 'CS1281', 'AY 16/17 Sem 1');
INSERT INTO studentPlans VALUES('D1000074B', FALSE, 'CS1231', 'AY 16/17 Sem 2');
INSERT INTO studentPlans VALUES('D1000074B', FALSE, 'CS1101S', 'AY 16/17 Sem 2');
INSERT INTO studentPlans VALUES('D1000074B', FALSE, 'CS1020', 'AY 16/17 Sem 2');
INSERT INTO studentPlans VALUES('D1000074B', FALSE, 'IT1002', 'AY 16/17 Sem 2');
INSERT INTO studentPlans VALUES('D1000074B', FALSE, 'IT1004', 'AY 16/17 Sem 2');
INSERT INTO studentPlans VALUES('D1000074B', FALSE, 'CS2271', 'AY 17/18 Sem 1');
INSERT INTO studentPlans VALUES('D1000074B', FALSE, 'CS2107', 'AY 17/18 Sem 1');
INSERT INTO studentPlans VALUES('D1000074B', FALSE, 'CG2271', 'AY 17/18 Sem 1');
INSERT INTO studentPlans VALUES('D1000074B', FALSE, 'CS2220', 'AY 17/18 Sem 1');
INSERT INTO studentPlans VALUES('D1000074B', FALSE, 'IT2001', 'AY 17/18 Sem 1');
INSERT INTO studentPlans VALUES('D1000074B', FALSE, 'CS2102', 'AY 17/18 Sem 2');
INSERT INTO studentPlans VALUES('D1000074B', FALSE, 'CS2105', 'AY 17/18 Sem 2');
INSERT INTO studentPlans VALUES('D1000074B', FALSE, 'CS2108', 'AY 17/18 Sem 2');
INSERT INTO studentPlans VALUES('D1000074B', FALSE, 'CS2103T', 'AY 17/18 Sem 2');
INSERT INTO studentPlans VALUES('D1000074B', FALSE, 'CS2104', 'AY 17/18 Sem 2');

INSERT INTO student VALUES('D1000075B', 1);
INSERT INTO takesFocusArea VALUES('D1000075B', 'Networking and Distributed Systems', NULL);
INSERT INTO studentPlans VALUES('D1000075B', TRUE, 'IT1002', 'AY 16/17 Sem 1');
INSERT INTO studentPlans VALUES('D1000075B', TRUE, 'CS1281', 'AY 16/17 Sem 1');
INSERT INTO studentPlans VALUES('D1000075B', TRUE, 'FMC1205', 'AY 16/17 Sem 1');
INSERT INTO studentPlans VALUES('D1000075B', TRUE, 'CS1020', 'AY 16/17 Sem 1');
INSERT INTO studentPlans VALUES('D1000075B', TRUE, 'GET1031', 'AY 16/17 Sem 1');
INSERT INTO studentPlans VALUES('D1000075B', FALSE, 'CS1101S', 'AY 16/17 Sem 2');
INSERT INTO studentPlans VALUES('D1000075B', FALSE, 'IT1003', 'AY 16/17 Sem 2');
INSERT INTO studentPlans VALUES('D1000075B', FALSE, 'IT1001', 'AY 16/17 Sem 2');
INSERT INTO studentPlans VALUES('D1000075B', FALSE, 'CS1231', 'AY 16/17 Sem 2');
INSERT INTO studentPlans VALUES('D1000075B', FALSE, 'CG1001', 'AY 16/17 Sem 2');
INSERT INTO studentPlans VALUES('D1000075B', FALSE, 'CS2271', 'AY 17/18 Sem 1');
INSERT INTO studentPlans VALUES('D1000075B', FALSE, 'CS2281', 'AY 17/18 Sem 1');
INSERT INTO studentPlans VALUES('D1000075B', FALSE, 'CS2108', 'AY 17/18 Sem 1');
INSERT INTO studentPlans VALUES('D1000075B', FALSE, 'CS2106', 'AY 17/18 Sem 1');
INSERT INTO studentPlans VALUES('D1000075B', FALSE, 'CS2010', 'AY 17/18 Sem 1');
INSERT INTO studentPlans VALUES('D1000075B', FALSE, 'CP2201', 'AY 17/18 Sem 2');
INSERT INTO studentPlans VALUES('D1000075B', FALSE, 'CS2104', 'AY 17/18 Sem 2');
INSERT INTO studentPlans VALUES('D1000075B', FALSE, 'CS2107', 'AY 17/18 Sem 2');
INSERT INTO studentPlans VALUES('D1000075B', FALSE, 'CS2220', 'AY 17/18 Sem 2');
INSERT INTO studentPlans VALUES('D1000075B', FALSE, 'CS2100', 'AY 17/18 Sem 2');

INSERT INTO student VALUES('D1000076B', 1);
INSERT INTO takesFocusArea VALUES('D1000076B', 'Artificial Intelligence', NULL);
INSERT INTO studentPlans VALUES('D1000076B', TRUE, 'CS1231', 'AY 16/17 Sem 1');
INSERT INTO studentPlans VALUES('D1000076B', TRUE, 'CS1102', 'AY 16/17 Sem 1');
INSERT INTO studentPlans VALUES('D1000076B', TRUE, 'CS1010X', 'AY 16/17 Sem 1');
INSERT INTO studentPlans VALUES('D1000076B', TRUE, 'CG1001', 'AY 16/17 Sem 1');
INSERT INTO studentPlans VALUES('D1000076B', TRUE, 'IT1004', 'AY 16/17 Sem 1');
INSERT INTO studentPlans VALUES('D1000076B', FALSE, 'CS1281', 'AY 16/17 Sem 2');
INSERT INTO studentPlans VALUES('D1000076B', FALSE, 'CS1020E', 'AY 16/17 Sem 2');
INSERT INTO studentPlans VALUES('D1000076B', FALSE, 'CS1010S', 'AY 16/17 Sem 2');
INSERT INTO studentPlans VALUES('D1000076B', FALSE, 'CS1102C', 'AY 16/17 Sem 2');
INSERT INTO studentPlans VALUES('D1000076B', FALSE, 'GET1031', 'AY 16/17 Sem 2');
INSERT INTO studentPlans VALUES('D1000076B', FALSE, 'CS2101', 'AY 17/18 Sem 1');
INSERT INTO studentPlans VALUES('D1000076B', FALSE, 'CS2103T', 'AY 17/18 Sem 1');
INSERT INTO studentPlans VALUES('D1000076B', FALSE, 'CS2281', 'AY 17/18 Sem 1');
INSERT INTO studentPlans VALUES('D1000076B', FALSE, 'CS2103', 'AY 17/18 Sem 1');
INSERT INTO studentPlans VALUES('D1000076B', FALSE, 'CS2020', 'AY 17/18 Sem 1');
INSERT INTO studentPlans VALUES('D1000076B', FALSE, 'CS2100', 'AY 17/18 Sem 2');
INSERT INTO studentPlans VALUES('D1000076B', FALSE, 'CP2201', 'AY 17/18 Sem 2');
INSERT INTO studentPlans VALUES('D1000076B', FALSE, 'CS2104', 'AY 17/18 Sem 2');
INSERT INTO studentPlans VALUES('D1000076B', FALSE, 'CS2010', 'AY 17/18 Sem 2');
INSERT INTO studentPlans VALUES('D1000076B', FALSE, 'CG2271', 'AY 17/18 Sem 2');

INSERT INTO student VALUES('D1000077B', 1);
INSERT INTO takesFocusArea VALUES('D1000077B', 'Multimedia Information Retrieval', NULL);
INSERT INTO studentPlans VALUES('D1000077B', TRUE, 'CG1001', 'AY 16/17 Sem 1');
INSERT INTO studentPlans VALUES('D1000077B', TRUE, 'FMC1202', 'AY 16/17 Sem 1');
INSERT INTO studentPlans VALUES('D1000077B', TRUE, 'CS1010E', 'AY 16/17 Sem 1');
INSERT INTO studentPlans VALUES('D1000077B', TRUE, 'CS1281', 'AY 16/17 Sem 1');
INSERT INTO studentPlans VALUES('D1000077B', TRUE, 'IT1003', 'AY 16/17 Sem 1');
INSERT INTO studentPlans VALUES('D1000077B', FALSE, 'CS1101S', 'AY 16/17 Sem 2');
INSERT INTO studentPlans VALUES('D1000077B', FALSE, 'CS1231', 'AY 16/17 Sem 2');
INSERT INTO studentPlans VALUES('D1000077B', FALSE, 'CS1010S', 'AY 16/17 Sem 2');
INSERT INTO studentPlans VALUES('D1000077B', FALSE, 'IT1004', 'AY 16/17 Sem 2');
INSERT INTO studentPlans VALUES('D1000077B', FALSE, 'CS1010J', 'AY 16/17 Sem 2');
INSERT INTO studentPlans VALUES('D1000077B', FALSE, 'CS2107', 'AY 17/18 Sem 1');
INSERT INTO studentPlans VALUES('D1000077B', FALSE, 'CG2271', 'AY 17/18 Sem 1');
INSERT INTO studentPlans VALUES('D1000077B', FALSE, 'CS2309', 'AY 17/18 Sem 1');
INSERT INTO studentPlans VALUES('D1000077B', FALSE, 'CS2106', 'AY 17/18 Sem 1');
INSERT INTO studentPlans VALUES('D1000077B', FALSE, 'CS2104', 'AY 17/18 Sem 1');
INSERT INTO studentPlans VALUES('D1000077B', FALSE, 'CS2108', 'AY 17/18 Sem 2');
INSERT INTO studentPlans VALUES('D1000077B', FALSE, 'IT2002', 'AY 17/18 Sem 2');
INSERT INTO studentPlans VALUES('D1000077B', FALSE, 'CS2271', 'AY 17/18 Sem 2');
INSERT INTO studentPlans VALUES('D1000077B', FALSE, 'CS2101', 'AY 17/18 Sem 2');
INSERT INTO studentPlans VALUES('D1000077B', FALSE, 'CS2105', 'AY 17/18 Sem 2');

INSERT INTO student VALUES('D1000078B', 1);
INSERT INTO takesFocusArea VALUES('D1000078B', 'Database Systems', NULL);
INSERT INTO studentPlans VALUES('D1000078B', TRUE, 'CS1102C', 'AY 16/17 Sem 1');
INSERT INTO studentPlans VALUES('D1000078B', TRUE, 'CS1010', 'AY 16/17 Sem 1');
INSERT INTO studentPlans VALUES('D1000078B', TRUE, 'CS1010X', 'AY 16/17 Sem 1');
INSERT INTO studentPlans VALUES('D1000078B', TRUE, 'CS1231', 'AY 16/17 Sem 1');
INSERT INTO studentPlans VALUES('D1000078B', TRUE, 'CG1001', 'AY 16/17 Sem 1');
INSERT INTO studentPlans VALUES('D1000078B', FALSE, 'IT1005', 'AY 16/17 Sem 2');
INSERT INTO studentPlans VALUES('D1000078B', FALSE, 'GEM1501', 'AY 16/17 Sem 2');
INSERT INTO studentPlans VALUES('D1000078B', FALSE, 'IT1006', 'AY 16/17 Sem 2');
INSERT INTO studentPlans VALUES('D1000078B', FALSE, 'IT1002', 'AY 16/17 Sem 2');
INSERT INTO studentPlans VALUES('D1000078B', FALSE, 'IT1003', 'AY 16/17 Sem 2');
INSERT INTO studentPlans VALUES('D1000078B', FALSE, 'CS2107', 'AY 17/18 Sem 1');
INSERT INTO studentPlans VALUES('D1000078B', FALSE, 'CS2103T', 'AY 17/18 Sem 1');
INSERT INTO studentPlans VALUES('D1000078B', FALSE, 'CS2108', 'AY 17/18 Sem 1');
INSERT INTO studentPlans VALUES('D1000078B', FALSE, 'CS2100', 'AY 17/18 Sem 1');
INSERT INTO studentPlans VALUES('D1000078B', FALSE, 'CS2106', 'AY 17/18 Sem 1');
INSERT INTO studentPlans VALUES('D1000078B', FALSE, 'CS2105', 'AY 17/18 Sem 2');
INSERT INTO studentPlans VALUES('D1000078B', FALSE, 'CS2020', 'AY 17/18 Sem 2');
INSERT INTO studentPlans VALUES('D1000078B', FALSE, 'IT2002', 'AY 17/18 Sem 2');
INSERT INTO studentPlans VALUES('D1000078B', FALSE, 'CS2281', 'AY 17/18 Sem 2');
INSERT INTO studentPlans VALUES('D1000078B', FALSE, 'CS2103', 'AY 17/18 Sem 2');

INSERT INTO student VALUES('D1000079B', 1);
INSERT INTO takesFocusArea VALUES('D1000079B', 'Software Engineering', NULL);
INSERT INTO studentPlans VALUES('D1000079B', TRUE, 'CS1020', 'AY 16/17 Sem 1');
INSERT INTO studentPlans VALUES('D1000079B', TRUE, 'CS1010E', 'AY 16/17 Sem 1');
INSERT INTO studentPlans VALUES('D1000079B', TRUE, 'CS1280', 'AY 16/17 Sem 1');
INSERT INTO studentPlans VALUES('D1000079B', TRUE, 'IT1005', 'AY 16/17 Sem 1');
INSERT INTO studentPlans VALUES('D1000079B', TRUE, 'IT1001', 'AY 16/17 Sem 1');
INSERT INTO studentPlans VALUES('D1000079B', FALSE, 'FMC1201', 'AY 16/17 Sem 2');
INSERT INTO studentPlans VALUES('D1000079B', FALSE, 'FMC1203', 'AY 16/17 Sem 2');
INSERT INTO studentPlans VALUES('D1000079B', FALSE, 'FMC1202', 'AY 16/17 Sem 2');
INSERT INTO studentPlans VALUES('D1000079B', FALSE, 'CS1010X', 'AY 16/17 Sem 2');
INSERT INTO studentPlans VALUES('D1000079B', FALSE, 'FMC1205', 'AY 16/17 Sem 2');
INSERT INTO studentPlans VALUES('D1000079B', FALSE, 'CS2010', 'AY 17/18 Sem 1');
INSERT INTO studentPlans VALUES('D1000079B', FALSE, 'CS2106', 'AY 17/18 Sem 1');
INSERT INTO studentPlans VALUES('D1000079B', FALSE, 'CS2105', 'AY 17/18 Sem 1');
INSERT INTO studentPlans VALUES('D1000079B', FALSE, 'CS2020', 'AY 17/18 Sem 1');
INSERT INTO studentPlans VALUES('D1000079B', FALSE, 'CS2102', 'AY 17/18 Sem 1');
INSERT INTO studentPlans VALUES('D1000079B', FALSE, 'CP2201', 'AY 17/18 Sem 2');
INSERT INTO studentPlans VALUES('D1000079B', FALSE, 'CG2271', 'AY 17/18 Sem 2');
INSERT INTO studentPlans VALUES('D1000079B', FALSE, 'CS2271', 'AY 17/18 Sem 2');
INSERT INTO studentPlans VALUES('D1000079B', FALSE, 'IT2002', 'AY 17/18 Sem 2');
INSERT INTO studentPlans VALUES('D1000079B', FALSE, 'CS2220', 'AY 17/18 Sem 2');

INSERT INTO student VALUES('D1000080B', 1);
INSERT INTO takesFocusArea VALUES('D1000080B', 'Computer Security', NULL);
INSERT INTO studentPlans VALUES('D1000080B', TRUE, 'CG1001', 'AY 16/17 Sem 1');
INSERT INTO studentPlans VALUES('D1000080B', TRUE, 'CS1231', 'AY 16/17 Sem 1');
INSERT INTO studentPlans VALUES('D1000080B', TRUE, 'FMC1204', 'AY 16/17 Sem 1');
INSERT INTO studentPlans VALUES('D1000080B', TRUE, 'FMC1205', 'AY 16/17 Sem 1');
INSERT INTO studentPlans VALUES('D1000080B', TRUE, 'CS1102', 'AY 16/17 Sem 1');
INSERT INTO studentPlans VALUES('D1000080B', FALSE, 'CS1020', 'AY 16/17 Sem 2');
INSERT INTO studentPlans VALUES('D1000080B', FALSE, 'CS1281', 'AY 16/17 Sem 2');
INSERT INTO studentPlans VALUES('D1000080B', FALSE, 'IT1006', 'AY 16/17 Sem 2');
INSERT INTO studentPlans VALUES('D1000080B', FALSE, 'GET1031', 'AY 16/17 Sem 2');
INSERT INTO studentPlans VALUES('D1000080B', FALSE, 'FMC1202', 'AY 16/17 Sem 2');
INSERT INTO studentPlans VALUES('D1000080B', FALSE, 'CS2108', 'AY 17/18 Sem 1');
INSERT INTO studentPlans VALUES('D1000080B', FALSE, 'IT2002', 'AY 17/18 Sem 1');
INSERT INTO studentPlans VALUES('D1000080B', FALSE, 'CS2271', 'AY 17/18 Sem 1');
INSERT INTO studentPlans VALUES('D1000080B', FALSE, 'CS2103T', 'AY 17/18 Sem 1');
INSERT INTO studentPlans VALUES('D1000080B', FALSE, 'CP2201', 'AY 17/18 Sem 1');
INSERT INTO studentPlans VALUES('D1000080B', FALSE, 'CS2102', 'AY 17/18 Sem 2');
INSERT INTO studentPlans VALUES('D1000080B', FALSE, 'CS2309', 'AY 17/18 Sem 2');
INSERT INTO studentPlans VALUES('D1000080B', FALSE, 'CS2106', 'AY 17/18 Sem 2');
INSERT INTO studentPlans VALUES('D1000080B', FALSE, 'CS2281', 'AY 17/18 Sem 2');
INSERT INTO studentPlans VALUES('D1000080B', FALSE, 'CS2103', 'AY 17/18 Sem 2');

INSERT INTO student VALUES('D1000081B', 1);
INSERT INTO takesFocusArea VALUES('D1000081B', 'Computer Graphics and Games', NULL);
INSERT INTO studentPlans VALUES('D1000081B', TRUE, 'GEM1501', 'AY 16/17 Sem 1');
INSERT INTO studentPlans VALUES('D1000081B', TRUE, 'IT1004', 'AY 16/17 Sem 1');
INSERT INTO studentPlans VALUES('D1000081B', TRUE, 'FMC1205', 'AY 16/17 Sem 1');
INSERT INTO studentPlans VALUES('D1000081B', TRUE, 'FMC1204', 'AY 16/17 Sem 1');
INSERT INTO studentPlans VALUES('D1000081B', TRUE, 'IT1003', 'AY 16/17 Sem 1');
INSERT INTO studentPlans VALUES('D1000081B', FALSE, 'FMC1206', 'AY 16/17 Sem 2');
INSERT INTO studentPlans VALUES('D1000081B', FALSE, 'FMC1203', 'AY 16/17 Sem 2');
INSERT INTO studentPlans VALUES('D1000081B', FALSE, 'IT1006', 'AY 16/17 Sem 2');
INSERT INTO studentPlans VALUES('D1000081B', FALSE, 'CS1102', 'AY 16/17 Sem 2');
INSERT INTO studentPlans VALUES('D1000081B', FALSE, 'CS1020', 'AY 16/17 Sem 2');
INSERT INTO studentPlans VALUES('D1000081B', FALSE, 'CS2271', 'AY 17/18 Sem 1');
INSERT INTO studentPlans VALUES('D1000081B', FALSE, 'CS2220', 'AY 17/18 Sem 1');
INSERT INTO studentPlans VALUES('D1000081B', FALSE, 'CS2102', 'AY 17/18 Sem 1');
INSERT INTO studentPlans VALUES('D1000081B', FALSE, 'CS2104', 'AY 17/18 Sem 1');
INSERT INTO studentPlans VALUES('D1000081B', FALSE, 'CG2271', 'AY 17/18 Sem 1');
INSERT INTO studentPlans VALUES('D1000081B', FALSE, 'CS2010', 'AY 17/18 Sem 2');
INSERT INTO studentPlans VALUES('D1000081B', FALSE, 'CS2101', 'AY 17/18 Sem 2');
INSERT INTO studentPlans VALUES('D1000081B', FALSE, 'CS2020', 'AY 17/18 Sem 2');
INSERT INTO studentPlans VALUES('D1000081B', FALSE, 'CS2105', 'AY 17/18 Sem 2');
INSERT INTO studentPlans VALUES('D1000081B', FALSE, 'CS2103', 'AY 17/18 Sem 2');

INSERT INTO student VALUES('D1000082B', 1);
INSERT INTO takesFocusArea VALUES('D1000082B', 'Interactive Media', NULL);
INSERT INTO studentPlans VALUES('D1000082B', TRUE, 'CS1010J', 'AY 16/17 Sem 1');
INSERT INTO studentPlans VALUES('D1000082B', TRUE, 'CS1101S', 'AY 16/17 Sem 1');
INSERT INTO studentPlans VALUES('D1000082B', TRUE, 'IT1801', 'AY 16/17 Sem 1');
INSERT INTO studentPlans VALUES('D1000082B', TRUE, 'GEM1501', 'AY 16/17 Sem 1');
INSERT INTO studentPlans VALUES('D1000082B', TRUE, 'CG1001', 'AY 16/17 Sem 1');
INSERT INTO studentPlans VALUES('D1000082B', FALSE, 'IT1003', 'AY 16/17 Sem 2');
INSERT INTO studentPlans VALUES('D1000082B', FALSE, 'CS1231', 'AY 16/17 Sem 2');
INSERT INTO studentPlans VALUES('D1000082B', FALSE, 'CS1010', 'AY 16/17 Sem 2');
INSERT INTO studentPlans VALUES('D1000082B', FALSE, 'CS1020', 'AY 16/17 Sem 2');
INSERT INTO studentPlans VALUES('D1000082B', FALSE, 'FMC1201', 'AY 16/17 Sem 2');
INSERT INTO studentPlans VALUES('D1000082B', FALSE, 'IT2002', 'AY 17/18 Sem 1');
INSERT INTO studentPlans VALUES('D1000082B', FALSE, 'CS2102', 'AY 17/18 Sem 1');
INSERT INTO studentPlans VALUES('D1000082B', FALSE, 'CS2107', 'AY 17/18 Sem 1');
INSERT INTO studentPlans VALUES('D1000082B', FALSE, 'CS2104', 'AY 17/18 Sem 1');
INSERT INTO studentPlans VALUES('D1000082B', FALSE, 'CS2108', 'AY 17/18 Sem 1');
INSERT INTO studentPlans VALUES('D1000082B', FALSE, 'IT2001', 'AY 17/18 Sem 2');
INSERT INTO studentPlans VALUES('D1000082B', FALSE, 'CS2271', 'AY 17/18 Sem 2');
INSERT INTO studentPlans VALUES('D1000082B', FALSE, 'CS2309', 'AY 17/18 Sem 2');
INSERT INTO studentPlans VALUES('D1000082B', FALSE, 'CS2106', 'AY 17/18 Sem 2');
INSERT INTO studentPlans VALUES('D1000082B', FALSE, 'CS2220', 'AY 17/18 Sem 2');

INSERT INTO student VALUES('D1000083B', 1);
INSERT INTO takesFocusArea VALUES('D1000083B', 'Computer Security', NULL);
INSERT INTO studentPlans VALUES('D1000083B', TRUE, 'IT1004', 'AY 16/17 Sem 1');
INSERT INTO studentPlans VALUES('D1000083B', TRUE, 'GEM1501', 'AY 16/17 Sem 1');
INSERT INTO studentPlans VALUES('D1000083B', TRUE, 'CS1231', 'AY 16/17 Sem 1');
INSERT INTO studentPlans VALUES('D1000083B', TRUE, 'CS1010', 'AY 16/17 Sem 1');
INSERT INTO studentPlans VALUES('D1000083B', TRUE, 'CS1102', 'AY 16/17 Sem 1');
INSERT INTO studentPlans VALUES('D1000083B', FALSE, 'IT1005', 'AY 16/17 Sem 2');
INSERT INTO studentPlans VALUES('D1000083B', FALSE, 'CS1010S', 'AY 16/17 Sem 2');
INSERT INTO studentPlans VALUES('D1000083B', FALSE, 'FMC1206', 'AY 16/17 Sem 2');
INSERT INTO studentPlans VALUES('D1000083B', FALSE, 'IT1002', 'AY 16/17 Sem 2');
INSERT INTO studentPlans VALUES('D1000083B', FALSE, 'FMC1204', 'AY 16/17 Sem 2');
INSERT INTO studentPlans VALUES('D1000083B', FALSE, 'CS2102', 'AY 17/18 Sem 1');
INSERT INTO studentPlans VALUES('D1000083B', FALSE, 'CS2010', 'AY 17/18 Sem 1');
INSERT INTO studentPlans VALUES('D1000083B', FALSE, 'IT2002', 'AY 17/18 Sem 1');
INSERT INTO studentPlans VALUES('D1000083B', FALSE, 'CS2309', 'AY 17/18 Sem 1');
INSERT INTO studentPlans VALUES('D1000083B', FALSE, 'CS2271', 'AY 17/18 Sem 1');
INSERT INTO studentPlans VALUES('D1000083B', FALSE, 'CS2105', 'AY 17/18 Sem 2');
INSERT INTO studentPlans VALUES('D1000083B', FALSE, 'CG2271', 'AY 17/18 Sem 2');
INSERT INTO studentPlans VALUES('D1000083B', FALSE, 'CS2100', 'AY 17/18 Sem 2');
INSERT INTO studentPlans VALUES('D1000083B', FALSE, 'CS2281', 'AY 17/18 Sem 2');
INSERT INTO studentPlans VALUES('D1000083B', FALSE, 'CS2107', 'AY 17/18 Sem 2');

INSERT INTO student VALUES('D1000084B', 1);
INSERT INTO takesFocusArea VALUES('D1000084B', 'Interactive Media', NULL);
INSERT INTO studentPlans VALUES('D1000084B', TRUE, 'GET1031', 'AY 16/17 Sem 1');
INSERT INTO studentPlans VALUES('D1000084B', TRUE, 'CS1281', 'AY 16/17 Sem 1');
INSERT INTO studentPlans VALUES('D1000084B', TRUE, 'CS1010X', 'AY 16/17 Sem 1');
INSERT INTO studentPlans VALUES('D1000084B', TRUE, 'CS1020E', 'AY 16/17 Sem 1');
INSERT INTO studentPlans VALUES('D1000084B', TRUE, 'CS1280', 'AY 16/17 Sem 1');
INSERT INTO studentPlans VALUES('D1000084B', FALSE, 'CG1001', 'AY 16/17 Sem 2');
INSERT INTO studentPlans VALUES('D1000084B', FALSE, 'FMC1206', 'AY 16/17 Sem 2');
INSERT INTO studentPlans VALUES('D1000084B', FALSE, 'CS1020', 'AY 16/17 Sem 2');
INSERT INTO studentPlans VALUES('D1000084B', FALSE, 'CS1010J', 'AY 16/17 Sem 2');
INSERT INTO studentPlans VALUES('D1000084B', FALSE, 'CS1010S', 'AY 16/17 Sem 2');
INSERT INTO studentPlans VALUES('D1000084B', FALSE, 'CS2271', 'AY 17/18 Sem 1');
INSERT INTO studentPlans VALUES('D1000084B', FALSE, 'CS2102', 'AY 17/18 Sem 1');
INSERT INTO studentPlans VALUES('D1000084B', FALSE, 'CS2281', 'AY 17/18 Sem 1');
INSERT INTO studentPlans VALUES('D1000084B', FALSE, 'CS2010', 'AY 17/18 Sem 1');
INSERT INTO studentPlans VALUES('D1000084B', FALSE, 'CS2106', 'AY 17/18 Sem 1');
INSERT INTO studentPlans VALUES('D1000084B', FALSE, 'CS2309', 'AY 17/18 Sem 2');
INSERT INTO studentPlans VALUES('D1000084B', FALSE, 'CS2103', 'AY 17/18 Sem 2');
INSERT INTO studentPlans VALUES('D1000084B', FALSE, 'CS2101', 'AY 17/18 Sem 2');
INSERT INTO studentPlans VALUES('D1000084B', FALSE, 'CS2105', 'AY 17/18 Sem 2');
INSERT INTO studentPlans VALUES('D1000084B', FALSE, 'CS2103T', 'AY 17/18 Sem 2');

INSERT INTO student VALUES('D1000085B', 1);
INSERT INTO takesFocusArea VALUES('D1000085B', 'Algorithms & Theory', NULL);
INSERT INTO studentPlans VALUES('D1000085B', TRUE, 'CS1010J', 'AY 16/17 Sem 1');
INSERT INTO studentPlans VALUES('D1000085B', TRUE, 'CS1010X', 'AY 16/17 Sem 1');
INSERT INTO studentPlans VALUES('D1000085B', TRUE, 'CS1010S', 'AY 16/17 Sem 1');
INSERT INTO studentPlans VALUES('D1000085B', TRUE, 'IT1005', 'AY 16/17 Sem 1');
INSERT INTO studentPlans VALUES('D1000085B', TRUE, 'CS1101S', 'AY 16/17 Sem 1');
INSERT INTO studentPlans VALUES('D1000085B', FALSE, 'CS1281', 'AY 16/17 Sem 2');
INSERT INTO studentPlans VALUES('D1000085B', FALSE, 'CS1010', 'AY 16/17 Sem 2');
INSERT INTO studentPlans VALUES('D1000085B', FALSE, 'CS1280', 'AY 16/17 Sem 2');
INSERT INTO studentPlans VALUES('D1000085B', FALSE, 'CS1020E', 'AY 16/17 Sem 2');
INSERT INTO studentPlans VALUES('D1000085B', FALSE, 'IT1801', 'AY 16/17 Sem 2');
INSERT INTO studentPlans VALUES('D1000085B', FALSE, 'CS2220', 'AY 17/18 Sem 1');
INSERT INTO studentPlans VALUES('D1000085B', FALSE, 'CS2103', 'AY 17/18 Sem 1');
INSERT INTO studentPlans VALUES('D1000085B', FALSE, 'CS2105', 'AY 17/18 Sem 1');
INSERT INTO studentPlans VALUES('D1000085B', FALSE, 'CS2104', 'AY 17/18 Sem 1');
INSERT INTO studentPlans VALUES('D1000085B', FALSE, 'CS2108', 'AY 17/18 Sem 1');
INSERT INTO studentPlans VALUES('D1000085B', FALSE, 'CS2010', 'AY 17/18 Sem 2');
INSERT INTO studentPlans VALUES('D1000085B', FALSE, 'CS2281', 'AY 17/18 Sem 2');
INSERT INTO studentPlans VALUES('D1000085B', FALSE, 'CS2102', 'AY 17/18 Sem 2');
INSERT INTO studentPlans VALUES('D1000085B', FALSE, 'CP2201', 'AY 17/18 Sem 2');
INSERT INTO studentPlans VALUES('D1000085B', FALSE, 'CS2103T', 'AY 17/18 Sem 2');

INSERT INTO student VALUES('D1000086B', 1);
INSERT INTO takesFocusArea VALUES('D1000086B', 'Software Engineering', NULL);
INSERT INTO studentPlans VALUES('D1000086B', TRUE, 'FMC1201', 'AY 16/17 Sem 1');
INSERT INTO studentPlans VALUES('D1000086B', TRUE, 'CS1020', 'AY 16/17 Sem 1');
INSERT INTO studentPlans VALUES('D1000086B', TRUE, 'CS1101S', 'AY 16/17 Sem 1');
INSERT INTO studentPlans VALUES('D1000086B', TRUE, 'GEM1501', 'AY 16/17 Sem 1');
INSERT INTO studentPlans VALUES('D1000086B', TRUE, 'CS1231', 'AY 16/17 Sem 1');
INSERT INTO studentPlans VALUES('D1000086B', FALSE, 'FMC1204', 'AY 16/17 Sem 2');
INSERT INTO studentPlans VALUES('D1000086B', FALSE, 'CS1020E', 'AY 16/17 Sem 2');
INSERT INTO studentPlans VALUES('D1000086B', FALSE, 'IT1002', 'AY 16/17 Sem 2');
INSERT INTO studentPlans VALUES('D1000086B', FALSE, 'IT1006', 'AY 16/17 Sem 2');
INSERT INTO studentPlans VALUES('D1000086B', FALSE, 'FMC1206', 'AY 16/17 Sem 2');
INSERT INTO studentPlans VALUES('D1000086B', FALSE, 'CS2106', 'AY 17/18 Sem 1');
INSERT INTO studentPlans VALUES('D1000086B', FALSE, 'CS2108', 'AY 17/18 Sem 1');
INSERT INTO studentPlans VALUES('D1000086B', FALSE, 'CP2201', 'AY 17/18 Sem 1');
INSERT INTO studentPlans VALUES('D1000086B', FALSE, 'IT2002', 'AY 17/18 Sem 1');
INSERT INTO studentPlans VALUES('D1000086B', FALSE, 'CS2101', 'AY 17/18 Sem 1');
INSERT INTO studentPlans VALUES('D1000086B', FALSE, 'CS2281', 'AY 17/18 Sem 2');
INSERT INTO studentPlans VALUES('D1000086B', FALSE, 'CS2271', 'AY 17/18 Sem 2');
INSERT INTO studentPlans VALUES('D1000086B', FALSE, 'CS2100', 'AY 17/18 Sem 2');
INSERT INTO studentPlans VALUES('D1000086B', FALSE, 'CS2103', 'AY 17/18 Sem 2');
INSERT INTO studentPlans VALUES('D1000086B', FALSE, 'CS2010', 'AY 17/18 Sem 2');

INSERT INTO student VALUES('D1000087B', 1);
INSERT INTO takesFocusArea VALUES('D1000087B', 'Database Systems', NULL);
INSERT INTO studentPlans VALUES('D1000087B', TRUE, 'IT1006', 'AY 16/17 Sem 1');
INSERT INTO studentPlans VALUES('D1000087B', TRUE, 'CS1020E', 'AY 16/17 Sem 1');
INSERT INTO studentPlans VALUES('D1000087B', TRUE, 'CS1102', 'AY 16/17 Sem 1');
INSERT INTO studentPlans VALUES('D1000087B', TRUE, 'IT1002', 'AY 16/17 Sem 1');
INSERT INTO studentPlans VALUES('D1000087B', TRUE, 'CS1102C', 'AY 16/17 Sem 1');
INSERT INTO studentPlans VALUES('D1000087B', FALSE, 'CS1231', 'AY 16/17 Sem 2');
INSERT INTO studentPlans VALUES('D1000087B', FALSE, 'CS1280', 'AY 16/17 Sem 2');
INSERT INTO studentPlans VALUES('D1000087B', FALSE, 'CS1101S', 'AY 16/17 Sem 2');
INSERT INTO studentPlans VALUES('D1000087B', FALSE, 'CS1020', 'AY 16/17 Sem 2');
INSERT INTO studentPlans VALUES('D1000087B', FALSE, 'IT1003', 'AY 16/17 Sem 2');
INSERT INTO studentPlans VALUES('D1000087B', FALSE, 'CS2271', 'AY 17/18 Sem 1');
INSERT INTO studentPlans VALUES('D1000087B', FALSE, 'CS2105', 'AY 17/18 Sem 1');
INSERT INTO studentPlans VALUES('D1000087B', FALSE, 'CS2100', 'AY 17/18 Sem 1');
INSERT INTO studentPlans VALUES('D1000087B', FALSE, 'CS2104', 'AY 17/18 Sem 1');
INSERT INTO studentPlans VALUES('D1000087B', FALSE, 'IT2001', 'AY 17/18 Sem 1');
INSERT INTO studentPlans VALUES('D1000087B', FALSE, 'CS2108', 'AY 17/18 Sem 2');
INSERT INTO studentPlans VALUES('D1000087B', FALSE, 'CS2281', 'AY 17/18 Sem 2');
INSERT INTO studentPlans VALUES('D1000087B', FALSE, 'CS2220', 'AY 17/18 Sem 2');
INSERT INTO studentPlans VALUES('D1000087B', FALSE, 'CS2020', 'AY 17/18 Sem 2');
INSERT INTO studentPlans VALUES('D1000087B', FALSE, 'CS2106', 'AY 17/18 Sem 2');

INSERT INTO student VALUES('D1000088B', 1);
INSERT INTO takesFocusArea VALUES('D1000088B', 'Artificial Intelligence', NULL);
INSERT INTO studentPlans VALUES('D1000088B', TRUE, 'CS1101S', 'AY 16/17 Sem 1');
INSERT INTO studentPlans VALUES('D1000088B', TRUE, 'IT1003', 'AY 16/17 Sem 1');
INSERT INTO studentPlans VALUES('D1000088B', TRUE, 'IT1002', 'AY 16/17 Sem 1');
INSERT INTO studentPlans VALUES('D1000088B', TRUE, 'CS1020E', 'AY 16/17 Sem 1');
INSERT INTO studentPlans VALUES('D1000088B', TRUE, 'FMC1206', 'AY 16/17 Sem 1');
INSERT INTO studentPlans VALUES('D1000088B', FALSE, 'CG1001', 'AY 16/17 Sem 2');
INSERT INTO studentPlans VALUES('D1000088B', FALSE, 'CS1010E', 'AY 16/17 Sem 2');
INSERT INTO studentPlans VALUES('D1000088B', FALSE, 'IT1005', 'AY 16/17 Sem 2');
INSERT INTO studentPlans VALUES('D1000088B', FALSE, 'CS1010S', 'AY 16/17 Sem 2');
INSERT INTO studentPlans VALUES('D1000088B', FALSE, 'FMC1202', 'AY 16/17 Sem 2');
INSERT INTO studentPlans VALUES('D1000088B', FALSE, 'CS2020', 'AY 17/18 Sem 1');
INSERT INTO studentPlans VALUES('D1000088B', FALSE, 'IT2002', 'AY 17/18 Sem 1');
INSERT INTO studentPlans VALUES('D1000088B', FALSE, 'CS2271', 'AY 17/18 Sem 1');
INSERT INTO studentPlans VALUES('D1000088B', FALSE, 'CS2107', 'AY 17/18 Sem 1');
INSERT INTO studentPlans VALUES('D1000088B', FALSE, 'CS2103', 'AY 17/18 Sem 1');
INSERT INTO studentPlans VALUES('D1000088B', FALSE, 'IT2001', 'AY 17/18 Sem 2');
INSERT INTO studentPlans VALUES('D1000088B', FALSE, 'CS2102', 'AY 17/18 Sem 2');
INSERT INTO studentPlans VALUES('D1000088B', FALSE, 'CG2271', 'AY 17/18 Sem 2');
INSERT INTO studentPlans VALUES('D1000088B', FALSE, 'CS2101', 'AY 17/18 Sem 2');
INSERT INTO studentPlans VALUES('D1000088B', FALSE, 'CS2108', 'AY 17/18 Sem 2');

INSERT INTO student VALUES('D1000089B', 1);
INSERT INTO takesFocusArea VALUES('D1000089B', 'Computer Security', NULL);
INSERT INTO studentPlans VALUES('D1000089B', TRUE, 'CS1010J', 'AY 16/17 Sem 1');
INSERT INTO studentPlans VALUES('D1000089B', TRUE, 'CS1102', 'AY 16/17 Sem 1');
INSERT INTO studentPlans VALUES('D1000089B', TRUE, 'GET1031', 'AY 16/17 Sem 1');
INSERT INTO studentPlans VALUES('D1000089B', TRUE, 'IT1004', 'AY 16/17 Sem 1');
INSERT INTO studentPlans VALUES('D1000089B', TRUE, 'FMC1205', 'AY 16/17 Sem 1');
INSERT INTO studentPlans VALUES('D1000089B', FALSE, 'FMC1202', 'AY 16/17 Sem 2');
INSERT INTO studentPlans VALUES('D1000089B', FALSE, 'CS1020E', 'AY 16/17 Sem 2');
INSERT INTO studentPlans VALUES('D1000089B', FALSE, 'IT1005', 'AY 16/17 Sem 2');
INSERT INTO studentPlans VALUES('D1000089B', FALSE, 'IT1006', 'AY 16/17 Sem 2');
INSERT INTO studentPlans VALUES('D1000089B', FALSE, 'CS1020', 'AY 16/17 Sem 2');
INSERT INTO studentPlans VALUES('D1000089B', FALSE, 'CS2106', 'AY 17/18 Sem 1');
INSERT INTO studentPlans VALUES('D1000089B', FALSE, 'CS2020', 'AY 17/18 Sem 1');
INSERT INTO studentPlans VALUES('D1000089B', FALSE, 'CS2281', 'AY 17/18 Sem 1');
INSERT INTO studentPlans VALUES('D1000089B', FALSE, 'CS2010', 'AY 17/18 Sem 1');
INSERT INTO studentPlans VALUES('D1000089B', FALSE, 'CS2100', 'AY 17/18 Sem 1');
INSERT INTO studentPlans VALUES('D1000089B', FALSE, 'CS2271', 'AY 17/18 Sem 2');
INSERT INTO studentPlans VALUES('D1000089B', FALSE, 'IT2001', 'AY 17/18 Sem 2');
INSERT INTO studentPlans VALUES('D1000089B', FALSE, 'CG2271', 'AY 17/18 Sem 2');
INSERT INTO studentPlans VALUES('D1000089B', FALSE, 'CS2105', 'AY 17/18 Sem 2');
INSERT INTO studentPlans VALUES('D1000089B', FALSE, 'CS2108', 'AY 17/18 Sem 2');

INSERT INTO student VALUES('D1000090B', 1);
INSERT INTO takesFocusArea VALUES('D1000090B', 'Database Systems', NULL);
INSERT INTO studentPlans VALUES('D1000090B', TRUE, 'FMC1206', 'AY 16/17 Sem 1');
INSERT INTO studentPlans VALUES('D1000090B', TRUE, 'FMC1203', 'AY 16/17 Sem 1');
INSERT INTO studentPlans VALUES('D1000090B', TRUE, 'CG1001', 'AY 16/17 Sem 1');
INSERT INTO studentPlans VALUES('D1000090B', TRUE, 'FMC1201', 'AY 16/17 Sem 1');
INSERT INTO studentPlans VALUES('D1000090B', TRUE, 'FMC1204', 'AY 16/17 Sem 1');
INSERT INTO studentPlans VALUES('D1000090B', FALSE, 'IT1002', 'AY 16/17 Sem 2');
INSERT INTO studentPlans VALUES('D1000090B', FALSE, 'CS1102', 'AY 16/17 Sem 2');
INSERT INTO studentPlans VALUES('D1000090B', FALSE, 'CS1010', 'AY 16/17 Sem 2');
INSERT INTO studentPlans VALUES('D1000090B', FALSE, 'CS1020', 'AY 16/17 Sem 2');
INSERT INTO studentPlans VALUES('D1000090B', FALSE, 'CS1010J', 'AY 16/17 Sem 2');
INSERT INTO studentPlans VALUES('D1000090B', FALSE, 'CS2220', 'AY 17/18 Sem 1');
INSERT INTO studentPlans VALUES('D1000090B', FALSE, 'CS2020', 'AY 17/18 Sem 1');
INSERT INTO studentPlans VALUES('D1000090B', FALSE, 'CS2309', 'AY 17/18 Sem 1');
INSERT INTO studentPlans VALUES('D1000090B', FALSE, 'CS2271', 'AY 17/18 Sem 1');
INSERT INTO studentPlans VALUES('D1000090B', FALSE, 'CS2101', 'AY 17/18 Sem 1');
INSERT INTO studentPlans VALUES('D1000090B', FALSE, 'CS2108', 'AY 17/18 Sem 2');
INSERT INTO studentPlans VALUES('D1000090B', FALSE, 'CS2281', 'AY 17/18 Sem 2');
INSERT INTO studentPlans VALUES('D1000090B', FALSE, 'CP2201', 'AY 17/18 Sem 2');
INSERT INTO studentPlans VALUES('D1000090B', FALSE, 'CS2100', 'AY 17/18 Sem 2');
INSERT INTO studentPlans VALUES('D1000090B', FALSE, 'CS2103', 'AY 17/18 Sem 2');

INSERT INTO student VALUES('D1000091B', 1);
INSERT INTO takesFocusArea VALUES('D1000091B', 'Interactive Media', NULL);
INSERT INTO studentPlans VALUES('D1000091B', TRUE, 'CS1102', 'AY 16/17 Sem 1');
INSERT INTO studentPlans VALUES('D1000091B', TRUE, 'CS1020E', 'AY 16/17 Sem 1');
INSERT INTO studentPlans VALUES('D1000091B', TRUE, 'CS1231', 'AY 16/17 Sem 1');
INSERT INTO studentPlans VALUES('D1000091B', TRUE, 'CS1010X', 'AY 16/17 Sem 1');
INSERT INTO studentPlans VALUES('D1000091B', TRUE, 'CS1020', 'AY 16/17 Sem 1');
INSERT INTO studentPlans VALUES('D1000091B', FALSE, 'FMC1205', 'AY 16/17 Sem 2');
INSERT INTO studentPlans VALUES('D1000091B', FALSE, 'CS1010J', 'AY 16/17 Sem 2');
INSERT INTO studentPlans VALUES('D1000091B', FALSE, 'IT1002', 'AY 16/17 Sem 2');
INSERT INTO studentPlans VALUES('D1000091B', FALSE, 'CS1101S', 'AY 16/17 Sem 2');
INSERT INTO studentPlans VALUES('D1000091B', FALSE, 'CS1010', 'AY 16/17 Sem 2');
INSERT INTO studentPlans VALUES('D1000091B', FALSE, 'CS2100', 'AY 17/18 Sem 1');
INSERT INTO studentPlans VALUES('D1000091B', FALSE, 'CP2201', 'AY 17/18 Sem 1');
INSERT INTO studentPlans VALUES('D1000091B', FALSE, 'CS2103T', 'AY 17/18 Sem 1');
INSERT INTO studentPlans VALUES('D1000091B', FALSE, 'IT2002', 'AY 17/18 Sem 1');
INSERT INTO studentPlans VALUES('D1000091B', FALSE, 'CS2106', 'AY 17/18 Sem 1');
INSERT INTO studentPlans VALUES('D1000091B', FALSE, 'CS2103', 'AY 17/18 Sem 2');
INSERT INTO studentPlans VALUES('D1000091B', FALSE, 'CS2309', 'AY 17/18 Sem 2');
INSERT INTO studentPlans VALUES('D1000091B', FALSE, 'CS2271', 'AY 17/18 Sem 2');
INSERT INTO studentPlans VALUES('D1000091B', FALSE, 'CG2271', 'AY 17/18 Sem 2');
INSERT INTO studentPlans VALUES('D1000091B', FALSE, 'CS2104', 'AY 17/18 Sem 2');

INSERT INTO student VALUES('D1000092B', 1);
INSERT INTO takesFocusArea VALUES('D1000092B', 'Computer Graphics and Games', NULL);
INSERT INTO studentPlans VALUES('D1000092B', TRUE, 'IT1003', 'AY 16/17 Sem 1');
INSERT INTO studentPlans VALUES('D1000092B', TRUE, 'IT1001', 'AY 16/17 Sem 1');
INSERT INTO studentPlans VALUES('D1000092B', TRUE, 'CS1020E', 'AY 16/17 Sem 1');
INSERT INTO studentPlans VALUES('D1000092B', TRUE, 'IT1004', 'AY 16/17 Sem 1');
INSERT INTO studentPlans VALUES('D1000092B', TRUE, 'FMC1201', 'AY 16/17 Sem 1');
INSERT INTO studentPlans VALUES('D1000092B', FALSE, 'CS1281', 'AY 16/17 Sem 2');
INSERT INTO studentPlans VALUES('D1000092B', FALSE, 'CG1001', 'AY 16/17 Sem 2');
INSERT INTO studentPlans VALUES('D1000092B', FALSE, 'IT1002', 'AY 16/17 Sem 2');
INSERT INTO studentPlans VALUES('D1000092B', FALSE, 'IT1801', 'AY 16/17 Sem 2');
INSERT INTO studentPlans VALUES('D1000092B', FALSE, 'CS1010J', 'AY 16/17 Sem 2');
INSERT INTO studentPlans VALUES('D1000092B', FALSE, 'IT2002', 'AY 17/18 Sem 1');
INSERT INTO studentPlans VALUES('D1000092B', FALSE, 'CP2201', 'AY 17/18 Sem 1');
INSERT INTO studentPlans VALUES('D1000092B', FALSE, 'CS2101', 'AY 17/18 Sem 1');
INSERT INTO studentPlans VALUES('D1000092B', FALSE, 'CS2104', 'AY 17/18 Sem 1');
INSERT INTO studentPlans VALUES('D1000092B', FALSE, 'IT2001', 'AY 17/18 Sem 1');
INSERT INTO studentPlans VALUES('D1000092B', FALSE, 'CS2103T', 'AY 17/18 Sem 2');
INSERT INTO studentPlans VALUES('D1000092B', FALSE, 'CS2103', 'AY 17/18 Sem 2');
INSERT INTO studentPlans VALUES('D1000092B', FALSE, 'CG2271', 'AY 17/18 Sem 2');
INSERT INTO studentPlans VALUES('D1000092B', FALSE, 'CS2010', 'AY 17/18 Sem 2');
INSERT INTO studentPlans VALUES('D1000092B', FALSE, 'CS2107', 'AY 17/18 Sem 2');

INSERT INTO student VALUES('D1000093B', 1);
INSERT INTO takesFocusArea VALUES('D1000093B', 'Parallel Computing', NULL);
INSERT INTO studentPlans VALUES('D1000093B', TRUE, 'IT1001', 'AY 16/17 Sem 1');
INSERT INTO studentPlans VALUES('D1000093B', TRUE, 'IT1006', 'AY 16/17 Sem 1');
INSERT INTO studentPlans VALUES('D1000093B', TRUE, 'FMC1202', 'AY 16/17 Sem 1');
INSERT INTO studentPlans VALUES('D1000093B', TRUE, 'CS1231', 'AY 16/17 Sem 1');
INSERT INTO studentPlans VALUES('D1000093B', TRUE, 'CS1020E', 'AY 16/17 Sem 1');
INSERT INTO studentPlans VALUES('D1000093B', FALSE, 'FMC1201', 'AY 16/17 Sem 2');
INSERT INTO studentPlans VALUES('D1000093B', FALSE, 'CS1020', 'AY 16/17 Sem 2');
INSERT INTO studentPlans VALUES('D1000093B', FALSE, 'IT1004', 'AY 16/17 Sem 2');
INSERT INTO studentPlans VALUES('D1000093B', FALSE, 'IT1005', 'AY 16/17 Sem 2');
INSERT INTO studentPlans VALUES('D1000093B', FALSE, 'FMC1206', 'AY 16/17 Sem 2');
INSERT INTO studentPlans VALUES('D1000093B', FALSE, 'IT2001', 'AY 17/18 Sem 1');
INSERT INTO studentPlans VALUES('D1000093B', FALSE, 'CS2102', 'AY 17/18 Sem 1');
INSERT INTO studentPlans VALUES('D1000093B', FALSE, 'CS2271', 'AY 17/18 Sem 1');
INSERT INTO studentPlans VALUES('D1000093B', FALSE, 'CS2105', 'AY 17/18 Sem 1');
INSERT INTO studentPlans VALUES('D1000093B', FALSE, 'CS2309', 'AY 17/18 Sem 1');
INSERT INTO studentPlans VALUES('D1000093B', FALSE, 'CS2108', 'AY 17/18 Sem 2');
INSERT INTO studentPlans VALUES('D1000093B', FALSE, 'CS2103T', 'AY 17/18 Sem 2');
INSERT INTO studentPlans VALUES('D1000093B', FALSE, 'CS2103', 'AY 17/18 Sem 2');
INSERT INTO studentPlans VALUES('D1000093B', FALSE, 'CS2106', 'AY 17/18 Sem 2');
INSERT INTO studentPlans VALUES('D1000093B', FALSE, 'CS2100', 'AY 17/18 Sem 2');

INSERT INTO student VALUES('D1000094B', 1);
INSERT INTO takesFocusArea VALUES('D1000094B', 'Programming Languages', NULL);
INSERT INTO studentPlans VALUES('D1000094B', TRUE, 'FMC1201', 'AY 16/17 Sem 1');
INSERT INTO studentPlans VALUES('D1000094B', TRUE, 'IT1006', 'AY 16/17 Sem 1');
INSERT INTO studentPlans VALUES('D1000094B', TRUE, 'CS1102C', 'AY 16/17 Sem 1');
INSERT INTO studentPlans VALUES('D1000094B', TRUE, 'IT1004', 'AY 16/17 Sem 1');
INSERT INTO studentPlans VALUES('D1000094B', TRUE, 'CS1231', 'AY 16/17 Sem 1');
INSERT INTO studentPlans VALUES('D1000094B', FALSE, 'GET1031', 'AY 16/17 Sem 2');
INSERT INTO studentPlans VALUES('D1000094B', FALSE, 'CS1010S', 'AY 16/17 Sem 2');
INSERT INTO studentPlans VALUES('D1000094B', FALSE, 'CS1020E', 'AY 16/17 Sem 2');
INSERT INTO studentPlans VALUES('D1000094B', FALSE, 'IT1801', 'AY 16/17 Sem 2');
INSERT INTO studentPlans VALUES('D1000094B', FALSE, 'FMC1203', 'AY 16/17 Sem 2');
INSERT INTO studentPlans VALUES('D1000094B', FALSE, 'CS2100', 'AY 17/18 Sem 1');
INSERT INTO studentPlans VALUES('D1000094B', FALSE, 'CS2102', 'AY 17/18 Sem 1');
INSERT INTO studentPlans VALUES('D1000094B', FALSE, 'CS2010', 'AY 17/18 Sem 1');
INSERT INTO studentPlans VALUES('D1000094B', FALSE, 'IT2001', 'AY 17/18 Sem 1');
INSERT INTO studentPlans VALUES('D1000094B', FALSE, 'CG2271', 'AY 17/18 Sem 1');
INSERT INTO studentPlans VALUES('D1000094B', FALSE, 'CS2103T', 'AY 17/18 Sem 2');
INSERT INTO studentPlans VALUES('D1000094B', FALSE, 'CP2201', 'AY 17/18 Sem 2');
INSERT INTO studentPlans VALUES('D1000094B', FALSE, 'CS2105', 'AY 17/18 Sem 2');
INSERT INTO studentPlans VALUES('D1000094B', FALSE, 'CS2101', 'AY 17/18 Sem 2');
INSERT INTO studentPlans VALUES('D1000094B', FALSE, 'CS2106', 'AY 17/18 Sem 2');

INSERT INTO student VALUES('D1000095B', 1);
INSERT INTO takesFocusArea VALUES('D1000095B', 'Networking and Distributed Systems', NULL);
INSERT INTO studentPlans VALUES('D1000095B', TRUE, 'FMC1205', 'AY 16/17 Sem 1');
INSERT INTO studentPlans VALUES('D1000095B', TRUE, 'CS1101S', 'AY 16/17 Sem 1');
INSERT INTO studentPlans VALUES('D1000095B', TRUE, 'FMC1201', 'AY 16/17 Sem 1');
INSERT INTO studentPlans VALUES('D1000095B', TRUE, 'IT1001', 'AY 16/17 Sem 1');
INSERT INTO studentPlans VALUES('D1000095B', TRUE, 'FMC1202', 'AY 16/17 Sem 1');
INSERT INTO studentPlans VALUES('D1000095B', FALSE, 'IT1006', 'AY 16/17 Sem 2');
INSERT INTO studentPlans VALUES('D1000095B', FALSE, 'CS1102', 'AY 16/17 Sem 2');
INSERT INTO studentPlans VALUES('D1000095B', FALSE, 'CS1102C', 'AY 16/17 Sem 2');
INSERT INTO studentPlans VALUES('D1000095B', FALSE, 'FMC1206', 'AY 16/17 Sem 2');
INSERT INTO studentPlans VALUES('D1000095B', FALSE, 'IT1003', 'AY 16/17 Sem 2');
INSERT INTO studentPlans VALUES('D1000095B', FALSE, 'IT2002', 'AY 17/18 Sem 1');
INSERT INTO studentPlans VALUES('D1000095B', FALSE, 'CP2201', 'AY 17/18 Sem 1');
INSERT INTO studentPlans VALUES('D1000095B', FALSE, 'CS2020', 'AY 17/18 Sem 1');
INSERT INTO studentPlans VALUES('D1000095B', FALSE, 'CS2281', 'AY 17/18 Sem 1');
INSERT INTO studentPlans VALUES('D1000095B', FALSE, 'CS2103T', 'AY 17/18 Sem 1');
INSERT INTO studentPlans VALUES('D1000095B', FALSE, 'IT2001', 'AY 17/18 Sem 2');
INSERT INTO studentPlans VALUES('D1000095B', FALSE, 'CS2103', 'AY 17/18 Sem 2');
INSERT INTO studentPlans VALUES('D1000095B', FALSE, 'CS2105', 'AY 17/18 Sem 2');
INSERT INTO studentPlans VALUES('D1000095B', FALSE, 'CS2102', 'AY 17/18 Sem 2');
INSERT INTO studentPlans VALUES('D1000095B', FALSE, 'CS2271', 'AY 17/18 Sem 2');

INSERT INTO student VALUES('D1000096B', 1);
INSERT INTO takesFocusArea VALUES('D1000096B', 'Interactive Media', NULL);
INSERT INTO studentPlans VALUES('D1000096B', TRUE, 'FMC1201', 'AY 16/17 Sem 1');
INSERT INTO studentPlans VALUES('D1000096B', TRUE, 'IT1005', 'AY 16/17 Sem 1');
INSERT INTO studentPlans VALUES('D1000096B', TRUE, 'CG1001', 'AY 16/17 Sem 1');
INSERT INTO studentPlans VALUES('D1000096B', TRUE, 'CS1101S', 'AY 16/17 Sem 1');
INSERT INTO studentPlans VALUES('D1000096B', TRUE, 'IT1004', 'AY 16/17 Sem 1');
INSERT INTO studentPlans VALUES('D1000096B', FALSE, 'CS1231', 'AY 16/17 Sem 2');
INSERT INTO studentPlans VALUES('D1000096B', FALSE, 'IT1003', 'AY 16/17 Sem 2');
INSERT INTO studentPlans VALUES('D1000096B', FALSE, 'CS1020', 'AY 16/17 Sem 2');
INSERT INTO studentPlans VALUES('D1000096B', FALSE, 'CS1102C', 'AY 16/17 Sem 2');
INSERT INTO studentPlans VALUES('D1000096B', FALSE, 'CS1010J', 'AY 16/17 Sem 2');
INSERT INTO studentPlans VALUES('D1000096B', FALSE, 'CS2100', 'AY 17/18 Sem 1');
INSERT INTO studentPlans VALUES('D1000096B', FALSE, 'CS2103T', 'AY 17/18 Sem 1');
INSERT INTO studentPlans VALUES('D1000096B', FALSE, 'CS2105', 'AY 17/18 Sem 1');
INSERT INTO studentPlans VALUES('D1000096B', FALSE, 'CG2271', 'AY 17/18 Sem 1');
INSERT INTO studentPlans VALUES('D1000096B', FALSE, 'CS2271', 'AY 17/18 Sem 1');
INSERT INTO studentPlans VALUES('D1000096B', FALSE, 'IT2001', 'AY 17/18 Sem 2');
INSERT INTO studentPlans VALUES('D1000096B', FALSE, 'CP2201', 'AY 17/18 Sem 2');
INSERT INTO studentPlans VALUES('D1000096B', FALSE, 'CS2103', 'AY 17/18 Sem 2');
INSERT INTO studentPlans VALUES('D1000096B', FALSE, 'CS2101', 'AY 17/18 Sem 2');
INSERT INTO studentPlans VALUES('D1000096B', FALSE, 'CS2020', 'AY 17/18 Sem 2');

INSERT INTO student VALUES('D1000097B', 1);
INSERT INTO takesFocusArea VALUES('D1000097B', 'Programming Languages', NULL);
INSERT INTO studentPlans VALUES('D1000097B', TRUE, 'GEM1501', 'AY 16/17 Sem 1');
INSERT INTO studentPlans VALUES('D1000097B', TRUE, 'CS1010E', 'AY 16/17 Sem 1');
INSERT INTO studentPlans VALUES('D1000097B', TRUE, 'CS1102C', 'AY 16/17 Sem 1');
INSERT INTO studentPlans VALUES('D1000097B', TRUE, 'IT1004', 'AY 16/17 Sem 1');
INSERT INTO studentPlans VALUES('D1000097B', TRUE, 'CS1010X', 'AY 16/17 Sem 1');
INSERT INTO studentPlans VALUES('D1000097B', FALSE, 'GET1031', 'AY 16/17 Sem 2');
INSERT INTO studentPlans VALUES('D1000097B', FALSE, 'FMC1201', 'AY 16/17 Sem 2');
INSERT INTO studentPlans VALUES('D1000097B', FALSE, 'IT1801', 'AY 16/17 Sem 2');
INSERT INTO studentPlans VALUES('D1000097B', FALSE, 'IT1005', 'AY 16/17 Sem 2');
INSERT INTO studentPlans VALUES('D1000097B', FALSE, 'FMC1206', 'AY 16/17 Sem 2');
INSERT INTO studentPlans VALUES('D1000097B', FALSE, 'CS2020', 'AY 17/18 Sem 1');
INSERT INTO studentPlans VALUES('D1000097B', FALSE, 'IT2001', 'AY 17/18 Sem 1');
INSERT INTO studentPlans VALUES('D1000097B', FALSE, 'CS2103T', 'AY 17/18 Sem 1');
INSERT INTO studentPlans VALUES('D1000097B', FALSE, 'CS2107', 'AY 17/18 Sem 1');
INSERT INTO studentPlans VALUES('D1000097B', FALSE, 'CS2104', 'AY 17/18 Sem 1');
INSERT INTO studentPlans VALUES('D1000097B', FALSE, 'CS2101', 'AY 17/18 Sem 2');
INSERT INTO studentPlans VALUES('D1000097B', FALSE, 'CS2105', 'AY 17/18 Sem 2');
INSERT INTO studentPlans VALUES('D1000097B', FALSE, 'CS2309', 'AY 17/18 Sem 2');
INSERT INTO studentPlans VALUES('D1000097B', FALSE, 'CS2108', 'AY 17/18 Sem 2');
INSERT INTO studentPlans VALUES('D1000097B', FALSE, 'CS2100', 'AY 17/18 Sem 2');

INSERT INTO student VALUES('D1000098B', 1);
INSERT INTO takesFocusArea VALUES('D1000098B', 'Database Systems', NULL);
INSERT INTO studentPlans VALUES('D1000098B', TRUE, 'FMC1206', 'AY 16/17 Sem 1');
INSERT INTO studentPlans VALUES('D1000098B', TRUE, 'CS1010J', 'AY 16/17 Sem 1');
INSERT INTO studentPlans VALUES('D1000098B', TRUE, 'CS1102', 'AY 16/17 Sem 1');
INSERT INTO studentPlans VALUES('D1000098B', TRUE, 'CS1020', 'AY 16/17 Sem 1');
INSERT INTO studentPlans VALUES('D1000098B', TRUE, 'CG1001', 'AY 16/17 Sem 1');
INSERT INTO studentPlans VALUES('D1000098B', FALSE, 'CS1010', 'AY 16/17 Sem 2');
INSERT INTO studentPlans VALUES('D1000098B', FALSE, 'IT1004', 'AY 16/17 Sem 2');
INSERT INTO studentPlans VALUES('D1000098B', FALSE, 'CS1010X', 'AY 16/17 Sem 2');
INSERT INTO studentPlans VALUES('D1000098B', FALSE, 'CS1010S', 'AY 16/17 Sem 2');
INSERT INTO studentPlans VALUES('D1000098B', FALSE, 'FMC1201', 'AY 16/17 Sem 2');
INSERT INTO studentPlans VALUES('D1000098B', FALSE, 'CS2271', 'AY 17/18 Sem 1');
INSERT INTO studentPlans VALUES('D1000098B', FALSE, 'CP2201', 'AY 17/18 Sem 1');
INSERT INTO studentPlans VALUES('D1000098B', FALSE, 'CS2102', 'AY 17/18 Sem 1');
INSERT INTO studentPlans VALUES('D1000098B', FALSE, 'CS2309', 'AY 17/18 Sem 1');
INSERT INTO studentPlans VALUES('D1000098B', FALSE, 'IT2001', 'AY 17/18 Sem 1');
INSERT INTO studentPlans VALUES('D1000098B', FALSE, 'CS2107', 'AY 17/18 Sem 2');
INSERT INTO studentPlans VALUES('D1000098B', FALSE, 'CS2010', 'AY 17/18 Sem 2');
INSERT INTO studentPlans VALUES('D1000098B', FALSE, 'CS2103', 'AY 17/18 Sem 2');
INSERT INTO studentPlans VALUES('D1000098B', FALSE, 'CS2108', 'AY 17/18 Sem 2');
INSERT INTO studentPlans VALUES('D1000098B', FALSE, 'CS2103T', 'AY 17/18 Sem 2');

INSERT INTO student VALUES('D1000099B', 1);
INSERT INTO takesFocusArea VALUES('D1000099B', 'Visual Computing', NULL);
INSERT INTO studentPlans VALUES('D1000099B', TRUE, 'CS1102', 'AY 16/17 Sem 1');
INSERT INTO studentPlans VALUES('D1000099B', TRUE, 'GEM1501', 'AY 16/17 Sem 1');
INSERT INTO studentPlans VALUES('D1000099B', TRUE, 'FMC1206', 'AY 16/17 Sem 1');
INSERT INTO studentPlans VALUES('D1000099B', TRUE, 'FMC1203', 'AY 16/17 Sem 1');
INSERT INTO studentPlans VALUES('D1000099B', TRUE, 'IT1003', 'AY 16/17 Sem 1');
INSERT INTO studentPlans VALUES('D1000099B', FALSE, 'CS1010J', 'AY 16/17 Sem 2');
INSERT INTO studentPlans VALUES('D1000099B', FALSE, 'CS1010E', 'AY 16/17 Sem 2');
INSERT INTO studentPlans VALUES('D1000099B', FALSE, 'CS1010', 'AY 16/17 Sem 2');
INSERT INTO studentPlans VALUES('D1000099B', FALSE, 'CS1231', 'AY 16/17 Sem 2');
INSERT INTO studentPlans VALUES('D1000099B', FALSE, 'IT1004', 'AY 16/17 Sem 2');
INSERT INTO studentPlans VALUES('D1000099B', FALSE, 'CS2100', 'AY 17/18 Sem 1');
INSERT INTO studentPlans VALUES('D1000099B', FALSE, 'IT2002', 'AY 17/18 Sem 1');
INSERT INTO studentPlans VALUES('D1000099B', FALSE, 'CS2271', 'AY 17/18 Sem 1');
INSERT INTO studentPlans VALUES('D1000099B', FALSE, 'CS2107', 'AY 17/18 Sem 1');
INSERT INTO studentPlans VALUES('D1000099B', FALSE, 'CG2271', 'AY 17/18 Sem 1');
INSERT INTO studentPlans VALUES('D1000099B', FALSE, 'CS2108', 'AY 17/18 Sem 2');
INSERT INTO studentPlans VALUES('D1000099B', FALSE, 'CS2020', 'AY 17/18 Sem 2');
INSERT INTO studentPlans VALUES('D1000099B', FALSE, 'CS2104', 'AY 17/18 Sem 2');
INSERT INTO studentPlans VALUES('D1000099B', FALSE, 'CS2101', 'AY 17/18 Sem 2');
INSERT INTO studentPlans VALUES('D1000099B', FALSE, 'CS2103T', 'AY 17/18 Sem 2');

INSERT INTO student VALUES('D2000000B', 2);
INSERT INTO takesFocusArea VALUES('D2000000B', 'Database Systems', NULL);
INSERT INTO studentPlans VALUES('D2000000B', TRUE, 'CS2103T', 'AY 16/17 Sem 1');
INSERT INTO studentPlans VALUES('D2000000B', TRUE, 'CS2220', 'AY 16/17 Sem 1');
INSERT INTO studentPlans VALUES('D2000000B', TRUE, 'CS2108', 'AY 16/17 Sem 1');
INSERT INTO studentPlans VALUES('D2000000B', TRUE, 'IT2001', 'AY 16/17 Sem 1');
INSERT INTO studentPlans VALUES('D2000000B', TRUE, 'CS2107', 'AY 16/17 Sem 1');
INSERT INTO studentPlans VALUES('D2000000B', FALSE, 'CS2020', 'AY 16/17 Sem 2');
INSERT INTO studentPlans VALUES('D2000000B', FALSE, 'CS2106', 'AY 16/17 Sem 2');
INSERT INTO studentPlans VALUES('D2000000B', FALSE, 'CS2104', 'AY 16/17 Sem 2');
INSERT INTO studentPlans VALUES('D2000000B', FALSE, 'CS2271', 'AY 16/17 Sem 2');
INSERT INTO studentPlans VALUES('D2000000B', FALSE, 'CS2105', 'AY 16/17 Sem 2');
INSERT INTO studentPlans VALUES('D2000000B', FALSE, 'CS3271', 'AY 17/18 Sem 1');
INSERT INTO studentPlans VALUES('D2000000B', FALSE, 'CP3208', 'AY 17/18 Sem 1');
INSERT INTO studentPlans VALUES('D2000000B', FALSE, 'CS3283', 'AY 17/18 Sem 1');
INSERT INTO studentPlans VALUES('D2000000B', FALSE, 'CS3243', 'AY 17/18 Sem 1');
INSERT INTO studentPlans VALUES('D2000000B', FALSE, 'CS3235', 'AY 17/18 Sem 1');
INSERT INTO studentPlans VALUES('D2000000B', FALSE, 'CS3212', 'AY 17/18 Sem 2');
INSERT INTO studentPlans VALUES('D2000000B', FALSE, 'CS3205', 'AY 17/18 Sem 2');
INSERT INTO studentPlans VALUES('D2000000B', FALSE, 'CP3106', 'AY 17/18 Sem 2');
INSERT INTO studentPlans VALUES('D2000000B', FALSE, 'CP3108B', 'AY 17/18 Sem 2');
INSERT INTO studentPlans VALUES('D2000000B', FALSE, 'CS3246', 'AY 17/18 Sem 2');

INSERT INTO student VALUES('D2000001B', 2);
INSERT INTO takesFocusArea VALUES('D2000001B', 'Database Systems', NULL);
INSERT INTO studentPlans VALUES('D2000001B', TRUE, 'CS2106', 'AY 16/17 Sem 1');
INSERT INTO studentPlans VALUES('D2000001B', TRUE, 'CS2105', 'AY 16/17 Sem 1');
INSERT INTO studentPlans VALUES('D2000001B', TRUE, 'CS2220', 'AY 16/17 Sem 1');
INSERT INTO studentPlans VALUES('D2000001B', TRUE, 'CS2100', 'AY 16/17 Sem 1');
INSERT INTO studentPlans VALUES('D2000001B', TRUE, 'CS2104', 'AY 16/17 Sem 1');
INSERT INTO studentPlans VALUES('D2000001B', FALSE, 'CS2010', 'AY 16/17 Sem 2');
INSERT INTO studentPlans VALUES('D2000001B', FALSE, 'CS2108', 'AY 16/17 Sem 2');
INSERT INTO studentPlans VALUES('D2000001B', FALSE, 'CS2101', 'AY 16/17 Sem 2');
INSERT INTO studentPlans VALUES('D2000001B', FALSE, 'CS2281', 'AY 16/17 Sem 2');
INSERT INTO studentPlans VALUES('D2000001B', FALSE, 'CS2271', 'AY 16/17 Sem 2');
INSERT INTO studentPlans VALUES('D2000001B', FALSE, 'CS3223', 'AY 17/18 Sem 1');
INSERT INTO studentPlans VALUES('D2000001B', FALSE, 'CS3247', 'AY 17/18 Sem 1');
INSERT INTO studentPlans VALUES('D2000001B', FALSE, 'CS3343', 'AY 17/18 Sem 1');
INSERT INTO studentPlans VALUES('D2000001B', FALSE, 'CP3209', 'AY 17/18 Sem 1');
INSERT INTO studentPlans VALUES('D2000001B', FALSE, 'CS3284', 'AY 17/18 Sem 1');
INSERT INTO studentPlans VALUES('D2000001B', FALSE, 'CP3109', 'AY 17/18 Sem 2');
INSERT INTO studentPlans VALUES('D2000001B', FALSE, 'CS3233', 'AY 17/18 Sem 2');
INSERT INTO studentPlans VALUES('D2000001B', FALSE, 'CG3204L', 'AY 17/18 Sem 2');
INSERT INTO studentPlans VALUES('D2000001B', FALSE, 'CP3101A', 'AY 17/18 Sem 2');
INSERT INTO studentPlans VALUES('D2000001B', FALSE, 'CS3202', 'AY 17/18 Sem 2');

INSERT INTO student VALUES('D2000002B', 2);
INSERT INTO takesFocusArea VALUES('D2000002B', 'Multimedia Information Retrieval', NULL);
INSERT INTO studentPlans VALUES('D2000002B', TRUE, 'CS2020', 'AY 16/17 Sem 1');
INSERT INTO studentPlans VALUES('D2000002B', TRUE, 'IT2001', 'AY 16/17 Sem 1');
INSERT INTO studentPlans VALUES('D2000002B', TRUE, 'CS2101', 'AY 16/17 Sem 1');
INSERT INTO studentPlans VALUES('D2000002B', TRUE, 'IT2002', 'AY 16/17 Sem 1');
INSERT INTO studentPlans VALUES('D2000002B', TRUE, 'CS2105', 'AY 16/17 Sem 1');
INSERT INTO studentPlans VALUES('D2000002B', FALSE, 'CS2108', 'AY 16/17 Sem 2');
INSERT INTO studentPlans VALUES('D2000002B', FALSE, 'CS2104', 'AY 16/17 Sem 2');
INSERT INTO studentPlans VALUES('D2000002B', FALSE, 'CS2103', 'AY 16/17 Sem 2');
INSERT INTO studentPlans VALUES('D2000002B', FALSE, 'CS2107', 'AY 16/17 Sem 2');
INSERT INTO studentPlans VALUES('D2000002B', FALSE, 'CS2100', 'AY 16/17 Sem 2');
INSERT INTO studentPlans VALUES('D2000002B', FALSE, 'CP3202', 'AY 17/18 Sem 1');
INSERT INTO studentPlans VALUES('D2000002B', FALSE, 'CS3201', 'AY 17/18 Sem 1');
INSERT INTO studentPlans VALUES('D2000002B', FALSE, 'CP3209', 'AY 17/18 Sem 1');
INSERT INTO studentPlans VALUES('D2000002B', FALSE, 'CS3246', 'AY 17/18 Sem 1');
INSERT INTO studentPlans VALUES('D2000002B', FALSE, 'CP3109', 'AY 17/18 Sem 1');
INSERT INTO studentPlans VALUES('D2000002B', FALSE, 'CS3882', 'AY 17/18 Sem 2');
INSERT INTO studentPlans VALUES('D2000002B', FALSE, 'CS3216', 'AY 17/18 Sem 2');
INSERT INTO studentPlans VALUES('D2000002B', FALSE, 'CS3218', 'AY 17/18 Sem 2');
INSERT INTO studentPlans VALUES('D2000002B', FALSE, 'CP3101C', 'AY 17/18 Sem 2');
INSERT INTO studentPlans VALUES('D2000002B', FALSE, 'CS3211', 'AY 17/18 Sem 2');

INSERT INTO student VALUES('D2000003B', 2);
INSERT INTO takesFocusArea VALUES('D2000003B', 'Interactive Media', NULL);
INSERT INTO studentPlans VALUES('D2000003B', TRUE, 'CS2108', 'AY 16/17 Sem 1');
INSERT INTO studentPlans VALUES('D2000003B', TRUE, 'CS2020', 'AY 16/17 Sem 1');
INSERT INTO studentPlans VALUES('D2000003B', TRUE, 'CS2102', 'AY 16/17 Sem 1');
INSERT INTO studentPlans VALUES('D2000003B', TRUE, 'CG2271', 'AY 16/17 Sem 1');
INSERT INTO studentPlans VALUES('D2000003B', TRUE, 'CS2107', 'AY 16/17 Sem 1');
INSERT INTO studentPlans VALUES('D2000003B', FALSE, 'CS2106', 'AY 16/17 Sem 2');
INSERT INTO studentPlans VALUES('D2000003B', FALSE, 'IT2001', 'AY 16/17 Sem 2');
INSERT INTO studentPlans VALUES('D2000003B', FALSE, 'CS2281', 'AY 16/17 Sem 2');
INSERT INTO studentPlans VALUES('D2000003B', FALSE, 'CS2104', 'AY 16/17 Sem 2');
INSERT INTO studentPlans VALUES('D2000003B', FALSE, 'CS2103', 'AY 16/17 Sem 2');
INSERT INTO studentPlans VALUES('D2000003B', FALSE, 'CS3247', 'AY 17/18 Sem 1');
INSERT INTO studentPlans VALUES('D2000003B', FALSE, 'CS3234', 'AY 17/18 Sem 1');
INSERT INTO studentPlans VALUES('D2000003B', FALSE, 'CP3200', 'AY 17/18 Sem 1');
INSERT INTO studentPlans VALUES('D2000003B', FALSE, 'CS3215', 'AY 17/18 Sem 1');
INSERT INTO studentPlans VALUES('D2000003B', FALSE, 'CS3217', 'AY 17/18 Sem 1');
INSERT INTO studentPlans VALUES('D2000003B', FALSE, 'CS3241', 'AY 17/18 Sem 2');
INSERT INTO studentPlans VALUES('D2000003B', FALSE, 'CS3201', 'AY 17/18 Sem 2');
INSERT INTO studentPlans VALUES('D2000003B', FALSE, 'CS3283', 'AY 17/18 Sem 2');
INSERT INTO studentPlans VALUES('D2000003B', FALSE, 'CS3223', 'AY 17/18 Sem 2');
INSERT INTO studentPlans VALUES('D2000003B', FALSE, 'CS3212', 'AY 17/18 Sem 2');

INSERT INTO student VALUES('D2000004B', 2);
INSERT INTO takesFocusArea VALUES('D2000004B', 'Interactive Media', NULL);
INSERT INTO studentPlans VALUES('D2000004B', TRUE, 'CS2101', 'AY 16/17 Sem 1');
INSERT INTO studentPlans VALUES('D2000004B', TRUE, 'CS2104', 'AY 16/17 Sem 1');
INSERT INTO studentPlans VALUES('D2000004B', TRUE, 'CS2102', 'AY 16/17 Sem 1');
INSERT INTO studentPlans VALUES('D2000004B', TRUE, 'CS2107', 'AY 16/17 Sem 1');
INSERT INTO studentPlans VALUES('D2000004B', TRUE, 'CS2220', 'AY 16/17 Sem 1');
INSERT INTO studentPlans VALUES('D2000004B', FALSE, 'CG2271', 'AY 16/17 Sem 2');
INSERT INTO studentPlans VALUES('D2000004B', FALSE, 'CS2100', 'AY 16/17 Sem 2');
INSERT INTO studentPlans VALUES('D2000004B', FALSE, 'IT2002', 'AY 16/17 Sem 2');
INSERT INTO studentPlans VALUES('D2000004B', FALSE, 'CS2010', 'AY 16/17 Sem 2');
INSERT INTO studentPlans VALUES('D2000004B', FALSE, 'CP2201', 'AY 16/17 Sem 2');
INSERT INTO studentPlans VALUES('D2000004B', FALSE, 'CS3223', 'AY 17/18 Sem 1');
INSERT INTO studentPlans VALUES('D2000004B', FALSE, 'CP3106', 'AY 17/18 Sem 1');
INSERT INTO studentPlans VALUES('D2000004B', FALSE, 'CS3242', 'AY 17/18 Sem 1');
INSERT INTO studentPlans VALUES('D2000004B', FALSE, 'CS3243', 'AY 17/18 Sem 1');
INSERT INTO studentPlans VALUES('D2000004B', FALSE, 'CS3220', 'AY 17/18 Sem 1');
INSERT INTO studentPlans VALUES('D2000004B', FALSE, 'CP3202', 'AY 17/18 Sem 2');
INSERT INTO studentPlans VALUES('D2000004B', FALSE, 'CP3200', 'AY 17/18 Sem 2');
INSERT INTO studentPlans VALUES('D2000004B', FALSE, 'CS3215', 'AY 17/18 Sem 2');
INSERT INTO studentPlans VALUES('D2000004B', FALSE, 'CS3221', 'AY 17/18 Sem 2');
INSERT INTO studentPlans VALUES('D2000004B', FALSE, 'CS3226', 'AY 17/18 Sem 2');

INSERT INTO student VALUES('D2000005B', 2);
INSERT INTO takesFocusArea VALUES('D2000005B', 'Computer Security', NULL);
INSERT INTO studentPlans VALUES('D2000005B', TRUE, 'IT2002', 'AY 16/17 Sem 1');
INSERT INTO studentPlans VALUES('D2000005B', TRUE, 'CS2108', 'AY 16/17 Sem 1');
INSERT INTO studentPlans VALUES('D2000005B', TRUE, 'CS2101', 'AY 16/17 Sem 1');
INSERT INTO studentPlans VALUES('D2000005B', TRUE, 'CS2102', 'AY 16/17 Sem 1');
INSERT INTO studentPlans VALUES('D2000005B', TRUE, 'CS2271', 'AY 16/17 Sem 1');
INSERT INTO studentPlans VALUES('D2000005B', FALSE, 'CS2104', 'AY 16/17 Sem 2');
INSERT INTO studentPlans VALUES('D2000005B', FALSE, 'CG2271', 'AY 16/17 Sem 2');
INSERT INTO studentPlans VALUES('D2000005B', FALSE, 'CS2100', 'AY 16/17 Sem 2');
INSERT INTO studentPlans VALUES('D2000005B', FALSE, 'CS2020', 'AY 16/17 Sem 2');
INSERT INTO studentPlans VALUES('D2000005B', FALSE, 'CS2281', 'AY 16/17 Sem 2');
INSERT INTO studentPlans VALUES('D2000005B', FALSE, 'CS3271', 'AY 17/18 Sem 1');
INSERT INTO studentPlans VALUES('D2000005B', FALSE, 'CS3234', 'AY 17/18 Sem 1');
INSERT INTO studentPlans VALUES('D2000005B', FALSE, 'CP3108B', 'AY 17/18 Sem 1');
INSERT INTO studentPlans VALUES('D2000005B', FALSE, 'CG3002', 'AY 17/18 Sem 1');
INSERT INTO studentPlans VALUES('D2000005B', FALSE, 'CS3220', 'AY 17/18 Sem 1');
INSERT INTO studentPlans VALUES('D2000005B', FALSE, 'CS3216', 'AY 17/18 Sem 2');
INSERT INTO studentPlans VALUES('D2000005B', FALSE, 'CS3283', 'AY 17/18 Sem 2');
INSERT INTO studentPlans VALUES('D2000005B', FALSE, 'CS3343', 'AY 17/18 Sem 2');
INSERT INTO studentPlans VALUES('D2000005B', FALSE, 'CS3236', 'AY 17/18 Sem 2');
INSERT INTO studentPlans VALUES('D2000005B', FALSE, 'CS3230', 'AY 17/18 Sem 2');

INSERT INTO student VALUES('D2000006B', 2);
INSERT INTO takesFocusArea VALUES('D2000006B', 'Visual Computing', NULL);
INSERT INTO studentPlans VALUES('D2000006B', TRUE, 'CS2105', 'AY 16/17 Sem 1');
INSERT INTO studentPlans VALUES('D2000006B', TRUE, 'CS2271', 'AY 16/17 Sem 1');
INSERT INTO studentPlans VALUES('D2000006B', TRUE, 'IT2001', 'AY 16/17 Sem 1');
INSERT INTO studentPlans VALUES('D2000006B', TRUE, 'CS2101', 'AY 16/17 Sem 1');
INSERT INTO studentPlans VALUES('D2000006B', TRUE, 'CS2100', 'AY 16/17 Sem 1');
INSERT INTO studentPlans VALUES('D2000006B', FALSE, 'CS2106', 'AY 16/17 Sem 2');
INSERT INTO studentPlans VALUES('D2000006B', FALSE, 'CG2271', 'AY 16/17 Sem 2');
INSERT INTO studentPlans VALUES('D2000006B', FALSE, 'CS2108', 'AY 16/17 Sem 2');
INSERT INTO studentPlans VALUES('D2000006B', FALSE, 'CS2103T', 'AY 16/17 Sem 2');
INSERT INTO studentPlans VALUES('D2000006B', FALSE, 'CS2020', 'AY 16/17 Sem 2');
INSERT INTO studentPlans VALUES('D2000006B', FALSE, 'CS3219', 'AY 17/18 Sem 1');
INSERT INTO studentPlans VALUES('D2000006B', FALSE, 'CP3208', 'AY 17/18 Sem 1');
INSERT INTO studentPlans VALUES('D2000006B', FALSE, 'CS3236', 'AY 17/18 Sem 1');
INSERT INTO studentPlans VALUES('D2000006B', FALSE, 'CS3205', 'AY 17/18 Sem 1');
INSERT INTO studentPlans VALUES('D2000006B', FALSE, 'CS3202', 'AY 17/18 Sem 1');
INSERT INTO studentPlans VALUES('D2000006B', FALSE, 'CS3246', 'AY 17/18 Sem 2');
INSERT INTO studentPlans VALUES('D2000006B', FALSE, 'CP3200', 'AY 17/18 Sem 2');
INSERT INTO studentPlans VALUES('D2000006B', FALSE, 'CS3241', 'AY 17/18 Sem 2');
INSERT INTO studentPlans VALUES('D2000006B', FALSE, 'CS3213', 'AY 17/18 Sem 2');
INSERT INTO studentPlans VALUES('D2000006B', FALSE, 'CS3343', 'AY 17/18 Sem 2');

INSERT INTO student VALUES('D2000007B', 2);
INSERT INTO takesFocusArea VALUES('D2000007B', 'Networking and Distributed Systems', NULL);
INSERT INTO studentPlans VALUES('D2000007B', TRUE, 'CG2271', 'AY 16/17 Sem 1');
INSERT INTO studentPlans VALUES('D2000007B', TRUE, 'CS2107', 'AY 16/17 Sem 1');
INSERT INTO studentPlans VALUES('D2000007B', TRUE, 'CP2201', 'AY 16/17 Sem 1');
INSERT INTO studentPlans VALUES('D2000007B', TRUE, 'CS2108', 'AY 16/17 Sem 1');
INSERT INTO studentPlans VALUES('D2000007B', TRUE, 'CS2220', 'AY 16/17 Sem 1');
INSERT INTO studentPlans VALUES('D2000007B', FALSE, 'CS2271', 'AY 16/17 Sem 2');
INSERT INTO studentPlans VALUES('D2000007B', FALSE, 'IT2002', 'AY 16/17 Sem 2');
INSERT INTO studentPlans VALUES('D2000007B', FALSE, 'CS2281', 'AY 16/17 Sem 2');
INSERT INTO studentPlans VALUES('D2000007B', FALSE, 'CS2100', 'AY 16/17 Sem 2');
INSERT INTO studentPlans VALUES('D2000007B', FALSE, 'CS2010', 'AY 16/17 Sem 2');
INSERT INTO studentPlans VALUES('D2000007B', FALSE, 'CP3209', 'AY 17/18 Sem 1');
INSERT INTO studentPlans VALUES('D2000007B', FALSE, 'CP3881', 'AY 17/18 Sem 1');
INSERT INTO studentPlans VALUES('D2000007B', FALSE, 'CG3204L', 'AY 17/18 Sem 1');
INSERT INTO studentPlans VALUES('D2000007B', FALSE, 'CS3882', 'AY 17/18 Sem 1');
INSERT INTO studentPlans VALUES('D2000007B', FALSE, 'CP3201', 'AY 17/18 Sem 1');
INSERT INTO studentPlans VALUES('D2000007B', FALSE, 'CP3202', 'AY 17/18 Sem 2');
INSERT INTO studentPlans VALUES('D2000007B', FALSE, 'CS3215', 'AY 17/18 Sem 2');
INSERT INTO studentPlans VALUES('D2000007B', FALSE, 'CS3103L', 'AY 17/18 Sem 2');
INSERT INTO studentPlans VALUES('D2000007B', FALSE, 'CP3108A', 'AY 17/18 Sem 2');
INSERT INTO studentPlans VALUES('D2000007B', FALSE, 'CP3109', 'AY 17/18 Sem 2');

INSERT INTO student VALUES('D2000008B', 2);
INSERT INTO takesFocusArea VALUES('D2000008B', 'Networking and Distributed Systems', NULL);
INSERT INTO studentPlans VALUES('D2000008B', TRUE, 'CG2271', 'AY 16/17 Sem 1');
INSERT INTO studentPlans VALUES('D2000008B', TRUE, 'CS2309', 'AY 16/17 Sem 1');
INSERT INTO studentPlans VALUES('D2000008B', TRUE, 'CS2220', 'AY 16/17 Sem 1');
INSERT INTO studentPlans VALUES('D2000008B', TRUE, 'CS2010', 'AY 16/17 Sem 1');
INSERT INTO studentPlans VALUES('D2000008B', TRUE, 'CS2104', 'AY 16/17 Sem 1');
INSERT INTO studentPlans VALUES('D2000008B', FALSE, 'CS2020', 'AY 16/17 Sem 2');
INSERT INTO studentPlans VALUES('D2000008B', FALSE, 'CS2103', 'AY 16/17 Sem 2');
INSERT INTO studentPlans VALUES('D2000008B', FALSE, 'CS2106', 'AY 16/17 Sem 2');
INSERT INTO studentPlans VALUES('D2000008B', FALSE, 'CS2102', 'AY 16/17 Sem 2');
INSERT INTO studentPlans VALUES('D2000008B', FALSE, 'CS2103T', 'AY 16/17 Sem 2');
INSERT INTO studentPlans VALUES('D2000008B', FALSE, 'CS3882', 'AY 17/18 Sem 1');
INSERT INTO studentPlans VALUES('D2000008B', FALSE, 'CS3103L', 'AY 17/18 Sem 1');
INSERT INTO studentPlans VALUES('D2000008B', FALSE, 'CP3101A', 'AY 17/18 Sem 1');
INSERT INTO studentPlans VALUES('D2000008B', FALSE, 'CP3108A', 'AY 17/18 Sem 1');
INSERT INTO studentPlans VALUES('D2000008B', FALSE, 'CS3241', 'AY 17/18 Sem 1');
INSERT INTO studentPlans VALUES('D2000008B', FALSE, 'CS3246', 'AY 17/18 Sem 2');
INSERT INTO studentPlans VALUES('D2000008B', FALSE, 'CS3226', 'AY 17/18 Sem 2');
INSERT INTO studentPlans VALUES('D2000008B', FALSE, 'CS3243', 'AY 17/18 Sem 2');
INSERT INTO studentPlans VALUES('D2000008B', FALSE, 'CP3106', 'AY 17/18 Sem 2');
INSERT INTO studentPlans VALUES('D2000008B', FALSE, 'CG3204L', 'AY 17/18 Sem 2');

INSERT INTO student VALUES('D2000009B', 2);
INSERT INTO takesFocusArea VALUES('D2000009B', 'Artificial Intelligence', NULL);
INSERT INTO studentPlans VALUES('D2000009B', TRUE, 'CS2281', 'AY 16/17 Sem 1');
INSERT INTO studentPlans VALUES('D2000009B', TRUE, 'IT2001', 'AY 16/17 Sem 1');
INSERT INTO studentPlans VALUES('D2000009B', TRUE, 'CS2108', 'AY 16/17 Sem 1');
INSERT INTO studentPlans VALUES('D2000009B', TRUE, 'CS2271', 'AY 16/17 Sem 1');
INSERT INTO studentPlans VALUES('D2000009B', TRUE, 'CS2106', 'AY 16/17 Sem 1');
INSERT INTO studentPlans VALUES('D2000009B', FALSE, 'CS2100', 'AY 16/17 Sem 2');
INSERT INTO studentPlans VALUES('D2000009B', FALSE, 'CS2309', 'AY 16/17 Sem 2');
INSERT INTO studentPlans VALUES('D2000009B', FALSE, 'CG2271', 'AY 16/17 Sem 2');
INSERT INTO studentPlans VALUES('D2000009B', FALSE, 'CS2010', 'AY 16/17 Sem 2');
INSERT INTO studentPlans VALUES('D2000009B', FALSE, 'CS2101', 'AY 16/17 Sem 2');
INSERT INTO studentPlans VALUES('D2000009B', FALSE, 'CP3101', 'AY 17/18 Sem 1');
INSERT INTO studentPlans VALUES('D2000009B', FALSE, 'CP3881', 'AY 17/18 Sem 1');
INSERT INTO studentPlans VALUES('D2000009B', FALSE, 'CS3246', 'AY 17/18 Sem 1');
INSERT INTO studentPlans VALUES('D2000009B', FALSE, 'CS3223', 'AY 17/18 Sem 1');
INSERT INTO studentPlans VALUES('D2000009B', FALSE, 'CS3230', 'AY 17/18 Sem 1');
INSERT INTO studentPlans VALUES('D2000009B', FALSE, 'CS3284', 'AY 17/18 Sem 2');
INSERT INTO studentPlans VALUES('D2000009B', FALSE, 'CS3212', 'AY 17/18 Sem 2');
INSERT INTO studentPlans VALUES('D2000009B', FALSE, 'CS3213', 'AY 17/18 Sem 2');
INSERT INTO studentPlans VALUES('D2000009B', FALSE, 'CP3201', 'AY 17/18 Sem 2');
INSERT INTO studentPlans VALUES('D2000009B', FALSE, 'CS3245', 'AY 17/18 Sem 2');

INSERT INTO student VALUES('D2000010B', 2);
INSERT INTO takesFocusArea VALUES('D2000010B', 'Networking and Distributed Systems', NULL);
INSERT INTO studentPlans VALUES('D2000010B', TRUE, 'CS2220', 'AY 16/17 Sem 1');
INSERT INTO studentPlans VALUES('D2000010B', TRUE, 'CS2105', 'AY 16/17 Sem 1');
INSERT INTO studentPlans VALUES('D2000010B', TRUE, 'CS2100', 'AY 16/17 Sem 1');
INSERT INTO studentPlans VALUES('D2000010B', TRUE, 'CS2103T', 'AY 16/17 Sem 1');
INSERT INTO studentPlans VALUES('D2000010B', TRUE, 'CS2309', 'AY 16/17 Sem 1');
INSERT INTO studentPlans VALUES('D2000010B', FALSE, 'CS2101', 'AY 16/17 Sem 2');
INSERT INTO studentPlans VALUES('D2000010B', FALSE, 'IT2001', 'AY 16/17 Sem 2');
INSERT INTO studentPlans VALUES('D2000010B', FALSE, 'CS2108', 'AY 16/17 Sem 2');
INSERT INTO studentPlans VALUES('D2000010B', FALSE, 'CS2281', 'AY 16/17 Sem 2');
INSERT INTO studentPlans VALUES('D2000010B', FALSE, 'CS2104', 'AY 16/17 Sem 2');
INSERT INTO studentPlans VALUES('D2000010B', FALSE, 'CS3213', 'AY 17/18 Sem 1');
INSERT INTO studentPlans VALUES('D2000010B', FALSE, 'CS3242', 'AY 17/18 Sem 1');
INSERT INTO studentPlans VALUES('D2000010B', FALSE, 'CS3240', 'AY 17/18 Sem 1');
INSERT INTO studentPlans VALUES('D2000010B', FALSE, 'CS3201', 'AY 17/18 Sem 1');
INSERT INTO studentPlans VALUES('D2000010B', FALSE, 'CS3210', 'AY 17/18 Sem 1');
INSERT INTO studentPlans VALUES('D2000010B', FALSE, 'CG3204L', 'AY 17/18 Sem 2');
INSERT INTO studentPlans VALUES('D2000010B', FALSE, 'CS3247', 'AY 17/18 Sem 2');
INSERT INTO studentPlans VALUES('D2000010B', FALSE, 'CS3234', 'AY 17/18 Sem 2');
INSERT INTO studentPlans VALUES('D2000010B', FALSE, 'CS3103L', 'AY 17/18 Sem 2');
INSERT INTO studentPlans VALUES('D2000010B', FALSE, 'CS3236', 'AY 17/18 Sem 2');

INSERT INTO student VALUES('D2000011B', 2);
INSERT INTO takesFocusArea VALUES('D2000011B', 'Multimedia Information Retrieval', NULL);
INSERT INTO studentPlans VALUES('D2000011B', TRUE, 'CS2103', 'AY 16/17 Sem 1');
INSERT INTO studentPlans VALUES('D2000011B', TRUE, 'CS2309', 'AY 16/17 Sem 1');
INSERT INTO studentPlans VALUES('D2000011B', TRUE, 'CS2106', 'AY 16/17 Sem 1');
INSERT INTO studentPlans VALUES('D2000011B', TRUE, 'CS2104', 'AY 16/17 Sem 1');
INSERT INTO studentPlans VALUES('D2000011B', TRUE, 'CS2105', 'AY 16/17 Sem 1');
INSERT INTO studentPlans VALUES('D2000011B', FALSE, 'CP2201', 'AY 16/17 Sem 2');
INSERT INTO studentPlans VALUES('D2000011B', FALSE, 'CS2107', 'AY 16/17 Sem 2');
INSERT INTO studentPlans VALUES('D2000011B', FALSE, 'CS2271', 'AY 16/17 Sem 2');
INSERT INTO studentPlans VALUES('D2000011B', FALSE, 'CS2103T', 'AY 16/17 Sem 2');
INSERT INTO studentPlans VALUES('D2000011B', FALSE, 'CS2100', 'AY 16/17 Sem 2');
INSERT INTO studentPlans VALUES('D2000011B', FALSE, 'CS3246', 'AY 17/18 Sem 1');
INSERT INTO studentPlans VALUES('D2000011B', FALSE, 'CS3281', 'AY 17/18 Sem 1');
INSERT INTO studentPlans VALUES('D2000011B', FALSE, 'CS3201', 'AY 17/18 Sem 1');
INSERT INTO studentPlans VALUES('D2000011B', FALSE, 'CS3242', 'AY 17/18 Sem 1');
INSERT INTO studentPlans VALUES('D2000011B', FALSE, 'CP3201', 'AY 17/18 Sem 1');
INSERT INTO studentPlans VALUES('D2000011B', FALSE, 'CS3249', 'AY 17/18 Sem 2');
INSERT INTO studentPlans VALUES('D2000011B', FALSE, 'CP3108A', 'AY 17/18 Sem 2');
INSERT INTO studentPlans VALUES('D2000011B', FALSE, 'CP3209', 'AY 17/18 Sem 2');
INSERT INTO studentPlans VALUES('D2000011B', FALSE, 'CP3200', 'AY 17/18 Sem 2');
INSERT INTO studentPlans VALUES('D2000011B', FALSE, 'CS3220', 'AY 17/18 Sem 2');

INSERT INTO student VALUES('D2000012B', 2);
INSERT INTO takesFocusArea VALUES('D2000012B', 'Interactive Media', NULL);
INSERT INTO studentPlans VALUES('D2000012B', TRUE, 'CS2220', 'AY 16/17 Sem 1');
INSERT INTO studentPlans VALUES('D2000012B', TRUE, 'CS2309', 'AY 16/17 Sem 1');
INSERT INTO studentPlans VALUES('D2000012B', TRUE, 'IT2002', 'AY 16/17 Sem 1');
INSERT INTO studentPlans VALUES('D2000012B', TRUE, 'CS2106', 'AY 16/17 Sem 1');
INSERT INTO studentPlans VALUES('D2000012B', TRUE, 'CS2020', 'AY 16/17 Sem 1');
INSERT INTO studentPlans VALUES('D2000012B', FALSE, 'CS2101', 'AY 16/17 Sem 2');
INSERT INTO studentPlans VALUES('D2000012B', FALSE, 'CS2102', 'AY 16/17 Sem 2');
INSERT INTO studentPlans VALUES('D2000012B', FALSE, 'CS2107', 'AY 16/17 Sem 2');
INSERT INTO studentPlans VALUES('D2000012B', FALSE, 'CS2103', 'AY 16/17 Sem 2');
INSERT INTO studentPlans VALUES('D2000012B', FALSE, 'CS2103T', 'AY 16/17 Sem 2');
INSERT INTO studentPlans VALUES('D2000012B', FALSE, 'CS3343', 'AY 17/18 Sem 1');
INSERT INTO studentPlans VALUES('D2000012B', FALSE, 'CS3103', 'AY 17/18 Sem 1');
INSERT INTO studentPlans VALUES('D2000012B', FALSE, 'CS3103L', 'AY 17/18 Sem 1');
INSERT INTO studentPlans VALUES('D2000012B', FALSE, 'CS3241', 'AY 17/18 Sem 1');
INSERT INTO studentPlans VALUES('D2000012B', FALSE, 'CS3247', 'AY 17/18 Sem 1');
INSERT INTO studentPlans VALUES('D2000012B', FALSE, 'CS3215', 'AY 17/18 Sem 2');
INSERT INTO studentPlans VALUES('D2000012B', FALSE, 'CS3240', 'AY 17/18 Sem 2');
INSERT INTO studentPlans VALUES('D2000012B', FALSE, 'CS3234', 'AY 17/18 Sem 2');
INSERT INTO studentPlans VALUES('D2000012B', FALSE, 'CG3204L', 'AY 17/18 Sem 2');
INSERT INTO studentPlans VALUES('D2000012B', FALSE, 'CP3200', 'AY 17/18 Sem 2');

INSERT INTO student VALUES('D2000013B', 2);
INSERT INTO takesFocusArea VALUES('D2000013B', 'Networking and Distributed Systems', NULL);
INSERT INTO studentPlans VALUES('D2000013B', TRUE, 'IT2001', 'AY 16/17 Sem 1');
INSERT INTO studentPlans VALUES('D2000013B', TRUE, 'CS2106', 'AY 16/17 Sem 1');
INSERT INTO studentPlans VALUES('D2000013B', TRUE, 'CG2271', 'AY 16/17 Sem 1');
INSERT INTO studentPlans VALUES('D2000013B', TRUE, 'CS2101', 'AY 16/17 Sem 1');
INSERT INTO studentPlans VALUES('D2000013B', TRUE, 'CS2010', 'AY 16/17 Sem 1');
INSERT INTO studentPlans VALUES('D2000013B', FALSE, 'CP2201', 'AY 16/17 Sem 2');
INSERT INTO studentPlans VALUES('D2000013B', FALSE, 'CS2271', 'AY 16/17 Sem 2');
INSERT INTO studentPlans VALUES('D2000013B', FALSE, 'CS2309', 'AY 16/17 Sem 2');
INSERT INTO studentPlans VALUES('D2000013B', FALSE, 'CS2100', 'AY 16/17 Sem 2');
INSERT INTO studentPlans VALUES('D2000013B', FALSE, 'CS2107', 'AY 16/17 Sem 2');
INSERT INTO studentPlans VALUES('D2000013B', FALSE, 'CP3106', 'AY 17/18 Sem 1');
INSERT INTO studentPlans VALUES('D2000013B', FALSE, 'CS3882', 'AY 17/18 Sem 1');
INSERT INTO studentPlans VALUES('D2000013B', FALSE, 'CS3282', 'AY 17/18 Sem 1');
INSERT INTO studentPlans VALUES('D2000013B', FALSE, 'CP3202', 'AY 17/18 Sem 1');
INSERT INTO studentPlans VALUES('D2000013B', FALSE, 'CS3103', 'AY 17/18 Sem 1');
INSERT INTO studentPlans VALUES('D2000013B', FALSE, 'CS3249', 'AY 17/18 Sem 2');
INSERT INTO studentPlans VALUES('D2000013B', FALSE, 'CS3103L', 'AY 17/18 Sem 2');
INSERT INTO studentPlans VALUES('D2000013B', FALSE, 'CS3215', 'AY 17/18 Sem 2');
INSERT INTO studentPlans VALUES('D2000013B', FALSE, 'CS3241', 'AY 17/18 Sem 2');
INSERT INTO studentPlans VALUES('D2000013B', FALSE, 'CS3219', 'AY 17/18 Sem 2');

INSERT INTO student VALUES('D2000014B', 2);
INSERT INTO takesFocusArea VALUES('D2000014B', 'Database Systems', NULL);
INSERT INTO studentPlans VALUES('D2000014B', TRUE, 'CG2271', 'AY 16/17 Sem 1');
INSERT INTO studentPlans VALUES('D2000014B', TRUE, 'CS2104', 'AY 16/17 Sem 1');
INSERT INTO studentPlans VALUES('D2000014B', TRUE, 'IT2002', 'AY 16/17 Sem 1');
INSERT INTO studentPlans VALUES('D2000014B', TRUE, 'CS2020', 'AY 16/17 Sem 1');
INSERT INTO studentPlans VALUES('D2000014B', TRUE, 'CS2010', 'AY 16/17 Sem 1');
INSERT INTO studentPlans VALUES('D2000014B', FALSE, 'CS2100', 'AY 16/17 Sem 2');
INSERT INTO studentPlans VALUES('D2000014B', FALSE, 'CS2309', 'AY 16/17 Sem 2');
INSERT INTO studentPlans VALUES('D2000014B', FALSE, 'CS2220', 'AY 16/17 Sem 2');
INSERT INTO studentPlans VALUES('D2000014B', FALSE, 'CP2201', 'AY 16/17 Sem 2');
INSERT INTO studentPlans VALUES('D2000014B', FALSE, 'CS2103T', 'AY 16/17 Sem 2');
INSERT INTO studentPlans VALUES('D2000014B', FALSE, 'CS3213', 'AY 17/18 Sem 1');
INSERT INTO studentPlans VALUES('D2000014B', FALSE, 'CS3210', 'AY 17/18 Sem 1');
INSERT INTO studentPlans VALUES('D2000014B', FALSE, 'CP3200', 'AY 17/18 Sem 1');
INSERT INTO studentPlans VALUES('D2000014B', FALSE, 'CS3225', 'AY 17/18 Sem 1');
INSERT INTO studentPlans VALUES('D2000014B', FALSE, 'CS3247', 'AY 17/18 Sem 1');
INSERT INTO studentPlans VALUES('D2000014B', FALSE, 'CS3343', 'AY 17/18 Sem 2');
INSERT INTO studentPlans VALUES('D2000014B', FALSE, 'CS3281', 'AY 17/18 Sem 2');
INSERT INTO studentPlans VALUES('D2000014B', FALSE, 'CP3881', 'AY 17/18 Sem 2');
INSERT INTO studentPlans VALUES('D2000014B', FALSE, 'CS3103', 'AY 17/18 Sem 2');
INSERT INTO studentPlans VALUES('D2000014B', FALSE, 'CS3240', 'AY 17/18 Sem 2');

INSERT INTO student VALUES('D2000015B', 2);
INSERT INTO takesFocusArea VALUES('D2000015B', 'Software Engineering', NULL);
INSERT INTO studentPlans VALUES('D2000015B', TRUE, 'CS2010', 'AY 16/17 Sem 1');
INSERT INTO studentPlans VALUES('D2000015B', TRUE, 'CP2201', 'AY 16/17 Sem 1');
INSERT INTO studentPlans VALUES('D2000015B', TRUE, 'CS2102', 'AY 16/17 Sem 1');
INSERT INTO studentPlans VALUES('D2000015B', TRUE, 'CS2103', 'AY 16/17 Sem 1');
INSERT INTO studentPlans VALUES('D2000015B', TRUE, 'IT2001', 'AY 16/17 Sem 1');
INSERT INTO studentPlans VALUES('D2000015B', FALSE, 'CS2271', 'AY 16/17 Sem 2');
INSERT INTO studentPlans VALUES('D2000015B', FALSE, 'CS2101', 'AY 16/17 Sem 2');
INSERT INTO studentPlans VALUES('D2000015B', FALSE, 'CS2105', 'AY 16/17 Sem 2');
INSERT INTO studentPlans VALUES('D2000015B', FALSE, 'CS2281', 'AY 16/17 Sem 2');
INSERT INTO studentPlans VALUES('D2000015B', FALSE, 'CS2106', 'AY 16/17 Sem 2');
INSERT INTO studentPlans VALUES('D2000015B', FALSE, 'CS3343', 'AY 17/18 Sem 1');
INSERT INTO studentPlans VALUES('D2000015B', FALSE, 'CS3244', 'AY 17/18 Sem 1');
INSERT INTO studentPlans VALUES('D2000015B', FALSE, 'CS3283', 'AY 17/18 Sem 1');
INSERT INTO studentPlans VALUES('D2000015B', FALSE, 'CP3202', 'AY 17/18 Sem 1');
INSERT INTO studentPlans VALUES('D2000015B', FALSE, 'CS3245', 'AY 17/18 Sem 1');
INSERT INTO studentPlans VALUES('D2000015B', FALSE, 'CS3218', 'AY 17/18 Sem 2');
INSERT INTO studentPlans VALUES('D2000015B', FALSE, 'CS3216', 'AY 17/18 Sem 2');
INSERT INTO studentPlans VALUES('D2000015B', FALSE, 'CP3201', 'AY 17/18 Sem 2');
INSERT INTO studentPlans VALUES('D2000015B', FALSE, 'CS3235', 'AY 17/18 Sem 2');
INSERT INTO studentPlans VALUES('D2000015B', FALSE, 'CP3881', 'AY 17/18 Sem 2');

INSERT INTO student VALUES('D2000016B', 2);
INSERT INTO takesFocusArea VALUES('D2000016B', 'Visual Computing', NULL);
INSERT INTO studentPlans VALUES('D2000016B', TRUE, 'CS2020', 'AY 16/17 Sem 1');
INSERT INTO studentPlans VALUES('D2000016B', TRUE, 'CS2281', 'AY 16/17 Sem 1');
INSERT INTO studentPlans VALUES('D2000016B', TRUE, 'CG2271', 'AY 16/17 Sem 1');
INSERT INTO studentPlans VALUES('D2000016B', TRUE, 'CS2309', 'AY 16/17 Sem 1');
INSERT INTO studentPlans VALUES('D2000016B', TRUE, 'CS2271', 'AY 16/17 Sem 1');
INSERT INTO studentPlans VALUES('D2000016B', FALSE, 'CS2010', 'AY 16/17 Sem 2');
INSERT INTO studentPlans VALUES('D2000016B', FALSE, 'CS2220', 'AY 16/17 Sem 2');
INSERT INTO studentPlans VALUES('D2000016B', FALSE, 'CS2107', 'AY 16/17 Sem 2');
INSERT INTO studentPlans VALUES('D2000016B', FALSE, 'CS2106', 'AY 16/17 Sem 2');
INSERT INTO studentPlans VALUES('D2000016B', FALSE, 'CS2100', 'AY 16/17 Sem 2');
INSERT INTO studentPlans VALUES('D2000016B', FALSE, 'CS3236', 'AY 17/18 Sem 1');
INSERT INTO studentPlans VALUES('D2000016B', FALSE, 'CS3244', 'AY 17/18 Sem 1');
INSERT INTO studentPlans VALUES('D2000016B', FALSE, 'CS3223', 'AY 17/18 Sem 1');
INSERT INTO studentPlans VALUES('D2000016B', FALSE, 'CP3108B', 'AY 17/18 Sem 1');
INSERT INTO studentPlans VALUES('D2000016B', FALSE, 'CS3234', 'AY 17/18 Sem 1');
INSERT INTO studentPlans VALUES('D2000016B', FALSE, 'CG3002', 'AY 17/18 Sem 2');
INSERT INTO studentPlans VALUES('D2000016B', FALSE, 'CP3200', 'AY 17/18 Sem 2');
INSERT INTO studentPlans VALUES('D2000016B', FALSE, 'CS3230', 'AY 17/18 Sem 2');
INSERT INTO studentPlans VALUES('D2000016B', FALSE, 'CS3247', 'AY 17/18 Sem 2');
INSERT INTO studentPlans VALUES('D2000016B', FALSE, 'CS3210', 'AY 17/18 Sem 2');

INSERT INTO student VALUES('D2000017B', 2);
INSERT INTO takesFocusArea VALUES('D2000017B', 'Software Engineering', NULL);
INSERT INTO studentPlans VALUES('D2000017B', TRUE, 'CS2106', 'AY 16/17 Sem 1');
INSERT INTO studentPlans VALUES('D2000017B', TRUE, 'IT2001', 'AY 16/17 Sem 1');
INSERT INTO studentPlans VALUES('D2000017B', TRUE, 'CS2102', 'AY 16/17 Sem 1');
INSERT INTO studentPlans VALUES('D2000017B', TRUE, 'IT2002', 'AY 16/17 Sem 1');
INSERT INTO studentPlans VALUES('D2000017B', TRUE, 'CG2271', 'AY 16/17 Sem 1');
INSERT INTO studentPlans VALUES('D2000017B', FALSE, 'CS2220', 'AY 16/17 Sem 2');
INSERT INTO studentPlans VALUES('D2000017B', FALSE, 'CS2103', 'AY 16/17 Sem 2');
INSERT INTO studentPlans VALUES('D2000017B', FALSE, 'CS2103T', 'AY 16/17 Sem 2');
INSERT INTO studentPlans VALUES('D2000017B', FALSE, 'CP2201', 'AY 16/17 Sem 2');
INSERT INTO studentPlans VALUES('D2000017B', FALSE, 'CS2104', 'AY 16/17 Sem 2');
INSERT INTO studentPlans VALUES('D2000017B', FALSE, 'CS3205', 'AY 17/18 Sem 1');
INSERT INTO studentPlans VALUES('D2000017B', FALSE, 'CS3241', 'AY 17/18 Sem 1');
INSERT INTO studentPlans VALUES('D2000017B', FALSE, 'CP3209', 'AY 17/18 Sem 1');
INSERT INTO studentPlans VALUES('D2000017B', FALSE, 'CS3226', 'AY 17/18 Sem 1');
INSERT INTO studentPlans VALUES('D2000017B', FALSE, 'CS3236', 'AY 17/18 Sem 1');
INSERT INTO studentPlans VALUES('D2000017B', FALSE, 'CS3217', 'AY 17/18 Sem 2');
INSERT INTO studentPlans VALUES('D2000017B', FALSE, 'CP3101', 'AY 17/18 Sem 2');
INSERT INTO studentPlans VALUES('D2000017B', FALSE, 'CS3103L', 'AY 17/18 Sem 2');
INSERT INTO studentPlans VALUES('D2000017B', FALSE, 'CG3002', 'AY 17/18 Sem 2');
INSERT INTO studentPlans VALUES('D2000017B', FALSE, 'CS3284', 'AY 17/18 Sem 2');

INSERT INTO student VALUES('D2000018B', 2);
INSERT INTO takesFocusArea VALUES('D2000018B', 'Artificial Intelligence', NULL);
INSERT INTO studentPlans VALUES('D2000018B', TRUE, 'CP2201', 'AY 16/17 Sem 1');
INSERT INTO studentPlans VALUES('D2000018B', TRUE, 'CS2010', 'AY 16/17 Sem 1');
INSERT INTO studentPlans VALUES('D2000018B', TRUE, 'CS2220', 'AY 16/17 Sem 1');
INSERT INTO studentPlans VALUES('D2000018B', TRUE, 'CS2107', 'AY 16/17 Sem 1');
INSERT INTO studentPlans VALUES('D2000018B', TRUE, 'CS2281', 'AY 16/17 Sem 1');
INSERT INTO studentPlans VALUES('D2000018B', FALSE, 'IT2002', 'AY 16/17 Sem 2');
INSERT INTO studentPlans VALUES('D2000018B', FALSE, 'CS2102', 'AY 16/17 Sem 2');
INSERT INTO studentPlans VALUES('D2000018B', FALSE, 'CS2100', 'AY 16/17 Sem 2');
INSERT INTO studentPlans VALUES('D2000018B', FALSE, 'CS2020', 'AY 16/17 Sem 2');
INSERT INTO studentPlans VALUES('D2000018B', FALSE, 'CS2108', 'AY 16/17 Sem 2');
INSERT INTO studentPlans VALUES('D2000018B', FALSE, 'CS3202', 'AY 17/18 Sem 1');
INSERT INTO studentPlans VALUES('D2000018B', FALSE, 'CP3209', 'AY 17/18 Sem 1');
INSERT INTO studentPlans VALUES('D2000018B', FALSE, 'CS3245', 'AY 17/18 Sem 1');
INSERT INTO studentPlans VALUES('D2000018B', FALSE, 'CP3109', 'AY 17/18 Sem 1');
INSERT INTO studentPlans VALUES('D2000018B', FALSE, 'CP3880', 'AY 17/18 Sem 1');
INSERT INTO studentPlans VALUES('D2000018B', FALSE, 'CS3201', 'AY 17/18 Sem 2');
INSERT INTO studentPlans VALUES('D2000018B', FALSE, 'CG3002', 'AY 17/18 Sem 2');
INSERT INTO studentPlans VALUES('D2000018B', FALSE, 'CS3240', 'AY 17/18 Sem 2');
INSERT INTO studentPlans VALUES('D2000018B', FALSE, 'CP3108A', 'AY 17/18 Sem 2');
INSERT INTO studentPlans VALUES('D2000018B', FALSE, 'CS3284', 'AY 17/18 Sem 2');

INSERT INTO student VALUES('D2000019B', 2);
INSERT INTO takesFocusArea VALUES('D2000019B', 'Artificial Intelligence', NULL);
INSERT INTO studentPlans VALUES('D2000019B', TRUE, 'CG2271', 'AY 16/17 Sem 1');
INSERT INTO studentPlans VALUES('D2000019B', TRUE, 'CS2309', 'AY 16/17 Sem 1');
INSERT INTO studentPlans VALUES('D2000019B', TRUE, 'CS2108', 'AY 16/17 Sem 1');
INSERT INTO studentPlans VALUES('D2000019B', TRUE, 'CS2020', 'AY 16/17 Sem 1');
INSERT INTO studentPlans VALUES('D2000019B', TRUE, 'IT2002', 'AY 16/17 Sem 1');
INSERT INTO studentPlans VALUES('D2000019B', FALSE, 'CS2220', 'AY 16/17 Sem 2');
INSERT INTO studentPlans VALUES('D2000019B', FALSE, 'CS2102', 'AY 16/17 Sem 2');
INSERT INTO studentPlans VALUES('D2000019B', FALSE, 'CS2101', 'AY 16/17 Sem 2');
INSERT INTO studentPlans VALUES('D2000019B', FALSE, 'CS2103', 'AY 16/17 Sem 2');
INSERT INTO studentPlans VALUES('D2000019B', FALSE, 'CS2271', 'AY 16/17 Sem 2');
INSERT INTO studentPlans VALUES('D2000019B', FALSE, 'CS3271', 'AY 17/18 Sem 1');
INSERT INTO studentPlans VALUES('D2000019B', FALSE, 'CS3103L', 'AY 17/18 Sem 1');
INSERT INTO studentPlans VALUES('D2000019B', FALSE, 'CS3244', 'AY 17/18 Sem 1');
INSERT INTO studentPlans VALUES('D2000019B', FALSE, 'CS3283', 'AY 17/18 Sem 1');
INSERT INTO studentPlans VALUES('D2000019B', FALSE, 'CS3221', 'AY 17/18 Sem 1');
INSERT INTO studentPlans VALUES('D2000019B', FALSE, 'CP3106', 'AY 17/18 Sem 2');
INSERT INTO studentPlans VALUES('D2000019B', FALSE, 'CP3881', 'AY 17/18 Sem 2');
INSERT INTO studentPlans VALUES('D2000019B', FALSE, 'CS3282', 'AY 17/18 Sem 2');
INSERT INTO studentPlans VALUES('D2000019B', FALSE, 'CS3284', 'AY 17/18 Sem 2');
INSERT INTO studentPlans VALUES('D2000019B', FALSE, 'CP3108A', 'AY 17/18 Sem 2');

INSERT INTO student VALUES('D2000020B', 2);
INSERT INTO takesFocusArea VALUES('D2000020B', 'Software Engineering', NULL);
INSERT INTO studentPlans VALUES('D2000020B', TRUE, 'CS2010', 'AY 16/17 Sem 1');
INSERT INTO studentPlans VALUES('D2000020B', TRUE, 'CS2100', 'AY 16/17 Sem 1');
INSERT INTO studentPlans VALUES('D2000020B', TRUE, 'CS2220', 'AY 16/17 Sem 1');
INSERT INTO studentPlans VALUES('D2000020B', TRUE, 'CS2101', 'AY 16/17 Sem 1');
INSERT INTO studentPlans VALUES('D2000020B', TRUE, 'CG2271', 'AY 16/17 Sem 1');
INSERT INTO studentPlans VALUES('D2000020B', FALSE, 'CS2105', 'AY 16/17 Sem 2');
INSERT INTO studentPlans VALUES('D2000020B', FALSE, 'CS2108', 'AY 16/17 Sem 2');
INSERT INTO studentPlans VALUES('D2000020B', FALSE, 'CS2020', 'AY 16/17 Sem 2');
INSERT INTO studentPlans VALUES('D2000020B', FALSE, 'CS2102', 'AY 16/17 Sem 2');
INSERT INTO studentPlans VALUES('D2000020B', FALSE, 'CS2103T', 'AY 16/17 Sem 2');
INSERT INTO studentPlans VALUES('D2000020B', FALSE, 'CS3103L', 'AY 17/18 Sem 1');
INSERT INTO studentPlans VALUES('D2000020B', FALSE, 'CS3218', 'AY 17/18 Sem 1');
INSERT INTO studentPlans VALUES('D2000020B', FALSE, 'CP3209', 'AY 17/18 Sem 1');
INSERT INTO studentPlans VALUES('D2000020B', FALSE, 'CS3247', 'AY 17/18 Sem 1');
INSERT INTO studentPlans VALUES('D2000020B', FALSE, 'CS3217', 'AY 17/18 Sem 1');
INSERT INTO studentPlans VALUES('D2000020B', FALSE, 'CS3213', 'AY 17/18 Sem 2');
INSERT INTO studentPlans VALUES('D2000020B', FALSE, 'CS3241', 'AY 17/18 Sem 2');
INSERT INTO studentPlans VALUES('D2000020B', FALSE, 'CP3101', 'AY 17/18 Sem 2');
INSERT INTO studentPlans VALUES('D2000020B', FALSE, 'CS3216', 'AY 17/18 Sem 2');
INSERT INTO studentPlans VALUES('D2000020B', FALSE, 'CS3212', 'AY 17/18 Sem 2');

INSERT INTO student VALUES('D2000021B', 2);
INSERT INTO takesFocusArea VALUES('D2000021B', 'Computer Security', NULL);
INSERT INTO studentPlans VALUES('D2000021B', TRUE, 'IT2001', 'AY 16/17 Sem 1');
INSERT INTO studentPlans VALUES('D2000021B', TRUE, 'CS2309', 'AY 16/17 Sem 1');
INSERT INTO studentPlans VALUES('D2000021B', TRUE, 'CG2271', 'AY 16/17 Sem 1');
INSERT INTO studentPlans VALUES('D2000021B', TRUE, 'CS2010', 'AY 16/17 Sem 1');
INSERT INTO studentPlans VALUES('D2000021B', TRUE, 'CS2271', 'AY 16/17 Sem 1');
INSERT INTO studentPlans VALUES('D2000021B', FALSE, 'CS2020', 'AY 16/17 Sem 2');
INSERT INTO studentPlans VALUES('D2000021B', FALSE, 'CS2103T', 'AY 16/17 Sem 2');
INSERT INTO studentPlans VALUES('D2000021B', FALSE, 'IT2002', 'AY 16/17 Sem 2');
INSERT INTO studentPlans VALUES('D2000021B', FALSE, 'CS2108', 'AY 16/17 Sem 2');
INSERT INTO studentPlans VALUES('D2000021B', FALSE, 'CS2101', 'AY 16/17 Sem 2');
INSERT INTO studentPlans VALUES('D2000021B', FALSE, 'CS3233', 'AY 17/18 Sem 1');
INSERT INTO studentPlans VALUES('D2000021B', FALSE, 'CS3343', 'AY 17/18 Sem 1');
INSERT INTO studentPlans VALUES('D2000021B', FALSE, 'CP3108A', 'AY 17/18 Sem 1');
INSERT INTO studentPlans VALUES('D2000021B', FALSE, 'CP3201', 'AY 17/18 Sem 1');
INSERT INTO studentPlans VALUES('D2000021B', FALSE, 'CP3101C', 'AY 17/18 Sem 1');
INSERT INTO studentPlans VALUES('D2000021B', FALSE, 'CP3200', 'AY 17/18 Sem 2');
INSERT INTO studentPlans VALUES('D2000021B', FALSE, 'CP3880', 'AY 17/18 Sem 2');
INSERT INTO studentPlans VALUES('D2000021B', FALSE, 'CS3234', 'AY 17/18 Sem 2');
INSERT INTO studentPlans VALUES('D2000021B', FALSE, 'CS3244', 'AY 17/18 Sem 2');
INSERT INTO studentPlans VALUES('D2000021B', FALSE, 'CS3223', 'AY 17/18 Sem 2');

INSERT INTO student VALUES('D2000022B', 2);
INSERT INTO takesFocusArea VALUES('D2000022B', 'Parallel Computing', NULL);
INSERT INTO studentPlans VALUES('D2000022B', TRUE, 'IT2001', 'AY 16/17 Sem 1');
INSERT INTO studentPlans VALUES('D2000022B', TRUE, 'CS2103T', 'AY 16/17 Sem 1');
INSERT INTO studentPlans VALUES('D2000022B', TRUE, 'CS2102', 'AY 16/17 Sem 1');
INSERT INTO studentPlans VALUES('D2000022B', TRUE, 'CG2271', 'AY 16/17 Sem 1');
INSERT INTO studentPlans VALUES('D2000022B', TRUE, 'CS2100', 'AY 16/17 Sem 1');
INSERT INTO studentPlans VALUES('D2000022B', FALSE, 'CS2108', 'AY 16/17 Sem 2');
INSERT INTO studentPlans VALUES('D2000022B', FALSE, 'IT2002', 'AY 16/17 Sem 2');
INSERT INTO studentPlans VALUES('D2000022B', FALSE, 'CS2271', 'AY 16/17 Sem 2');
INSERT INTO studentPlans VALUES('D2000022B', FALSE, 'CS2281', 'AY 16/17 Sem 2');
INSERT INTO studentPlans VALUES('D2000022B', FALSE, 'CS2105', 'AY 16/17 Sem 2');
INSERT INTO studentPlans VALUES('D2000022B', FALSE, 'CS3220', 'AY 17/18 Sem 1');
INSERT INTO studentPlans VALUES('D2000022B', FALSE, 'CS3205', 'AY 17/18 Sem 1');
INSERT INTO studentPlans VALUES('D2000022B', FALSE, 'CS3233', 'AY 17/18 Sem 1');
INSERT INTO studentPlans VALUES('D2000022B', FALSE, 'CP3108A', 'AY 17/18 Sem 1');
INSERT INTO studentPlans VALUES('D2000022B', FALSE, 'CP3106', 'AY 17/18 Sem 1');
INSERT INTO studentPlans VALUES('D2000022B', FALSE, 'CS3225', 'AY 17/18 Sem 2');
INSERT INTO studentPlans VALUES('D2000022B', FALSE, 'CP3101', 'AY 17/18 Sem 2');
INSERT INTO studentPlans VALUES('D2000022B', FALSE, 'CS3216', 'AY 17/18 Sem 2');
INSERT INTO studentPlans VALUES('D2000022B', FALSE, 'CS3223', 'AY 17/18 Sem 2');
INSERT INTO studentPlans VALUES('D2000022B', FALSE, 'CS3211', 'AY 17/18 Sem 2');

INSERT INTO student VALUES('D2000023B', 2);
INSERT INTO takesFocusArea VALUES('D2000023B', 'Interactive Media', NULL);
INSERT INTO studentPlans VALUES('D2000023B', TRUE, 'CS2101', 'AY 16/17 Sem 1');
INSERT INTO studentPlans VALUES('D2000023B', TRUE, 'CS2103', 'AY 16/17 Sem 1');
INSERT INTO studentPlans VALUES('D2000023B', TRUE, 'IT2002', 'AY 16/17 Sem 1');
INSERT INTO studentPlans VALUES('D2000023B', TRUE, 'CG2271', 'AY 16/17 Sem 1');
INSERT INTO studentPlans VALUES('D2000023B', TRUE, 'CS2106', 'AY 16/17 Sem 1');
INSERT INTO studentPlans VALUES('D2000023B', FALSE, 'CS2100', 'AY 16/17 Sem 2');
INSERT INTO studentPlans VALUES('D2000023B', FALSE, 'CS2010', 'AY 16/17 Sem 2');
INSERT INTO studentPlans VALUES('D2000023B', FALSE, 'CS2107', 'AY 16/17 Sem 2');
INSERT INTO studentPlans VALUES('D2000023B', FALSE, 'CS2108', 'AY 16/17 Sem 2');
INSERT INTO studentPlans VALUES('D2000023B', FALSE, 'CS2271', 'AY 16/17 Sem 2');
INSERT INTO studentPlans VALUES('D2000023B', FALSE, 'CS3103', 'AY 17/18 Sem 1');
INSERT INTO studentPlans VALUES('D2000023B', FALSE, 'CS3241', 'AY 17/18 Sem 1');
INSERT INTO studentPlans VALUES('D2000023B', FALSE, 'CS3245', 'AY 17/18 Sem 1');
INSERT INTO studentPlans VALUES('D2000023B', FALSE, 'CS3221', 'AY 17/18 Sem 1');
INSERT INTO studentPlans VALUES('D2000023B', FALSE, 'CS3235', 'AY 17/18 Sem 1');
INSERT INTO studentPlans VALUES('D2000023B', FALSE, 'CP3202', 'AY 17/18 Sem 2');
INSERT INTO studentPlans VALUES('D2000023B', FALSE, 'CS3219', 'AY 17/18 Sem 2');
INSERT INTO studentPlans VALUES('D2000023B', FALSE, 'CS3213', 'AY 17/18 Sem 2');
INSERT INTO studentPlans VALUES('D2000023B', FALSE, 'CS3215', 'AY 17/18 Sem 2');
INSERT INTO studentPlans VALUES('D2000023B', FALSE, 'CP3880', 'AY 17/18 Sem 2');

INSERT INTO student VALUES('D2000024B', 2);
INSERT INTO takesFocusArea VALUES('D2000024B', 'Parallel Computing', NULL);
INSERT INTO studentPlans VALUES('D2000024B', TRUE, 'CS2105', 'AY 16/17 Sem 1');
INSERT INTO studentPlans VALUES('D2000024B', TRUE, 'CP2201', 'AY 16/17 Sem 1');
INSERT INTO studentPlans VALUES('D2000024B', TRUE, 'CS2107', 'AY 16/17 Sem 1');
INSERT INTO studentPlans VALUES('D2000024B', TRUE, 'CS2106', 'AY 16/17 Sem 1');
INSERT INTO studentPlans VALUES('D2000024B', TRUE, 'CG2271', 'AY 16/17 Sem 1');
INSERT INTO studentPlans VALUES('D2000024B', FALSE, 'CS2220', 'AY 16/17 Sem 2');
INSERT INTO studentPlans VALUES('D2000024B', FALSE, 'CS2104', 'AY 16/17 Sem 2');
INSERT INTO studentPlans VALUES('D2000024B', FALSE, 'IT2002', 'AY 16/17 Sem 2');
INSERT INTO studentPlans VALUES('D2000024B', FALSE, 'CS2103', 'AY 16/17 Sem 2');
INSERT INTO studentPlans VALUES('D2000024B', FALSE, 'CS2281', 'AY 16/17 Sem 2');
INSERT INTO studentPlans VALUES('D2000024B', FALSE, 'CS3246', 'AY 17/18 Sem 1');
INSERT INTO studentPlans VALUES('D2000024B', FALSE, 'CS3202', 'AY 17/18 Sem 1');
INSERT INTO studentPlans VALUES('D2000024B', FALSE, 'CS3205', 'AY 17/18 Sem 1');
INSERT INTO studentPlans VALUES('D2000024B', FALSE, 'CS3230', 'AY 17/18 Sem 1');
INSERT INTO studentPlans VALUES('D2000024B', FALSE, 'CS3221', 'AY 17/18 Sem 1');
INSERT INTO studentPlans VALUES('D2000024B', FALSE, 'CS3249', 'AY 17/18 Sem 2');
INSERT INTO studentPlans VALUES('D2000024B', FALSE, 'CP3880', 'AY 17/18 Sem 2');
INSERT INTO studentPlans VALUES('D2000024B', FALSE, 'CS3201', 'AY 17/18 Sem 2');
INSERT INTO studentPlans VALUES('D2000024B', FALSE, 'CS3226', 'AY 17/18 Sem 2');
INSERT INTO studentPlans VALUES('D2000024B', FALSE, 'CS3103L', 'AY 17/18 Sem 2');

INSERT INTO student VALUES('D2000025B', 2);
INSERT INTO takesFocusArea VALUES('D2000025B', 'Parallel Computing', NULL);
INSERT INTO studentPlans VALUES('D2000025B', TRUE, 'IT2002', 'AY 16/17 Sem 1');
INSERT INTO studentPlans VALUES('D2000025B', TRUE, 'CS2281', 'AY 16/17 Sem 1');
INSERT INTO studentPlans VALUES('D2000025B', TRUE, 'IT2001', 'AY 16/17 Sem 1');
INSERT INTO studentPlans VALUES('D2000025B', TRUE, 'CS2108', 'AY 16/17 Sem 1');
INSERT INTO studentPlans VALUES('D2000025B', TRUE, 'CS2104', 'AY 16/17 Sem 1');
INSERT INTO studentPlans VALUES('D2000025B', FALSE, 'CS2020', 'AY 16/17 Sem 2');
INSERT INTO studentPlans VALUES('D2000025B', FALSE, 'CS2102', 'AY 16/17 Sem 2');
INSERT INTO studentPlans VALUES('D2000025B', FALSE, 'CS2100', 'AY 16/17 Sem 2');
INSERT INTO studentPlans VALUES('D2000025B', FALSE, 'CS2103', 'AY 16/17 Sem 2');
INSERT INTO studentPlans VALUES('D2000025B', FALSE, 'CG2271', 'AY 16/17 Sem 2');
INSERT INTO studentPlans VALUES('D2000025B', FALSE, 'CP3881', 'AY 17/18 Sem 1');
INSERT INTO studentPlans VALUES('D2000025B', FALSE, 'CS3249', 'AY 17/18 Sem 1');
INSERT INTO studentPlans VALUES('D2000025B', FALSE, 'CS3882', 'AY 17/18 Sem 1');
INSERT INTO studentPlans VALUES('D2000025B', FALSE, 'CP3106', 'AY 17/18 Sem 1');
INSERT INTO studentPlans VALUES('D2000025B', FALSE, 'CS3246', 'AY 17/18 Sem 1');
INSERT INTO studentPlans VALUES('D2000025B', FALSE, 'CS3242', 'AY 17/18 Sem 2');
INSERT INTO studentPlans VALUES('D2000025B', FALSE, 'CP3209', 'AY 17/18 Sem 2');
INSERT INTO studentPlans VALUES('D2000025B', FALSE, 'CS3220', 'AY 17/18 Sem 2');
INSERT INTO studentPlans VALUES('D2000025B', FALSE, 'CS3282', 'AY 17/18 Sem 2');
INSERT INTO studentPlans VALUES('D2000025B', FALSE, 'CP3880', 'AY 17/18 Sem 2');

INSERT INTO student VALUES('D2000026B', 2);
INSERT INTO takesFocusArea VALUES('D2000026B', 'Algorithms & Theory', NULL);
INSERT INTO studentPlans VALUES('D2000026B', TRUE, 'CS2103', 'AY 16/17 Sem 1');
INSERT INTO studentPlans VALUES('D2000026B', TRUE, 'CS2107', 'AY 16/17 Sem 1');
INSERT INTO studentPlans VALUES('D2000026B', TRUE, 'CP2201', 'AY 16/17 Sem 1');
INSERT INTO studentPlans VALUES('D2000026B', TRUE, 'CS2102', 'AY 16/17 Sem 1');
INSERT INTO studentPlans VALUES('D2000026B', TRUE, 'CG2271', 'AY 16/17 Sem 1');
INSERT INTO studentPlans VALUES('D2000026B', FALSE, 'CS2105', 'AY 16/17 Sem 2');
INSERT INTO studentPlans VALUES('D2000026B', FALSE, 'CS2309', 'AY 16/17 Sem 2');
INSERT INTO studentPlans VALUES('D2000026B', FALSE, 'CS2010', 'AY 16/17 Sem 2');
INSERT INTO studentPlans VALUES('D2000026B', FALSE, 'CS2101', 'AY 16/17 Sem 2');
INSERT INTO studentPlans VALUES('D2000026B', FALSE, 'IT2002', 'AY 16/17 Sem 2');
INSERT INTO studentPlans VALUES('D2000026B', FALSE, 'CS3212', 'AY 17/18 Sem 1');
INSERT INTO studentPlans VALUES('D2000026B', FALSE, 'CS3205', 'AY 17/18 Sem 1');
INSERT INTO studentPlans VALUES('D2000026B', FALSE, 'CG3002', 'AY 17/18 Sem 1');
INSERT INTO studentPlans VALUES('D2000026B', FALSE, 'CS3243', 'AY 17/18 Sem 1');
INSERT INTO studentPlans VALUES('D2000026B', FALSE, 'CS3226', 'AY 17/18 Sem 1');
INSERT INTO studentPlans VALUES('D2000026B', FALSE, 'CS3284', 'AY 17/18 Sem 2');
INSERT INTO studentPlans VALUES('D2000026B', FALSE, 'CP3880', 'AY 17/18 Sem 2');
INSERT INTO studentPlans VALUES('D2000026B', FALSE, 'CS3211', 'AY 17/18 Sem 2');
INSERT INTO studentPlans VALUES('D2000026B', FALSE, 'CS3220', 'AY 17/18 Sem 2');
INSERT INTO studentPlans VALUES('D2000026B', FALSE, 'CS3249', 'AY 17/18 Sem 2');

INSERT INTO student VALUES('D2000027B', 2);
INSERT INTO takesFocusArea VALUES('D2000027B', 'Multimedia Information Retrieval', NULL);
INSERT INTO studentPlans VALUES('D2000027B', TRUE, 'CS2107', 'AY 16/17 Sem 1');
INSERT INTO studentPlans VALUES('D2000027B', TRUE, 'IT2002', 'AY 16/17 Sem 1');
INSERT INTO studentPlans VALUES('D2000027B', TRUE, 'CS2271', 'AY 16/17 Sem 1');
INSERT INTO studentPlans VALUES('D2000027B', TRUE, 'CS2309', 'AY 16/17 Sem 1');
INSERT INTO studentPlans VALUES('D2000027B', TRUE, 'CP2201', 'AY 16/17 Sem 1');
INSERT INTO studentPlans VALUES('D2000027B', FALSE, 'IT2001', 'AY 16/17 Sem 2');
INSERT INTO studentPlans VALUES('D2000027B', FALSE, 'CS2101', 'AY 16/17 Sem 2');
INSERT INTO studentPlans VALUES('D2000027B', FALSE, 'CG2271', 'AY 16/17 Sem 2');
INSERT INTO studentPlans VALUES('D2000027B', FALSE, 'CS2020', 'AY 16/17 Sem 2');
INSERT INTO studentPlans VALUES('D2000027B', FALSE, 'CS2220', 'AY 16/17 Sem 2');
INSERT INTO studentPlans VALUES('D2000027B', FALSE, 'CS3219', 'AY 17/18 Sem 1');
INSERT INTO studentPlans VALUES('D2000027B', FALSE, 'CP3209', 'AY 17/18 Sem 1');
INSERT INTO studentPlans VALUES('D2000027B', FALSE, 'CS3226', 'AY 17/18 Sem 1');
INSERT INTO studentPlans VALUES('D2000027B', FALSE, 'CP3108A', 'AY 17/18 Sem 1');
INSERT INTO studentPlans VALUES('D2000027B', FALSE, 'CS3103', 'AY 17/18 Sem 1');
INSERT INTO studentPlans VALUES('D2000027B', FALSE, 'CS3249', 'AY 17/18 Sem 2');
INSERT INTO studentPlans VALUES('D2000027B', FALSE, 'CS3223', 'AY 17/18 Sem 2');
INSERT INTO studentPlans VALUES('D2000027B', FALSE, 'CG3204L', 'AY 17/18 Sem 2');
INSERT INTO studentPlans VALUES('D2000027B', FALSE, 'CS3215', 'AY 17/18 Sem 2');
INSERT INTO studentPlans VALUES('D2000027B', FALSE, 'CS3244', 'AY 17/18 Sem 2');

INSERT INTO student VALUES('D2000028B', 2);
INSERT INTO takesFocusArea VALUES('D2000028B', 'Interactive Media', NULL);
INSERT INTO studentPlans VALUES('D2000028B', TRUE, 'CS2271', 'AY 16/17 Sem 1');
INSERT INTO studentPlans VALUES('D2000028B', TRUE, 'CP2201', 'AY 16/17 Sem 1');
INSERT INTO studentPlans VALUES('D2000028B', TRUE, 'CS2107', 'AY 16/17 Sem 1');
INSERT INTO studentPlans VALUES('D2000028B', TRUE, 'CS2281', 'AY 16/17 Sem 1');
INSERT INTO studentPlans VALUES('D2000028B', TRUE, 'CS2104', 'AY 16/17 Sem 1');
INSERT INTO studentPlans VALUES('D2000028B', FALSE, 'CS2101', 'AY 16/17 Sem 2');
INSERT INTO studentPlans VALUES('D2000028B', FALSE, 'IT2002', 'AY 16/17 Sem 2');
INSERT INTO studentPlans VALUES('D2000028B', FALSE, 'CS2103', 'AY 16/17 Sem 2');
INSERT INTO studentPlans VALUES('D2000028B', FALSE, 'CS2108', 'AY 16/17 Sem 2');
INSERT INTO studentPlans VALUES('D2000028B', FALSE, 'CS2100', 'AY 16/17 Sem 2');
INSERT INTO studentPlans VALUES('D2000028B', FALSE, 'CP3106', 'AY 17/18 Sem 1');
INSERT INTO studentPlans VALUES('D2000028B', FALSE, 'CS3210', 'AY 17/18 Sem 1');
INSERT INTO studentPlans VALUES('D2000028B', FALSE, 'CS3246', 'AY 17/18 Sem 1');
INSERT INTO studentPlans VALUES('D2000028B', FALSE, 'CS3283', 'AY 17/18 Sem 1');
INSERT INTO studentPlans VALUES('D2000028B', FALSE, 'CS3201', 'AY 17/18 Sem 1');
INSERT INTO studentPlans VALUES('D2000028B', FALSE, 'CS3219', 'AY 17/18 Sem 2');
INSERT INTO studentPlans VALUES('D2000028B', FALSE, 'CP3101C', 'AY 17/18 Sem 2');
INSERT INTO studentPlans VALUES('D2000028B', FALSE, 'CS3284', 'AY 17/18 Sem 2');
INSERT INTO studentPlans VALUES('D2000028B', FALSE, 'CP3881', 'AY 17/18 Sem 2');
INSERT INTO studentPlans VALUES('D2000028B', FALSE, 'CP3202', 'AY 17/18 Sem 2');

INSERT INTO student VALUES('D2000029B', 2);
INSERT INTO takesFocusArea VALUES('D2000029B', 'Parallel Computing', NULL);
INSERT INTO studentPlans VALUES('D2000029B', TRUE, 'CS2102', 'AY 16/17 Sem 1');
INSERT INTO studentPlans VALUES('D2000029B', TRUE, 'CS2020', 'AY 16/17 Sem 1');
INSERT INTO studentPlans VALUES('D2000029B', TRUE, 'CS2108', 'AY 16/17 Sem 1');
INSERT INTO studentPlans VALUES('D2000029B', TRUE, 'CS2103', 'AY 16/17 Sem 1');
INSERT INTO studentPlans VALUES('D2000029B', TRUE, 'IT2001', 'AY 16/17 Sem 1');
INSERT INTO studentPlans VALUES('D2000029B', FALSE, 'CS2105', 'AY 16/17 Sem 2');
INSERT INTO studentPlans VALUES('D2000029B', FALSE, 'CG2271', 'AY 16/17 Sem 2');
INSERT INTO studentPlans VALUES('D2000029B', FALSE, 'CS2281', 'AY 16/17 Sem 2');
INSERT INTO studentPlans VALUES('D2000029B', FALSE, 'CS2104', 'AY 16/17 Sem 2');
INSERT INTO studentPlans VALUES('D2000029B', FALSE, 'CS2220', 'AY 16/17 Sem 2');
INSERT INTO studentPlans VALUES('D2000029B', FALSE, 'CS3213', 'AY 17/18 Sem 1');
INSERT INTO studentPlans VALUES('D2000029B', FALSE, 'CS3241', 'AY 17/18 Sem 1');
INSERT INTO studentPlans VALUES('D2000029B', FALSE, 'CS3103L', 'AY 17/18 Sem 1');
INSERT INTO studentPlans VALUES('D2000029B', FALSE, 'CP3106', 'AY 17/18 Sem 1');
INSERT INTO studentPlans VALUES('D2000029B', FALSE, 'CS3226', 'AY 17/18 Sem 1');
INSERT INTO studentPlans VALUES('D2000029B', FALSE, 'CS3246', 'AY 17/18 Sem 2');
INSERT INTO studentPlans VALUES('D2000029B', FALSE, 'CS3215', 'AY 17/18 Sem 2');
INSERT INTO studentPlans VALUES('D2000029B', FALSE, 'CS3283', 'AY 17/18 Sem 2');
INSERT INTO studentPlans VALUES('D2000029B', FALSE, 'CS3201', 'AY 17/18 Sem 2');
INSERT INTO studentPlans VALUES('D2000029B', FALSE, 'CS3221', 'AY 17/18 Sem 2');

INSERT INTO student VALUES('D2000030B', 2);
INSERT INTO takesFocusArea VALUES('D2000030B', 'Database Systems', NULL);
INSERT INTO studentPlans VALUES('D2000030B', TRUE, 'CS2100', 'AY 16/17 Sem 1');
INSERT INTO studentPlans VALUES('D2000030B', TRUE, 'CS2108', 'AY 16/17 Sem 1');
INSERT INTO studentPlans VALUES('D2000030B', TRUE, 'CS2103', 'AY 16/17 Sem 1');
INSERT INTO studentPlans VALUES('D2000030B', TRUE, 'CS2220', 'AY 16/17 Sem 1');
INSERT INTO studentPlans VALUES('D2000030B', TRUE, 'CS2103T', 'AY 16/17 Sem 1');
INSERT INTO studentPlans VALUES('D2000030B', FALSE, 'IT2001', 'AY 16/17 Sem 2');
INSERT INTO studentPlans VALUES('D2000030B', FALSE, 'CS2309', 'AY 16/17 Sem 2');
INSERT INTO studentPlans VALUES('D2000030B', FALSE, 'CG2271', 'AY 16/17 Sem 2');
INSERT INTO studentPlans VALUES('D2000030B', FALSE, 'CS2020', 'AY 16/17 Sem 2');
INSERT INTO studentPlans VALUES('D2000030B', FALSE, 'CS2101', 'AY 16/17 Sem 2');
INSERT INTO studentPlans VALUES('D2000030B', FALSE, 'CS3235', 'AY 17/18 Sem 1');
INSERT INTO studentPlans VALUES('D2000030B', FALSE, 'CS3230', 'AY 17/18 Sem 1');
INSERT INTO studentPlans VALUES('D2000030B', FALSE, 'CS3219', 'AY 17/18 Sem 1');
INSERT INTO studentPlans VALUES('D2000030B', FALSE, 'CP3201', 'AY 17/18 Sem 1');
INSERT INTO studentPlans VALUES('D2000030B', FALSE, 'CS3226', 'AY 17/18 Sem 1');
INSERT INTO studentPlans VALUES('D2000030B', FALSE, 'CS3223', 'AY 17/18 Sem 2');
INSERT INTO studentPlans VALUES('D2000030B', FALSE, 'CG3204L', 'AY 17/18 Sem 2');
INSERT INTO studentPlans VALUES('D2000030B', FALSE, 'CP3101', 'AY 17/18 Sem 2');
INSERT INTO studentPlans VALUES('D2000030B', FALSE, 'CP3880', 'AY 17/18 Sem 2');
INSERT INTO studentPlans VALUES('D2000030B', FALSE, 'CP3209', 'AY 17/18 Sem 2');

INSERT INTO student VALUES('D2000031B', 2);
INSERT INTO takesFocusArea VALUES('D2000031B', 'Networking and Distributed Systems', NULL);
INSERT INTO studentPlans VALUES('D2000031B', TRUE, 'CS2100', 'AY 16/17 Sem 1');
INSERT INTO studentPlans VALUES('D2000031B', TRUE, 'CS2281', 'AY 16/17 Sem 1');
INSERT INTO studentPlans VALUES('D2000031B', TRUE, 'CS2105', 'AY 16/17 Sem 1');
INSERT INTO studentPlans VALUES('D2000031B', TRUE, 'CS2271', 'AY 16/17 Sem 1');
INSERT INTO studentPlans VALUES('D2000031B', TRUE, 'CS2020', 'AY 16/17 Sem 1');
INSERT INTO studentPlans VALUES('D2000031B', FALSE, 'CS2309', 'AY 16/17 Sem 2');
INSERT INTO studentPlans VALUES('D2000031B', FALSE, 'CS2107', 'AY 16/17 Sem 2');
INSERT INTO studentPlans VALUES('D2000031B', FALSE, 'CS2010', 'AY 16/17 Sem 2');
INSERT INTO studentPlans VALUES('D2000031B', FALSE, 'IT2002', 'AY 16/17 Sem 2');
INSERT INTO studentPlans VALUES('D2000031B', FALSE, 'CS2103T', 'AY 16/17 Sem 2');
INSERT INTO studentPlans VALUES('D2000031B', FALSE, 'CS3233', 'AY 17/18 Sem 1');
INSERT INTO studentPlans VALUES('D2000031B', FALSE, 'CS3283', 'AY 17/18 Sem 1');
INSERT INTO studentPlans VALUES('D2000031B', FALSE, 'CP3109', 'AY 17/18 Sem 1');
INSERT INTO studentPlans VALUES('D2000031B', FALSE, 'CS3240', 'AY 17/18 Sem 1');
INSERT INTO studentPlans VALUES('D2000031B', FALSE, 'CS3220', 'AY 17/18 Sem 1');
INSERT INTO studentPlans VALUES('D2000031B', FALSE, 'CP3202', 'AY 17/18 Sem 2');
INSERT INTO studentPlans VALUES('D2000031B', FALSE, 'CS3219', 'AY 17/18 Sem 2');
INSERT INTO studentPlans VALUES('D2000031B', FALSE, 'CS3230', 'AY 17/18 Sem 2');
INSERT INTO studentPlans VALUES('D2000031B', FALSE, 'CP3106', 'AY 17/18 Sem 2');
INSERT INTO studentPlans VALUES('D2000031B', FALSE, 'CS3223', 'AY 17/18 Sem 2');

INSERT INTO student VALUES('D2000032B', 2);
INSERT INTO takesFocusArea VALUES('D2000032B', 'Database Systems', NULL);
INSERT INTO studentPlans VALUES('D2000032B', TRUE, 'IT2001', 'AY 16/17 Sem 1');
INSERT INTO studentPlans VALUES('D2000032B', TRUE, 'CS2220', 'AY 16/17 Sem 1');
INSERT INTO studentPlans VALUES('D2000032B', TRUE, 'CS2271', 'AY 16/17 Sem 1');
INSERT INTO studentPlans VALUES('D2000032B', TRUE, 'CS2100', 'AY 16/17 Sem 1');
INSERT INTO studentPlans VALUES('D2000032B', TRUE, 'CS2020', 'AY 16/17 Sem 1');
INSERT INTO studentPlans VALUES('D2000032B', FALSE, 'CS2103', 'AY 16/17 Sem 2');
INSERT INTO studentPlans VALUES('D2000032B', FALSE, 'CS2101', 'AY 16/17 Sem 2');
INSERT INTO studentPlans VALUES('D2000032B', FALSE, 'CS2104', 'AY 16/17 Sem 2');
INSERT INTO studentPlans VALUES('D2000032B', FALSE, 'CS2010', 'AY 16/17 Sem 2');
INSERT INTO studentPlans VALUES('D2000032B', FALSE, 'CS2106', 'AY 16/17 Sem 2');
INSERT INTO studentPlans VALUES('D2000032B', FALSE, 'CS3245', 'AY 17/18 Sem 1');
INSERT INTO studentPlans VALUES('D2000032B', FALSE, 'CP3109', 'AY 17/18 Sem 1');
INSERT INTO studentPlans VALUES('D2000032B', FALSE, 'CP3106', 'AY 17/18 Sem 1');
INSERT INTO studentPlans VALUES('D2000032B', FALSE, 'CS3221', 'AY 17/18 Sem 1');
INSERT INTO studentPlans VALUES('D2000032B', FALSE, 'CS3230', 'AY 17/18 Sem 1');
INSERT INTO studentPlans VALUES('D2000032B', FALSE, 'CP3108A', 'AY 17/18 Sem 2');
INSERT INTO studentPlans VALUES('D2000032B', FALSE, 'CS3225', 'AY 17/18 Sem 2');
INSERT INTO studentPlans VALUES('D2000032B', FALSE, 'CS3282', 'AY 17/18 Sem 2');
INSERT INTO studentPlans VALUES('D2000032B', FALSE, 'CS3202', 'AY 17/18 Sem 2');
INSERT INTO studentPlans VALUES('D2000032B', FALSE, 'CS3234', 'AY 17/18 Sem 2');

INSERT INTO student VALUES('D2000033B', 2);
INSERT INTO takesFocusArea VALUES('D2000033B', 'Networking and Distributed Systems', NULL);
INSERT INTO studentPlans VALUES('D2000033B', TRUE, 'CS2309', 'AY 16/17 Sem 1');
INSERT INTO studentPlans VALUES('D2000033B', TRUE, 'CP2201', 'AY 16/17 Sem 1');
INSERT INTO studentPlans VALUES('D2000033B', TRUE, 'CS2104', 'AY 16/17 Sem 1');
INSERT INTO studentPlans VALUES('D2000033B', TRUE, 'CS2220', 'AY 16/17 Sem 1');
INSERT INTO studentPlans VALUES('D2000033B', TRUE, 'IT2001', 'AY 16/17 Sem 1');
INSERT INTO studentPlans VALUES('D2000033B', FALSE, 'CS2020', 'AY 16/17 Sem 2');
INSERT INTO studentPlans VALUES('D2000033B', FALSE, 'CS2101', 'AY 16/17 Sem 2');
INSERT INTO studentPlans VALUES('D2000033B', FALSE, 'CS2271', 'AY 16/17 Sem 2');
INSERT INTO studentPlans VALUES('D2000033B', FALSE, 'CS2100', 'AY 16/17 Sem 2');
INSERT INTO studentPlans VALUES('D2000033B', FALSE, 'CS2105', 'AY 16/17 Sem 2');
INSERT INTO studentPlans VALUES('D2000033B', FALSE, 'CS3282', 'AY 17/18 Sem 1');
INSERT INTO studentPlans VALUES('D2000033B', FALSE, 'CS3271', 'AY 17/18 Sem 1');
INSERT INTO studentPlans VALUES('D2000033B', FALSE, 'CS3220', 'AY 17/18 Sem 1');
INSERT INTO studentPlans VALUES('D2000033B', FALSE, 'CS3241', 'AY 17/18 Sem 1');
INSERT INTO studentPlans VALUES('D2000033B', FALSE, 'CS3234', 'AY 17/18 Sem 1');
INSERT INTO studentPlans VALUES('D2000033B', FALSE, 'CS3249', 'AY 17/18 Sem 2');
INSERT INTO studentPlans VALUES('D2000033B', FALSE, 'CP3101C', 'AY 17/18 Sem 2');
INSERT INTO studentPlans VALUES('D2000033B', FALSE, 'CS3202', 'AY 17/18 Sem 2');
INSERT INTO studentPlans VALUES('D2000033B', FALSE, 'CP3101', 'AY 17/18 Sem 2');
INSERT INTO studentPlans VALUES('D2000033B', FALSE, 'CS3213', 'AY 17/18 Sem 2');

INSERT INTO student VALUES('D2000034B', 2);
INSERT INTO takesFocusArea VALUES('D2000034B', 'Multimedia Information Retrieval', NULL);
INSERT INTO studentPlans VALUES('D2000034B', TRUE, 'CS2107', 'AY 16/17 Sem 1');
INSERT INTO studentPlans VALUES('D2000034B', TRUE, 'CS2101', 'AY 16/17 Sem 1');
INSERT INTO studentPlans VALUES('D2000034B', TRUE, 'CG2271', 'AY 16/17 Sem 1');
INSERT INTO studentPlans VALUES('D2000034B', TRUE, 'CS2105', 'AY 16/17 Sem 1');
INSERT INTO studentPlans VALUES('D2000034B', TRUE, 'CS2103', 'AY 16/17 Sem 1');
INSERT INTO studentPlans VALUES('D2000034B', FALSE, 'CS2309', 'AY 16/17 Sem 2');
INSERT INTO studentPlans VALUES('D2000034B', FALSE, 'CS2010', 'AY 16/17 Sem 2');
INSERT INTO studentPlans VALUES('D2000034B', FALSE, 'CP2201', 'AY 16/17 Sem 2');
INSERT INTO studentPlans VALUES('D2000034B', FALSE, 'IT2002', 'AY 16/17 Sem 2');
INSERT INTO studentPlans VALUES('D2000034B', FALSE, 'CS2102', 'AY 16/17 Sem 2');
INSERT INTO studentPlans VALUES('D2000034B', FALSE, 'CS3103', 'AY 17/18 Sem 1');
INSERT INTO studentPlans VALUES('D2000034B', FALSE, 'CS3210', 'AY 17/18 Sem 1');
INSERT INTO studentPlans VALUES('D2000034B', FALSE, 'CP3200', 'AY 17/18 Sem 1');
INSERT INTO studentPlans VALUES('D2000034B', FALSE, 'CS3282', 'AY 17/18 Sem 1');
INSERT INTO studentPlans VALUES('D2000034B', FALSE, 'CS3230', 'AY 17/18 Sem 1');
INSERT INTO studentPlans VALUES('D2000034B', FALSE, 'CP3108B', 'AY 17/18 Sem 2');
INSERT INTO studentPlans VALUES('D2000034B', FALSE, 'CS3212', 'AY 17/18 Sem 2');
INSERT INTO studentPlans VALUES('D2000034B', FALSE, 'CS3213', 'AY 17/18 Sem 2');
INSERT INTO studentPlans VALUES('D2000034B', FALSE, 'CS3225', 'AY 17/18 Sem 2');
INSERT INTO studentPlans VALUES('D2000034B', FALSE, 'CS3284', 'AY 17/18 Sem 2');

INSERT INTO student VALUES('D2000035B', 2);
INSERT INTO takesFocusArea VALUES('D2000035B', 'Networking and Distributed Systems', NULL);
INSERT INTO studentPlans VALUES('D2000035B', TRUE, 'CS2100', 'AY 16/17 Sem 1');
INSERT INTO studentPlans VALUES('D2000035B', TRUE, 'CS2020', 'AY 16/17 Sem 1');
INSERT INTO studentPlans VALUES('D2000035B', TRUE, 'CS2309', 'AY 16/17 Sem 1');
INSERT INTO studentPlans VALUES('D2000035B', TRUE, 'CS2108', 'AY 16/17 Sem 1');
INSERT INTO studentPlans VALUES('D2000035B', TRUE, 'IT2002', 'AY 16/17 Sem 1');
INSERT INTO studentPlans VALUES('D2000035B', FALSE, 'CS2105', 'AY 16/17 Sem 2');
INSERT INTO studentPlans VALUES('D2000035B', FALSE, 'CS2106', 'AY 16/17 Sem 2');
INSERT INTO studentPlans VALUES('D2000035B', FALSE, 'CG2271', 'AY 16/17 Sem 2');
INSERT INTO studentPlans VALUES('D2000035B', FALSE, 'CS2104', 'AY 16/17 Sem 2');
INSERT INTO studentPlans VALUES('D2000035B', FALSE, 'CS2102', 'AY 16/17 Sem 2');
INSERT INTO studentPlans VALUES('D2000035B', FALSE, 'CG3204L', 'AY 17/18 Sem 1');
INSERT INTO studentPlans VALUES('D2000035B', FALSE, 'CS3103', 'AY 17/18 Sem 1');
INSERT INTO studentPlans VALUES('D2000035B', FALSE, 'CS3201', 'AY 17/18 Sem 1');
INSERT INTO studentPlans VALUES('D2000035B', FALSE, 'CS3215', 'AY 17/18 Sem 1');
INSERT INTO studentPlans VALUES('D2000035B', FALSE, 'CS3202', 'AY 17/18 Sem 1');
INSERT INTO studentPlans VALUES('D2000035B', FALSE, 'CP3106', 'AY 17/18 Sem 2');
INSERT INTO studentPlans VALUES('D2000035B', FALSE, 'CP3201', 'AY 17/18 Sem 2');
INSERT INTO studentPlans VALUES('D2000035B', FALSE, 'CP3108A', 'AY 17/18 Sem 2');
INSERT INTO studentPlans VALUES('D2000035B', FALSE, 'CS3223', 'AY 17/18 Sem 2');
INSERT INTO studentPlans VALUES('D2000035B', FALSE, 'CS3284', 'AY 17/18 Sem 2');

INSERT INTO student VALUES('D2000036B', 2);
INSERT INTO takesFocusArea VALUES('D2000036B', 'Artificial Intelligence', NULL);
INSERT INTO studentPlans VALUES('D2000036B', TRUE, 'CS2100', 'AY 16/17 Sem 1');
INSERT INTO studentPlans VALUES('D2000036B', TRUE, 'CS2281', 'AY 16/17 Sem 1');
INSERT INTO studentPlans VALUES('D2000036B', TRUE, 'CS2106', 'AY 16/17 Sem 1');
INSERT INTO studentPlans VALUES('D2000036B', TRUE, 'CS2020', 'AY 16/17 Sem 1');
INSERT INTO studentPlans VALUES('D2000036B', TRUE, 'CS2105', 'AY 16/17 Sem 1');
INSERT INTO studentPlans VALUES('D2000036B', FALSE, 'CS2104', 'AY 16/17 Sem 2');
INSERT INTO studentPlans VALUES('D2000036B', FALSE, 'CS2103', 'AY 16/17 Sem 2');
INSERT INTO studentPlans VALUES('D2000036B', FALSE, 'CS2101', 'AY 16/17 Sem 2');
INSERT INTO studentPlans VALUES('D2000036B', FALSE, 'CS2010', 'AY 16/17 Sem 2');
INSERT INTO studentPlans VALUES('D2000036B', FALSE, 'CS2309', 'AY 16/17 Sem 2');
INSERT INTO studentPlans VALUES('D2000036B', FALSE, 'CP3202', 'AY 17/18 Sem 1');
INSERT INTO studentPlans VALUES('D2000036B', FALSE, 'CS3217', 'AY 17/18 Sem 1');
INSERT INTO studentPlans VALUES('D2000036B', FALSE, 'CS3230', 'AY 17/18 Sem 1');
INSERT INTO studentPlans VALUES('D2000036B', FALSE, 'CP3881', 'AY 17/18 Sem 1');
INSERT INTO studentPlans VALUES('D2000036B', FALSE, 'CS3233', 'AY 17/18 Sem 1');
INSERT INTO studentPlans VALUES('D2000036B', FALSE, 'CS3343', 'AY 17/18 Sem 2');
INSERT INTO studentPlans VALUES('D2000036B', FALSE, 'CP3101', 'AY 17/18 Sem 2');
INSERT INTO studentPlans VALUES('D2000036B', FALSE, 'CS3210', 'AY 17/18 Sem 2');
INSERT INTO studentPlans VALUES('D2000036B', FALSE, 'CP3106', 'AY 17/18 Sem 2');
INSERT INTO studentPlans VALUES('D2000036B', FALSE, 'CS3284', 'AY 17/18 Sem 2');

INSERT INTO student VALUES('D2000037B', 2);
INSERT INTO takesFocusArea VALUES('D2000037B', 'Multimedia Information Retrieval', NULL);
INSERT INTO studentPlans VALUES('D2000037B', TRUE, 'CP2201', 'AY 16/17 Sem 1');
INSERT INTO studentPlans VALUES('D2000037B', TRUE, 'IT2001', 'AY 16/17 Sem 1');
INSERT INTO studentPlans VALUES('D2000037B', TRUE, 'CS2100', 'AY 16/17 Sem 1');
INSERT INTO studentPlans VALUES('D2000037B', TRUE, 'IT2002', 'AY 16/17 Sem 1');
INSERT INTO studentPlans VALUES('D2000037B', TRUE, 'CS2104', 'AY 16/17 Sem 1');
INSERT INTO studentPlans VALUES('D2000037B', FALSE, 'CS2103T', 'AY 16/17 Sem 2');
INSERT INTO studentPlans VALUES('D2000037B', FALSE, 'CG2271', 'AY 16/17 Sem 2');
INSERT INTO studentPlans VALUES('D2000037B', FALSE, 'CS2020', 'AY 16/17 Sem 2');
INSERT INTO studentPlans VALUES('D2000037B', FALSE, 'CS2102', 'AY 16/17 Sem 2');
INSERT INTO studentPlans VALUES('D2000037B', FALSE, 'CS2106', 'AY 16/17 Sem 2');
INSERT INTO studentPlans VALUES('D2000037B', FALSE, 'CP3209', 'AY 17/18 Sem 1');
INSERT INTO studentPlans VALUES('D2000037B', FALSE, 'CS3226', 'AY 17/18 Sem 1');
INSERT INTO studentPlans VALUES('D2000037B', FALSE, 'CS3246', 'AY 17/18 Sem 1');
INSERT INTO studentPlans VALUES('D2000037B', FALSE, 'CS3211', 'AY 17/18 Sem 1');
INSERT INTO studentPlans VALUES('D2000037B', FALSE, 'CP3880', 'AY 17/18 Sem 1');
INSERT INTO studentPlans VALUES('D2000037B', FALSE, 'CS3240', 'AY 17/18 Sem 2');
INSERT INTO studentPlans VALUES('D2000037B', FALSE, 'CS3247', 'AY 17/18 Sem 2');
INSERT INTO studentPlans VALUES('D2000037B', FALSE, 'CS3218', 'AY 17/18 Sem 2');
INSERT INTO studentPlans VALUES('D2000037B', FALSE, 'CS3249', 'AY 17/18 Sem 2');
INSERT INTO studentPlans VALUES('D2000037B', FALSE, 'CS3205', 'AY 17/18 Sem 2');

INSERT INTO student VALUES('D2000038B', 2);
INSERT INTO takesFocusArea VALUES('D2000038B', 'Multimedia Information Retrieval', NULL);
INSERT INTO studentPlans VALUES('D2000038B', TRUE, 'CS2220', 'AY 16/17 Sem 1');
INSERT INTO studentPlans VALUES('D2000038B', TRUE, 'CS2103', 'AY 16/17 Sem 1');
INSERT INTO studentPlans VALUES('D2000038B', TRUE, 'IT2001', 'AY 16/17 Sem 1');
INSERT INTO studentPlans VALUES('D2000038B', TRUE, 'CS2100', 'AY 16/17 Sem 1');
INSERT INTO studentPlans VALUES('D2000038B', TRUE, 'CS2102', 'AY 16/17 Sem 1');
INSERT INTO studentPlans VALUES('D2000038B', FALSE, 'CS2105', 'AY 16/17 Sem 2');
INSERT INTO studentPlans VALUES('D2000038B', FALSE, 'CS2108', 'AY 16/17 Sem 2');
INSERT INTO studentPlans VALUES('D2000038B', FALSE, 'IT2002', 'AY 16/17 Sem 2');
INSERT INTO studentPlans VALUES('D2000038B', FALSE, 'CS2309', 'AY 16/17 Sem 2');
INSERT INTO studentPlans VALUES('D2000038B', FALSE, 'CS2101', 'AY 16/17 Sem 2');
INSERT INTO studentPlans VALUES('D2000038B', FALSE, 'CP3202', 'AY 17/18 Sem 1');
INSERT INTO studentPlans VALUES('D2000038B', FALSE, 'CS3215', 'AY 17/18 Sem 1');
INSERT INTO studentPlans VALUES('D2000038B', FALSE, 'CS3103', 'AY 17/18 Sem 1');
INSERT INTO studentPlans VALUES('D2000038B', FALSE, 'CS3283', 'AY 17/18 Sem 1');
INSERT INTO studentPlans VALUES('D2000038B', FALSE, 'CP3880', 'AY 17/18 Sem 1');
INSERT INTO studentPlans VALUES('D2000038B', FALSE, 'CP3101A', 'AY 17/18 Sem 2');
INSERT INTO studentPlans VALUES('D2000038B', FALSE, 'CS3247', 'AY 17/18 Sem 2');
INSERT INTO studentPlans VALUES('D2000038B', FALSE, 'CS3284', 'AY 17/18 Sem 2');
INSERT INTO studentPlans VALUES('D2000038B', FALSE, 'CS3234', 'AY 17/18 Sem 2');
INSERT INTO studentPlans VALUES('D2000038B', FALSE, 'CS3882', 'AY 17/18 Sem 2');

INSERT INTO student VALUES('D2000039B', 2);
INSERT INTO takesFocusArea VALUES('D2000039B', 'Parallel Computing', NULL);
INSERT INTO studentPlans VALUES('D2000039B', TRUE, 'CS2103T', 'AY 16/17 Sem 1');
INSERT INTO studentPlans VALUES('D2000039B', TRUE, 'CS2309', 'AY 16/17 Sem 1');
INSERT INTO studentPlans VALUES('D2000039B', TRUE, 'CS2106', 'AY 16/17 Sem 1');
INSERT INTO studentPlans VALUES('D2000039B', TRUE, 'CS2103', 'AY 16/17 Sem 1');
INSERT INTO studentPlans VALUES('D2000039B', TRUE, 'IT2002', 'AY 16/17 Sem 1');
INSERT INTO studentPlans VALUES('D2000039B', FALSE, 'CS2102', 'AY 16/17 Sem 2');
INSERT INTO studentPlans VALUES('D2000039B', FALSE, 'IT2001', 'AY 16/17 Sem 2');
INSERT INTO studentPlans VALUES('D2000039B', FALSE, 'CS2100', 'AY 16/17 Sem 2');
INSERT INTO studentPlans VALUES('D2000039B', FALSE, 'CS2104', 'AY 16/17 Sem 2');
INSERT INTO studentPlans VALUES('D2000039B', FALSE, 'CS2220', 'AY 16/17 Sem 2');
INSERT INTO studentPlans VALUES('D2000039B', FALSE, 'CS3249', 'AY 17/18 Sem 1');
INSERT INTO studentPlans VALUES('D2000039B', FALSE, 'CP3881', 'AY 17/18 Sem 1');
INSERT INTO studentPlans VALUES('D2000039B', FALSE, 'CP3108B', 'AY 17/18 Sem 1');
INSERT INTO studentPlans VALUES('D2000039B', FALSE, 'CS3235', 'AY 17/18 Sem 1');
INSERT INTO studentPlans VALUES('D2000039B', FALSE, 'CG3204L', 'AY 17/18 Sem 1');
INSERT INTO studentPlans VALUES('D2000039B', FALSE, 'CS3244', 'AY 17/18 Sem 2');
INSERT INTO studentPlans VALUES('D2000039B', FALSE, 'CS3282', 'AY 17/18 Sem 2');
INSERT INTO studentPlans VALUES('D2000039B', FALSE, 'CP3109', 'AY 17/18 Sem 2');
INSERT INTO studentPlans VALUES('D2000039B', FALSE, 'CS3247', 'AY 17/18 Sem 2');
INSERT INTO studentPlans VALUES('D2000039B', FALSE, 'CS3236', 'AY 17/18 Sem 2');

INSERT INTO student VALUES('D2000040B', 2);
INSERT INTO takesFocusArea VALUES('D2000040B', 'Multimedia Information Retrieval', NULL);
INSERT INTO studentPlans VALUES('D2000040B', TRUE, 'CS2107', 'AY 16/17 Sem 1');
INSERT INTO studentPlans VALUES('D2000040B', TRUE, 'IT2002', 'AY 16/17 Sem 1');
INSERT INTO studentPlans VALUES('D2000040B', TRUE, 'CS2102', 'AY 16/17 Sem 1');
INSERT INTO studentPlans VALUES('D2000040B', TRUE, 'CS2108', 'AY 16/17 Sem 1');
INSERT INTO studentPlans VALUES('D2000040B', TRUE, 'CG2271', 'AY 16/17 Sem 1');
INSERT INTO studentPlans VALUES('D2000040B', FALSE, 'CS2271', 'AY 16/17 Sem 2');
INSERT INTO studentPlans VALUES('D2000040B', FALSE, 'CS2220', 'AY 16/17 Sem 2');
INSERT INTO studentPlans VALUES('D2000040B', FALSE, 'CS2106', 'AY 16/17 Sem 2');
INSERT INTO studentPlans VALUES('D2000040B', FALSE, 'CS2104', 'AY 16/17 Sem 2');
INSERT INTO studentPlans VALUES('D2000040B', FALSE, 'CS2010', 'AY 16/17 Sem 2');
INSERT INTO studentPlans VALUES('D2000040B', FALSE, 'CS3247', 'AY 17/18 Sem 1');
INSERT INTO studentPlans VALUES('D2000040B', FALSE, 'CS3230', 'AY 17/18 Sem 1');
INSERT INTO studentPlans VALUES('D2000040B', FALSE, 'CS3213', 'AY 17/18 Sem 1');
INSERT INTO studentPlans VALUES('D2000040B', FALSE, 'CS3245', 'AY 17/18 Sem 1');
INSERT INTO studentPlans VALUES('D2000040B', FALSE, 'CS3343', 'AY 17/18 Sem 1');
INSERT INTO studentPlans VALUES('D2000040B', FALSE, 'CS3234', 'AY 17/18 Sem 2');
INSERT INTO studentPlans VALUES('D2000040B', FALSE, 'CS3283', 'AY 17/18 Sem 2');
INSERT INTO studentPlans VALUES('D2000040B', FALSE, 'CS3212', 'AY 17/18 Sem 2');
INSERT INTO studentPlans VALUES('D2000040B', FALSE, 'CP3202', 'AY 17/18 Sem 2');
INSERT INTO studentPlans VALUES('D2000040B', FALSE, 'CP3101C', 'AY 17/18 Sem 2');

INSERT INTO student VALUES('D2000041B', 2);
INSERT INTO takesFocusArea VALUES('D2000041B', 'Database Systems', NULL);
INSERT INTO studentPlans VALUES('D2000041B', TRUE, 'CS2103', 'AY 16/17 Sem 1');
INSERT INTO studentPlans VALUES('D2000041B', TRUE, 'CS2103T', 'AY 16/17 Sem 1');
INSERT INTO studentPlans VALUES('D2000041B', TRUE, 'CS2309', 'AY 16/17 Sem 1');
INSERT INTO studentPlans VALUES('D2000041B', TRUE, 'CS2281', 'AY 16/17 Sem 1');
INSERT INTO studentPlans VALUES('D2000041B', TRUE, 'CS2101', 'AY 16/17 Sem 1');
INSERT INTO studentPlans VALUES('D2000041B', FALSE, 'CS2271', 'AY 16/17 Sem 2');
INSERT INTO studentPlans VALUES('D2000041B', FALSE, 'CS2020', 'AY 16/17 Sem 2');
INSERT INTO studentPlans VALUES('D2000041B', FALSE, 'CS2107', 'AY 16/17 Sem 2');
INSERT INTO studentPlans VALUES('D2000041B', FALSE, 'CS2010', 'AY 16/17 Sem 2');
INSERT INTO studentPlans VALUES('D2000041B', FALSE, 'CG2271', 'AY 16/17 Sem 2');
INSERT INTO studentPlans VALUES('D2000041B', FALSE, 'CP3881', 'AY 17/18 Sem 1');
INSERT INTO studentPlans VALUES('D2000041B', FALSE, 'CS3246', 'AY 17/18 Sem 1');
INSERT INTO studentPlans VALUES('D2000041B', FALSE, 'CS3223', 'AY 17/18 Sem 1');
INSERT INTO studentPlans VALUES('D2000041B', FALSE, 'CS3282', 'AY 17/18 Sem 1');
INSERT INTO studentPlans VALUES('D2000041B', FALSE, 'CS3241', 'AY 17/18 Sem 1');
INSERT INTO studentPlans VALUES('D2000041B', FALSE, 'CS3281', 'AY 17/18 Sem 2');
INSERT INTO studentPlans VALUES('D2000041B', FALSE, 'CS3226', 'AY 17/18 Sem 2');
INSERT INTO studentPlans VALUES('D2000041B', FALSE, 'CS3233', 'AY 17/18 Sem 2');
INSERT INTO studentPlans VALUES('D2000041B', FALSE, 'CP3108B', 'AY 17/18 Sem 2');
INSERT INTO studentPlans VALUES('D2000041B', FALSE, 'CP3202', 'AY 17/18 Sem 2');

INSERT INTO student VALUES('D2000042B', 2);
INSERT INTO takesFocusArea VALUES('D2000042B', 'Computer Graphics and Games', NULL);
INSERT INTO studentPlans VALUES('D2000042B', TRUE, 'CS2271', 'AY 16/17 Sem 1');
INSERT INTO studentPlans VALUES('D2000042B', TRUE, 'CS2281', 'AY 16/17 Sem 1');
INSERT INTO studentPlans VALUES('D2000042B', TRUE, 'CS2010', 'AY 16/17 Sem 1');
INSERT INTO studentPlans VALUES('D2000042B', TRUE, 'CS2100', 'AY 16/17 Sem 1');
INSERT INTO studentPlans VALUES('D2000042B', TRUE, 'CS2103T', 'AY 16/17 Sem 1');
INSERT INTO studentPlans VALUES('D2000042B', FALSE, 'CS2107', 'AY 16/17 Sem 2');
INSERT INTO studentPlans VALUES('D2000042B', FALSE, 'CS2103', 'AY 16/17 Sem 2');
INSERT INTO studentPlans VALUES('D2000042B', FALSE, 'CG2271', 'AY 16/17 Sem 2');
INSERT INTO studentPlans VALUES('D2000042B', FALSE, 'CS2101', 'AY 16/17 Sem 2');
INSERT INTO studentPlans VALUES('D2000042B', FALSE, 'CS2106', 'AY 16/17 Sem 2');
INSERT INTO studentPlans VALUES('D2000042B', FALSE, 'CS3246', 'AY 17/18 Sem 1');
INSERT INTO studentPlans VALUES('D2000042B', FALSE, 'CS3211', 'AY 17/18 Sem 1');
INSERT INTO studentPlans VALUES('D2000042B', FALSE, 'CS3230', 'AY 17/18 Sem 1');
INSERT INTO studentPlans VALUES('D2000042B', FALSE, 'CS3213', 'AY 17/18 Sem 1');
INSERT INTO studentPlans VALUES('D2000042B', FALSE, 'CS3210', 'AY 17/18 Sem 1');
INSERT INTO studentPlans VALUES('D2000042B', FALSE, 'CS3216', 'AY 17/18 Sem 2');
INSERT INTO studentPlans VALUES('D2000042B', FALSE, 'CP3101C', 'AY 17/18 Sem 2');
INSERT INTO studentPlans VALUES('D2000042B', FALSE, 'CS3234', 'AY 17/18 Sem 2');
INSERT INTO studentPlans VALUES('D2000042B', FALSE, 'CS3226', 'AY 17/18 Sem 2');
INSERT INTO studentPlans VALUES('D2000042B', FALSE, 'CG3002', 'AY 17/18 Sem 2');

INSERT INTO student VALUES('D2000043B', 2);
INSERT INTO takesFocusArea VALUES('D2000043B', 'Computer Graphics and Games', NULL);
INSERT INTO studentPlans VALUES('D2000043B', TRUE, 'CS2220', 'AY 16/17 Sem 1');
INSERT INTO studentPlans VALUES('D2000043B', TRUE, 'CS2106', 'AY 16/17 Sem 1');
INSERT INTO studentPlans VALUES('D2000043B', TRUE, 'CS2102', 'AY 16/17 Sem 1');
INSERT INTO studentPlans VALUES('D2000043B', TRUE, 'CS2103', 'AY 16/17 Sem 1');
INSERT INTO studentPlans VALUES('D2000043B', TRUE, 'CS2271', 'AY 16/17 Sem 1');
INSERT INTO studentPlans VALUES('D2000043B', FALSE, 'IT2001', 'AY 16/17 Sem 2');
INSERT INTO studentPlans VALUES('D2000043B', FALSE, 'CS2103T', 'AY 16/17 Sem 2');
INSERT INTO studentPlans VALUES('D2000043B', FALSE, 'CS2105', 'AY 16/17 Sem 2');
INSERT INTO studentPlans VALUES('D2000043B', FALSE, 'CP2201', 'AY 16/17 Sem 2');
INSERT INTO studentPlans VALUES('D2000043B', FALSE, 'CS2010', 'AY 16/17 Sem 2');
INSERT INTO studentPlans VALUES('D2000043B', FALSE, 'CS3235', 'AY 17/18 Sem 1');
INSERT INTO studentPlans VALUES('D2000043B', FALSE, 'CS3205', 'AY 17/18 Sem 1');
INSERT INTO studentPlans VALUES('D2000043B', FALSE, 'CS3284', 'AY 17/18 Sem 1');
INSERT INTO studentPlans VALUES('D2000043B', FALSE, 'CP3209', 'AY 17/18 Sem 1');
INSERT INTO studentPlans VALUES('D2000043B', FALSE, 'CS3246', 'AY 17/18 Sem 1');
INSERT INTO studentPlans VALUES('D2000043B', FALSE, 'CS3271', 'AY 17/18 Sem 2');
INSERT INTO studentPlans VALUES('D2000043B', FALSE, 'CP3108B', 'AY 17/18 Sem 2');
INSERT INTO studentPlans VALUES('D2000043B', FALSE, 'CS3211', 'AY 17/18 Sem 2');
INSERT INTO studentPlans VALUES('D2000043B', FALSE, 'CP3109', 'AY 17/18 Sem 2');
INSERT INTO studentPlans VALUES('D2000043B', FALSE, 'CS3103', 'AY 17/18 Sem 2');

INSERT INTO student VALUES('D2000044B', 2);
INSERT INTO takesFocusArea VALUES('D2000044B', 'Visual Computing', NULL);
INSERT INTO studentPlans VALUES('D2000044B', TRUE, 'IT2002', 'AY 16/17 Sem 1');
INSERT INTO studentPlans VALUES('D2000044B', TRUE, 'CS2020', 'AY 16/17 Sem 1');
INSERT INTO studentPlans VALUES('D2000044B', TRUE, 'CS2100', 'AY 16/17 Sem 1');
INSERT INTO studentPlans VALUES('D2000044B', TRUE, 'CS2108', 'AY 16/17 Sem 1');
INSERT INTO studentPlans VALUES('D2000044B', TRUE, 'CS2101', 'AY 16/17 Sem 1');
INSERT INTO studentPlans VALUES('D2000044B', FALSE, 'CS2281', 'AY 16/17 Sem 2');
INSERT INTO studentPlans VALUES('D2000044B', FALSE, 'CS2103T', 'AY 16/17 Sem 2');
INSERT INTO studentPlans VALUES('D2000044B', FALSE, 'CS2105', 'AY 16/17 Sem 2');
INSERT INTO studentPlans VALUES('D2000044B', FALSE, 'CS2106', 'AY 16/17 Sem 2');
INSERT INTO studentPlans VALUES('D2000044B', FALSE, 'CS2010', 'AY 16/17 Sem 2');
INSERT INTO studentPlans VALUES('D2000044B', FALSE, 'CS3230', 'AY 17/18 Sem 1');
INSERT INTO studentPlans VALUES('D2000044B', FALSE, 'CP3108A', 'AY 17/18 Sem 1');
INSERT INTO studentPlans VALUES('D2000044B', FALSE, 'CS3242', 'AY 17/18 Sem 1');
INSERT INTO studentPlans VALUES('D2000044B', FALSE, 'CS3225', 'AY 17/18 Sem 1');
INSERT INTO studentPlans VALUES('D2000044B', FALSE, 'CS3210', 'AY 17/18 Sem 1');
INSERT INTO studentPlans VALUES('D2000044B', FALSE, 'CS3882', 'AY 17/18 Sem 2');
INSERT INTO studentPlans VALUES('D2000044B', FALSE, 'CP3101', 'AY 17/18 Sem 2');
INSERT INTO studentPlans VALUES('D2000044B', FALSE, 'CS3205', 'AY 17/18 Sem 2');
INSERT INTO studentPlans VALUES('D2000044B', FALSE, 'CS3271', 'AY 17/18 Sem 2');
INSERT INTO studentPlans VALUES('D2000044B', FALSE, 'CP3106', 'AY 17/18 Sem 2');

INSERT INTO student VALUES('D2000045B', 2);
INSERT INTO takesFocusArea VALUES('D2000045B', 'Algorithms & Theory', NULL);
INSERT INTO studentPlans VALUES('D2000045B', TRUE, 'CS2100', 'AY 16/17 Sem 1');
INSERT INTO studentPlans VALUES('D2000045B', TRUE, 'CS2102', 'AY 16/17 Sem 1');
INSERT INTO studentPlans VALUES('D2000045B', TRUE, 'CS2104', 'AY 16/17 Sem 1');
INSERT INTO studentPlans VALUES('D2000045B', TRUE, 'CS2108', 'AY 16/17 Sem 1');
INSERT INTO studentPlans VALUES('D2000045B', TRUE, 'CS2107', 'AY 16/17 Sem 1');
INSERT INTO studentPlans VALUES('D2000045B', FALSE, 'CS2309', 'AY 16/17 Sem 2');
INSERT INTO studentPlans VALUES('D2000045B', FALSE, 'CS2220', 'AY 16/17 Sem 2');
INSERT INTO studentPlans VALUES('D2000045B', FALSE, 'IT2002', 'AY 16/17 Sem 2');
INSERT INTO studentPlans VALUES('D2000045B', FALSE, 'CG2271', 'AY 16/17 Sem 2');
INSERT INTO studentPlans VALUES('D2000045B', FALSE, 'CS2101', 'AY 16/17 Sem 2');
INSERT INTO studentPlans VALUES('D2000045B', FALSE, 'CP3201', 'AY 17/18 Sem 1');
INSERT INTO studentPlans VALUES('D2000045B', FALSE, 'CS3284', 'AY 17/18 Sem 1');
INSERT INTO studentPlans VALUES('D2000045B', FALSE, 'CS3220', 'AY 17/18 Sem 1');
INSERT INTO studentPlans VALUES('D2000045B', FALSE, 'CS3215', 'AY 17/18 Sem 1');
INSERT INTO studentPlans VALUES('D2000045B', FALSE, 'CS3242', 'AY 17/18 Sem 1');
INSERT INTO studentPlans VALUES('D2000045B', FALSE, 'CS3213', 'AY 17/18 Sem 2');
INSERT INTO studentPlans VALUES('D2000045B', FALSE, 'CS3283', 'AY 17/18 Sem 2');
INSERT INTO studentPlans VALUES('D2000045B', FALSE, 'CS3226', 'AY 17/18 Sem 2');
INSERT INTO studentPlans VALUES('D2000045B', FALSE, 'CS3217', 'AY 17/18 Sem 2');
INSERT INTO studentPlans VALUES('D2000045B', FALSE, 'CP3108B', 'AY 17/18 Sem 2');

INSERT INTO student VALUES('D2000046B', 2);
INSERT INTO takesFocusArea VALUES('D2000046B', 'Programming Languages', NULL);
INSERT INTO studentPlans VALUES('D2000046B', TRUE, 'CS2309', 'AY 16/17 Sem 1');
INSERT INTO studentPlans VALUES('D2000046B', TRUE, 'CS2104', 'AY 16/17 Sem 1');
INSERT INTO studentPlans VALUES('D2000046B', TRUE, 'IT2001', 'AY 16/17 Sem 1');
INSERT INTO studentPlans VALUES('D2000046B', TRUE, 'CS2103T', 'AY 16/17 Sem 1');
INSERT INTO studentPlans VALUES('D2000046B', TRUE, 'CS2281', 'AY 16/17 Sem 1');
INSERT INTO studentPlans VALUES('D2000046B', FALSE, 'CS2107', 'AY 16/17 Sem 2');
INSERT INTO studentPlans VALUES('D2000046B', FALSE, 'IT2002', 'AY 16/17 Sem 2');
INSERT INTO studentPlans VALUES('D2000046B', FALSE, 'CS2220', 'AY 16/17 Sem 2');
INSERT INTO studentPlans VALUES('D2000046B', FALSE, 'CS2102', 'AY 16/17 Sem 2');
INSERT INTO studentPlans VALUES('D2000046B', FALSE, 'CS2105', 'AY 16/17 Sem 2');
INSERT INTO studentPlans VALUES('D2000046B', FALSE, 'CP3209', 'AY 17/18 Sem 1');
INSERT INTO studentPlans VALUES('D2000046B', FALSE, 'CP3101C', 'AY 17/18 Sem 1');
INSERT INTO studentPlans VALUES('D2000046B', FALSE, 'CS3205', 'AY 17/18 Sem 1');
INSERT INTO studentPlans VALUES('D2000046B', FALSE, 'CP3201', 'AY 17/18 Sem 1');
INSERT INTO studentPlans VALUES('D2000046B', FALSE, 'CS3240', 'AY 17/18 Sem 1');
INSERT INTO studentPlans VALUES('D2000046B', FALSE, 'CS3247', 'AY 17/18 Sem 2');
INSERT INTO studentPlans VALUES('D2000046B', FALSE, 'CS3244', 'AY 17/18 Sem 2');
INSERT INTO studentPlans VALUES('D2000046B', FALSE, 'CG3204L', 'AY 17/18 Sem 2');
INSERT INTO studentPlans VALUES('D2000046B', FALSE, 'CS3284', 'AY 17/18 Sem 2');
INSERT INTO studentPlans VALUES('D2000046B', FALSE, 'CS3236', 'AY 17/18 Sem 2');

INSERT INTO student VALUES('D2000047B', 2);
INSERT INTO takesFocusArea VALUES('D2000047B', 'Software Engineering', NULL);
INSERT INTO studentPlans VALUES('D2000047B', TRUE, 'CS2271', 'AY 16/17 Sem 1');
INSERT INTO studentPlans VALUES('D2000047B', TRUE, 'CS2220', 'AY 16/17 Sem 1');
INSERT INTO studentPlans VALUES('D2000047B', TRUE, 'CS2309', 'AY 16/17 Sem 1');
INSERT INTO studentPlans VALUES('D2000047B', TRUE, 'IT2001', 'AY 16/17 Sem 1');
INSERT INTO studentPlans VALUES('D2000047B', TRUE, 'CP2201', 'AY 16/17 Sem 1');
INSERT INTO studentPlans VALUES('D2000047B', FALSE, 'CS2281', 'AY 16/17 Sem 2');
INSERT INTO studentPlans VALUES('D2000047B', FALSE, 'CS2108', 'AY 16/17 Sem 2');
INSERT INTO studentPlans VALUES('D2000047B', FALSE, 'CS2020', 'AY 16/17 Sem 2');
INSERT INTO studentPlans VALUES('D2000047B', FALSE, 'CS2106', 'AY 16/17 Sem 2');
INSERT INTO studentPlans VALUES('D2000047B', FALSE, 'CS2103T', 'AY 16/17 Sem 2');
INSERT INTO studentPlans VALUES('D2000047B', FALSE, 'CS3282', 'AY 17/18 Sem 1');
INSERT INTO studentPlans VALUES('D2000047B', FALSE, 'CS3226', 'AY 17/18 Sem 1');
INSERT INTO studentPlans VALUES('D2000047B', FALSE, 'CS3215', 'AY 17/18 Sem 1');
INSERT INTO studentPlans VALUES('D2000047B', FALSE, 'CS3235', 'AY 17/18 Sem 1');
INSERT INTO studentPlans VALUES('D2000047B', FALSE, 'CS3219', 'AY 17/18 Sem 1');
INSERT INTO studentPlans VALUES('D2000047B', FALSE, 'CS3247', 'AY 17/18 Sem 2');
INSERT INTO studentPlans VALUES('D2000047B', FALSE, 'CG3002', 'AY 17/18 Sem 2');
INSERT INTO studentPlans VALUES('D2000047B', FALSE, 'CG3204L', 'AY 17/18 Sem 2');
INSERT INTO studentPlans VALUES('D2000047B', FALSE, 'CS3343', 'AY 17/18 Sem 2');
INSERT INTO studentPlans VALUES('D2000047B', FALSE, 'CS3233', 'AY 17/18 Sem 2');

INSERT INTO student VALUES('D2000048B', 2);
INSERT INTO takesFocusArea VALUES('D2000048B', 'Multimedia Information Retrieval', NULL);
INSERT INTO studentPlans VALUES('D2000048B', TRUE, 'CS2104', 'AY 16/17 Sem 1');
INSERT INTO studentPlans VALUES('D2000048B', TRUE, 'CS2271', 'AY 16/17 Sem 1');
INSERT INTO studentPlans VALUES('D2000048B', TRUE, 'CS2103T', 'AY 16/17 Sem 1');
INSERT INTO studentPlans VALUES('D2000048B', TRUE, 'CS2010', 'AY 16/17 Sem 1');
INSERT INTO studentPlans VALUES('D2000048B', TRUE, 'CS2309', 'AY 16/17 Sem 1');
INSERT INTO studentPlans VALUES('D2000048B', FALSE, 'CS2105', 'AY 16/17 Sem 2');
INSERT INTO studentPlans VALUES('D2000048B', FALSE, 'CS2107', 'AY 16/17 Sem 2');
INSERT INTO studentPlans VALUES('D2000048B', FALSE, 'CS2101', 'AY 16/17 Sem 2');
INSERT INTO studentPlans VALUES('D2000048B', FALSE, 'CG2271', 'AY 16/17 Sem 2');
INSERT INTO studentPlans VALUES('D2000048B', FALSE, 'CS2108', 'AY 16/17 Sem 2');
INSERT INTO studentPlans VALUES('D2000048B', FALSE, 'CP3108B', 'AY 17/18 Sem 1');
INSERT INTO studentPlans VALUES('D2000048B', FALSE, 'CS3225', 'AY 17/18 Sem 1');
INSERT INTO studentPlans VALUES('D2000048B', FALSE, 'CS3242', 'AY 17/18 Sem 1');
INSERT INTO studentPlans VALUES('D2000048B', FALSE, 'CP3101C', 'AY 17/18 Sem 1');
INSERT INTO studentPlans VALUES('D2000048B', FALSE, 'CP3106', 'AY 17/18 Sem 1');
INSERT INTO studentPlans VALUES('D2000048B', FALSE, 'CS3241', 'AY 17/18 Sem 2');
INSERT INTO studentPlans VALUES('D2000048B', FALSE, 'CS3243', 'AY 17/18 Sem 2');
INSERT INTO studentPlans VALUES('D2000048B', FALSE, 'CS3283', 'AY 17/18 Sem 2');
INSERT INTO studentPlans VALUES('D2000048B', FALSE, 'CS3103L', 'AY 17/18 Sem 2');
INSERT INTO studentPlans VALUES('D2000048B', FALSE, 'CS3220', 'AY 17/18 Sem 2');

INSERT INTO student VALUES('D2000049B', 2);
INSERT INTO takesFocusArea VALUES('D2000049B', 'Networking and Distributed Systems', NULL);
INSERT INTO studentPlans VALUES('D2000049B', TRUE, 'CS2103', 'AY 16/17 Sem 1');
INSERT INTO studentPlans VALUES('D2000049B', TRUE, 'CS2104', 'AY 16/17 Sem 1');
INSERT INTO studentPlans VALUES('D2000049B', TRUE, 'IT2001', 'AY 16/17 Sem 1');
INSERT INTO studentPlans VALUES('D2000049B', TRUE, 'CG2271', 'AY 16/17 Sem 1');
INSERT INTO studentPlans VALUES('D2000049B', TRUE, 'CS2102', 'AY 16/17 Sem 1');
INSERT INTO studentPlans VALUES('D2000049B', FALSE, 'CS2309', 'AY 16/17 Sem 2');
INSERT INTO studentPlans VALUES('D2000049B', FALSE, 'CS2271', 'AY 16/17 Sem 2');
INSERT INTO studentPlans VALUES('D2000049B', FALSE, 'CS2020', 'AY 16/17 Sem 2');
INSERT INTO studentPlans VALUES('D2000049B', FALSE, 'CS2220', 'AY 16/17 Sem 2');
INSERT INTO studentPlans VALUES('D2000049B', FALSE, 'CS2281', 'AY 16/17 Sem 2');
INSERT INTO studentPlans VALUES('D2000049B', FALSE, 'CS3223', 'AY 17/18 Sem 1');
INSERT INTO studentPlans VALUES('D2000049B', FALSE, 'CP3880', 'AY 17/18 Sem 1');
INSERT INTO studentPlans VALUES('D2000049B', FALSE, 'CP3101', 'AY 17/18 Sem 1');
INSERT INTO studentPlans VALUES('D2000049B', FALSE, 'CS3271', 'AY 17/18 Sem 1');
INSERT INTO studentPlans VALUES('D2000049B', FALSE, 'CS3283', 'AY 17/18 Sem 1');
INSERT INTO studentPlans VALUES('D2000049B', FALSE, 'CS3226', 'AY 17/18 Sem 2');
INSERT INTO studentPlans VALUES('D2000049B', FALSE, 'CS3882', 'AY 17/18 Sem 2');
INSERT INTO studentPlans VALUES('D2000049B', FALSE, 'CS3249', 'AY 17/18 Sem 2');
INSERT INTO studentPlans VALUES('D2000049B', FALSE, 'CS3244', 'AY 17/18 Sem 2');
INSERT INTO studentPlans VALUES('D2000049B', FALSE, 'CS3241', 'AY 17/18 Sem 2');

INSERT INTO student VALUES('D2000050B', 2);
INSERT INTO takesFocusArea VALUES('D2000050B', 'Database Systems', NULL);
INSERT INTO studentPlans VALUES('D2000050B', TRUE, 'IT2001', 'AY 16/17 Sem 1');
INSERT INTO studentPlans VALUES('D2000050B', TRUE, 'CS2105', 'AY 16/17 Sem 1');
INSERT INTO studentPlans VALUES('D2000050B', TRUE, 'CS2108', 'AY 16/17 Sem 1');
INSERT INTO studentPlans VALUES('D2000050B', TRUE, 'CS2102', 'AY 16/17 Sem 1');
INSERT INTO studentPlans VALUES('D2000050B', TRUE, 'CP2201', 'AY 16/17 Sem 1');
INSERT INTO studentPlans VALUES('D2000050B', FALSE, 'CS2220', 'AY 16/17 Sem 2');
INSERT INTO studentPlans VALUES('D2000050B', FALSE, 'IT2002', 'AY 16/17 Sem 2');
INSERT INTO studentPlans VALUES('D2000050B', FALSE, 'CS2281', 'AY 16/17 Sem 2');
INSERT INTO studentPlans VALUES('D2000050B', FALSE, 'CS2309', 'AY 16/17 Sem 2');
INSERT INTO studentPlans VALUES('D2000050B', FALSE, 'CS2104', 'AY 16/17 Sem 2');
INSERT INTO studentPlans VALUES('D2000050B', FALSE, 'CS3882', 'AY 17/18 Sem 1');
INSERT INTO studentPlans VALUES('D2000050B', FALSE, 'CS3225', 'AY 17/18 Sem 1');
INSERT INTO studentPlans VALUES('D2000050B', FALSE, 'CS3210', 'AY 17/18 Sem 1');
INSERT INTO studentPlans VALUES('D2000050B', FALSE, 'CP3101A', 'AY 17/18 Sem 1');
INSERT INTO studentPlans VALUES('D2000050B', FALSE, 'CG3204L', 'AY 17/18 Sem 1');
INSERT INTO studentPlans VALUES('D2000050B', FALSE, 'CS3202', 'AY 17/18 Sem 2');
INSERT INTO studentPlans VALUES('D2000050B', FALSE, 'CS3103', 'AY 17/18 Sem 2');
INSERT INTO studentPlans VALUES('D2000050B', FALSE, 'CS3219', 'AY 17/18 Sem 2');
INSERT INTO studentPlans VALUES('D2000050B', FALSE, 'CP3106', 'AY 17/18 Sem 2');
INSERT INTO studentPlans VALUES('D2000050B', FALSE, 'CS3205', 'AY 17/18 Sem 2');

INSERT INTO student VALUES('D2000051B', 2);
INSERT INTO takesFocusArea VALUES('D2000051B', 'Parallel Computing', NULL);
INSERT INTO studentPlans VALUES('D2000051B', TRUE, 'CS2103', 'AY 16/17 Sem 1');
INSERT INTO studentPlans VALUES('D2000051B', TRUE, 'CS2102', 'AY 16/17 Sem 1');
INSERT INTO studentPlans VALUES('D2000051B', TRUE, 'CS2100', 'AY 16/17 Sem 1');
INSERT INTO studentPlans VALUES('D2000051B', TRUE, 'CS2106', 'AY 16/17 Sem 1');
INSERT INTO studentPlans VALUES('D2000051B', TRUE, 'CS2101', 'AY 16/17 Sem 1');
INSERT INTO studentPlans VALUES('D2000051B', FALSE, 'CS2105', 'AY 16/17 Sem 2');
INSERT INTO studentPlans VALUES('D2000051B', FALSE, 'CS2010', 'AY 16/17 Sem 2');
INSERT INTO studentPlans VALUES('D2000051B', FALSE, 'CS2220', 'AY 16/17 Sem 2');
INSERT INTO studentPlans VALUES('D2000051B', FALSE, 'CS2309', 'AY 16/17 Sem 2');
INSERT INTO studentPlans VALUES('D2000051B', FALSE, 'CS2104', 'AY 16/17 Sem 2');
INSERT INTO studentPlans VALUES('D2000051B', FALSE, 'CP3202', 'AY 17/18 Sem 1');
INSERT INTO studentPlans VALUES('D2000051B', FALSE, 'CS3283', 'AY 17/18 Sem 1');
INSERT INTO studentPlans VALUES('D2000051B', FALSE, 'CS3282', 'AY 17/18 Sem 1');
INSERT INTO studentPlans VALUES('D2000051B', FALSE, 'CS3221', 'AY 17/18 Sem 1');
INSERT INTO studentPlans VALUES('D2000051B', FALSE, 'CS3240', 'AY 17/18 Sem 1');
INSERT INTO studentPlans VALUES('D2000051B', FALSE, 'CP3201', 'AY 17/18 Sem 2');
INSERT INTO studentPlans VALUES('D2000051B', FALSE, 'CP3880', 'AY 17/18 Sem 2');
INSERT INTO studentPlans VALUES('D2000051B', FALSE, 'CS3217', 'AY 17/18 Sem 2');
INSERT INTO studentPlans VALUES('D2000051B', FALSE, 'CG3002', 'AY 17/18 Sem 2');
INSERT INTO studentPlans VALUES('D2000051B', FALSE, 'CS3212', 'AY 17/18 Sem 2');

INSERT INTO student VALUES('D2000052B', 2);
INSERT INTO takesFocusArea VALUES('D2000052B', 'Artificial Intelligence', NULL);
INSERT INTO studentPlans VALUES('D2000052B', TRUE, 'CS2103', 'AY 16/17 Sem 1');
INSERT INTO studentPlans VALUES('D2000052B', TRUE, 'CS2100', 'AY 16/17 Sem 1');
INSERT INTO studentPlans VALUES('D2000052B', TRUE, 'CS2101', 'AY 16/17 Sem 1');
INSERT INTO studentPlans VALUES('D2000052B', TRUE, 'IT2001', 'AY 16/17 Sem 1');
INSERT INTO studentPlans VALUES('D2000052B', TRUE, 'IT2002', 'AY 16/17 Sem 1');
INSERT INTO studentPlans VALUES('D2000052B', FALSE, 'CS2010', 'AY 16/17 Sem 2');
INSERT INTO studentPlans VALUES('D2000052B', FALSE, 'CS2104', 'AY 16/17 Sem 2');
INSERT INTO studentPlans VALUES('D2000052B', FALSE, 'CS2103T', 'AY 16/17 Sem 2');
INSERT INTO studentPlans VALUES('D2000052B', FALSE, 'CS2020', 'AY 16/17 Sem 2');
INSERT INTO studentPlans VALUES('D2000052B', FALSE, 'CS2220', 'AY 16/17 Sem 2');
INSERT INTO studentPlans VALUES('D2000052B', FALSE, 'CS3103', 'AY 17/18 Sem 1');
INSERT INTO studentPlans VALUES('D2000052B', FALSE, 'CS3103L', 'AY 17/18 Sem 1');
INSERT INTO studentPlans VALUES('D2000052B', FALSE, 'CS3225', 'AY 17/18 Sem 1');
INSERT INTO studentPlans VALUES('D2000052B', FALSE, 'CS3211', 'AY 17/18 Sem 1');
INSERT INTO studentPlans VALUES('D2000052B', FALSE, 'CS3247', 'AY 17/18 Sem 1');
INSERT INTO studentPlans VALUES('D2000052B', FALSE, 'CS3217', 'AY 17/18 Sem 2');
INSERT INTO studentPlans VALUES('D2000052B', FALSE, 'CS3219', 'AY 17/18 Sem 2');
INSERT INTO studentPlans VALUES('D2000052B', FALSE, 'CS3213', 'AY 17/18 Sem 2');
INSERT INTO studentPlans VALUES('D2000052B', FALSE, 'CP3881', 'AY 17/18 Sem 2');
INSERT INTO studentPlans VALUES('D2000052B', FALSE, 'CS3284', 'AY 17/18 Sem 2');

INSERT INTO student VALUES('D2000053B', 2);
INSERT INTO takesFocusArea VALUES('D2000053B', 'Programming Languages', NULL);
INSERT INTO studentPlans VALUES('D2000053B', TRUE, 'CS2105', 'AY 16/17 Sem 1');
INSERT INTO studentPlans VALUES('D2000053B', TRUE, 'CS2106', 'AY 16/17 Sem 1');
INSERT INTO studentPlans VALUES('D2000053B', TRUE, 'IT2001', 'AY 16/17 Sem 1');
INSERT INTO studentPlans VALUES('D2000053B', TRUE, 'CS2101', 'AY 16/17 Sem 1');
INSERT INTO studentPlans VALUES('D2000053B', TRUE, 'CS2020', 'AY 16/17 Sem 1');
INSERT INTO studentPlans VALUES('D2000053B', FALSE, 'CS2100', 'AY 16/17 Sem 2');
INSERT INTO studentPlans VALUES('D2000053B', FALSE, 'CS2281', 'AY 16/17 Sem 2');
INSERT INTO studentPlans VALUES('D2000053B', FALSE, 'IT2002', 'AY 16/17 Sem 2');
INSERT INTO studentPlans VALUES('D2000053B', FALSE, 'CP2201', 'AY 16/17 Sem 2');
INSERT INTO studentPlans VALUES('D2000053B', FALSE, 'CS2102', 'AY 16/17 Sem 2');
INSERT INTO studentPlans VALUES('D2000053B', FALSE, 'CS3282', 'AY 17/18 Sem 1');
INSERT INTO studentPlans VALUES('D2000053B', FALSE, 'CS3217', 'AY 17/18 Sem 1');
INSERT INTO studentPlans VALUES('D2000053B', FALSE, 'CS3283', 'AY 17/18 Sem 1');
INSERT INTO studentPlans VALUES('D2000053B', FALSE, 'CS3218', 'AY 17/18 Sem 1');
INSERT INTO studentPlans VALUES('D2000053B', FALSE, 'CP3108B', 'AY 17/18 Sem 1');
INSERT INTO studentPlans VALUES('D2000053B', FALSE, 'CS3233', 'AY 17/18 Sem 2');
INSERT INTO studentPlans VALUES('D2000053B', FALSE, 'CS3242', 'AY 17/18 Sem 2');
INSERT INTO studentPlans VALUES('D2000053B', FALSE, 'CS3281', 'AY 17/18 Sem 2');
INSERT INTO studentPlans VALUES('D2000053B', FALSE, 'CP3108A', 'AY 17/18 Sem 2');
INSERT INTO studentPlans VALUES('D2000053B', FALSE, 'CP3208', 'AY 17/18 Sem 2');

INSERT INTO student VALUES('D2000054B', 2);
INSERT INTO takesFocusArea VALUES('D2000054B', 'Interactive Media', NULL);
INSERT INTO studentPlans VALUES('D2000054B', TRUE, 'CS2107', 'AY 16/17 Sem 1');
INSERT INTO studentPlans VALUES('D2000054B', TRUE, 'CS2100', 'AY 16/17 Sem 1');
INSERT INTO studentPlans VALUES('D2000054B', TRUE, 'CS2103', 'AY 16/17 Sem 1');
INSERT INTO studentPlans VALUES('D2000054B', TRUE, 'CS2102', 'AY 16/17 Sem 1');
INSERT INTO studentPlans VALUES('D2000054B', TRUE, 'CS2103T', 'AY 16/17 Sem 1');
INSERT INTO studentPlans VALUES('D2000054B', FALSE, 'CS2010', 'AY 16/17 Sem 2');
INSERT INTO studentPlans VALUES('D2000054B', FALSE, 'CS2271', 'AY 16/17 Sem 2');
INSERT INTO studentPlans VALUES('D2000054B', FALSE, 'CS2281', 'AY 16/17 Sem 2');
INSERT INTO studentPlans VALUES('D2000054B', FALSE, 'CS2106', 'AY 16/17 Sem 2');
INSERT INTO studentPlans VALUES('D2000054B', FALSE, 'CS2105', 'AY 16/17 Sem 2');
INSERT INTO studentPlans VALUES('D2000054B', FALSE, 'CS3217', 'AY 17/18 Sem 1');
INSERT INTO studentPlans VALUES('D2000054B', FALSE, 'CS3343', 'AY 17/18 Sem 1');
INSERT INTO studentPlans VALUES('D2000054B', FALSE, 'CS3284', 'AY 17/18 Sem 1');
INSERT INTO studentPlans VALUES('D2000054B', FALSE, 'CP3209', 'AY 17/18 Sem 1');
INSERT INTO studentPlans VALUES('D2000054B', FALSE, 'CP3106', 'AY 17/18 Sem 1');
INSERT INTO studentPlans VALUES('D2000054B', FALSE, 'CS3245', 'AY 17/18 Sem 2');
INSERT INTO studentPlans VALUES('D2000054B', FALSE, 'CP3200', 'AY 17/18 Sem 2');
INSERT INTO studentPlans VALUES('D2000054B', FALSE, 'CP3880', 'AY 17/18 Sem 2');
INSERT INTO studentPlans VALUES('D2000054B', FALSE, 'CS3220', 'AY 17/18 Sem 2');
INSERT INTO studentPlans VALUES('D2000054B', FALSE, 'CS3247', 'AY 17/18 Sem 2');

INSERT INTO student VALUES('D2000055B', 2);
INSERT INTO takesFocusArea VALUES('D2000055B', 'Software Engineering', NULL);
INSERT INTO studentPlans VALUES('D2000055B', TRUE, 'CS2309', 'AY 16/17 Sem 1');
INSERT INTO studentPlans VALUES('D2000055B', TRUE, 'CS2010', 'AY 16/17 Sem 1');
INSERT INTO studentPlans VALUES('D2000055B', TRUE, 'CS2105', 'AY 16/17 Sem 1');
INSERT INTO studentPlans VALUES('D2000055B', TRUE, 'CS2106', 'AY 16/17 Sem 1');
INSERT INTO studentPlans VALUES('D2000055B', TRUE, 'CS2101', 'AY 16/17 Sem 1');
INSERT INTO studentPlans VALUES('D2000055B', FALSE, 'CS2108', 'AY 16/17 Sem 2');
INSERT INTO studentPlans VALUES('D2000055B', FALSE, 'CS2103T', 'AY 16/17 Sem 2');
INSERT INTO studentPlans VALUES('D2000055B', FALSE, 'CP2201', 'AY 16/17 Sem 2');
INSERT INTO studentPlans VALUES('D2000055B', FALSE, 'CG2271', 'AY 16/17 Sem 2');
INSERT INTO studentPlans VALUES('D2000055B', FALSE, 'CS2281', 'AY 16/17 Sem 2');
INSERT INTO studentPlans VALUES('D2000055B', FALSE, 'CS3103L', 'AY 17/18 Sem 1');
INSERT INTO studentPlans VALUES('D2000055B', FALSE, 'CS3343', 'AY 17/18 Sem 1');
INSERT INTO studentPlans VALUES('D2000055B', FALSE, 'CS3271', 'AY 17/18 Sem 1');
INSERT INTO studentPlans VALUES('D2000055B', FALSE, 'CP3209', 'AY 17/18 Sem 1');
INSERT INTO studentPlans VALUES('D2000055B', FALSE, 'CP3881', 'AY 17/18 Sem 1');
INSERT INTO studentPlans VALUES('D2000055B', FALSE, 'CP3106', 'AY 17/18 Sem 2');
INSERT INTO studentPlans VALUES('D2000055B', FALSE, 'CS3246', 'AY 17/18 Sem 2');
INSERT INTO studentPlans VALUES('D2000055B', FALSE, 'CS3211', 'AY 17/18 Sem 2');
INSERT INTO studentPlans VALUES('D2000055B', FALSE, 'CS3236', 'AY 17/18 Sem 2');
INSERT INTO studentPlans VALUES('D2000055B', FALSE, 'CS3235', 'AY 17/18 Sem 2');

INSERT INTO student VALUES('D2000056B', 2);
INSERT INTO takesFocusArea VALUES('D2000056B', 'Parallel Computing', NULL);
INSERT INTO studentPlans VALUES('D2000056B', TRUE, 'CP2201', 'AY 16/17 Sem 1');
INSERT INTO studentPlans VALUES('D2000056B', TRUE, 'CS2220', 'AY 16/17 Sem 1');
INSERT INTO studentPlans VALUES('D2000056B', TRUE, 'IT2002', 'AY 16/17 Sem 1');
INSERT INTO studentPlans VALUES('D2000056B', TRUE, 'CS2309', 'AY 16/17 Sem 1');
INSERT INTO studentPlans VALUES('D2000056B', TRUE, 'CS2102', 'AY 16/17 Sem 1');
INSERT INTO studentPlans VALUES('D2000056B', FALSE, 'CS2271', 'AY 16/17 Sem 2');
INSERT INTO studentPlans VALUES('D2000056B', FALSE, 'IT2001', 'AY 16/17 Sem 2');
INSERT INTO studentPlans VALUES('D2000056B', FALSE, 'CS2010', 'AY 16/17 Sem 2');
INSERT INTO studentPlans VALUES('D2000056B', FALSE, 'CS2105', 'AY 16/17 Sem 2');
INSERT INTO studentPlans VALUES('D2000056B', FALSE, 'CS2100', 'AY 16/17 Sem 2');
INSERT INTO studentPlans VALUES('D2000056B', FALSE, 'CS3234', 'AY 17/18 Sem 1');
INSERT INTO studentPlans VALUES('D2000056B', FALSE, 'CP3101', 'AY 17/18 Sem 1');
INSERT INTO studentPlans VALUES('D2000056B', FALSE, 'CS3245', 'AY 17/18 Sem 1');
INSERT INTO studentPlans VALUES('D2000056B', FALSE, 'CS3282', 'AY 17/18 Sem 1');
INSERT INTO studentPlans VALUES('D2000056B', FALSE, 'CS3241', 'AY 17/18 Sem 1');
INSERT INTO studentPlans VALUES('D2000056B', FALSE, 'CG3002', 'AY 17/18 Sem 2');
INSERT INTO studentPlans VALUES('D2000056B', FALSE, 'CP3202', 'AY 17/18 Sem 2');
INSERT INTO studentPlans VALUES('D2000056B', FALSE, 'CS3233', 'AY 17/18 Sem 2');
INSERT INTO studentPlans VALUES('D2000056B', FALSE, 'CS3213', 'AY 17/18 Sem 2');
INSERT INTO studentPlans VALUES('D2000056B', FALSE, 'CS3215', 'AY 17/18 Sem 2');

INSERT INTO student VALUES('D2000057B', 2);
INSERT INTO takesFocusArea VALUES('D2000057B', 'Programming Languages', NULL);
INSERT INTO studentPlans VALUES('D2000057B', TRUE, 'CS2106', 'AY 16/17 Sem 1');
INSERT INTO studentPlans VALUES('D2000057B', TRUE, 'CS2104', 'AY 16/17 Sem 1');
INSERT INTO studentPlans VALUES('D2000057B', TRUE, 'CS2281', 'AY 16/17 Sem 1');
INSERT INTO studentPlans VALUES('D2000057B', TRUE, 'CS2271', 'AY 16/17 Sem 1');
INSERT INTO studentPlans VALUES('D2000057B', TRUE, 'CS2020', 'AY 16/17 Sem 1');
INSERT INTO studentPlans VALUES('D2000057B', FALSE, 'CS2107', 'AY 16/17 Sem 2');
INSERT INTO studentPlans VALUES('D2000057B', FALSE, 'IT2002', 'AY 16/17 Sem 2');
INSERT INTO studentPlans VALUES('D2000057B', FALSE, 'CS2220', 'AY 16/17 Sem 2');
INSERT INTO studentPlans VALUES('D2000057B', FALSE, 'CS2103', 'AY 16/17 Sem 2');
INSERT INTO studentPlans VALUES('D2000057B', FALSE, 'IT2001', 'AY 16/17 Sem 2');
INSERT INTO studentPlans VALUES('D2000057B', FALSE, 'CS3244', 'AY 17/18 Sem 1');
INSERT INTO studentPlans VALUES('D2000057B', FALSE, 'CP3108B', 'AY 17/18 Sem 1');
INSERT INTO studentPlans VALUES('D2000057B', FALSE, 'CP3208', 'AY 17/18 Sem 1');
INSERT INTO studentPlans VALUES('D2000057B', FALSE, 'CS3212', 'AY 17/18 Sem 1');
INSERT INTO studentPlans VALUES('D2000057B', FALSE, 'CS3271', 'AY 17/18 Sem 1');
INSERT INTO studentPlans VALUES('D2000057B', FALSE, 'CS3343', 'AY 17/18 Sem 2');
INSERT INTO studentPlans VALUES('D2000057B', FALSE, 'CS3243', 'AY 17/18 Sem 2');
INSERT INTO studentPlans VALUES('D2000057B', FALSE, 'CP3881', 'AY 17/18 Sem 2');
INSERT INTO studentPlans VALUES('D2000057B', FALSE, 'CS3282', 'AY 17/18 Sem 2');
INSERT INTO studentPlans VALUES('D2000057B', FALSE, 'CS3103', 'AY 17/18 Sem 2');

INSERT INTO student VALUES('D2000058B', 2);
INSERT INTO takesFocusArea VALUES('D2000058B', 'Parallel Computing', NULL);
INSERT INTO studentPlans VALUES('D2000058B', TRUE, 'CS2104', 'AY 16/17 Sem 1');
INSERT INTO studentPlans VALUES('D2000058B', TRUE, 'CS2107', 'AY 16/17 Sem 1');
INSERT INTO studentPlans VALUES('D2000058B', TRUE, 'IT2002', 'AY 16/17 Sem 1');
INSERT INTO studentPlans VALUES('D2000058B', TRUE, 'CS2101', 'AY 16/17 Sem 1');
INSERT INTO studentPlans VALUES('D2000058B', TRUE, 'CS2271', 'AY 16/17 Sem 1');
INSERT INTO studentPlans VALUES('D2000058B', FALSE, 'IT2001', 'AY 16/17 Sem 2');
INSERT INTO studentPlans VALUES('D2000058B', FALSE, 'CS2102', 'AY 16/17 Sem 2');
INSERT INTO studentPlans VALUES('D2000058B', FALSE, 'CS2220', 'AY 16/17 Sem 2');
INSERT INTO studentPlans VALUES('D2000058B', FALSE, 'CS2106', 'AY 16/17 Sem 2');
INSERT INTO studentPlans VALUES('D2000058B', FALSE, 'CS2010', 'AY 16/17 Sem 2');
INSERT INTO studentPlans VALUES('D2000058B', FALSE, 'CS3205', 'AY 17/18 Sem 1');
INSERT INTO studentPlans VALUES('D2000058B', FALSE, 'CS3244', 'AY 17/18 Sem 1');
INSERT INTO studentPlans VALUES('D2000058B', FALSE, 'CS3282', 'AY 17/18 Sem 1');
INSERT INTO studentPlans VALUES('D2000058B', FALSE, 'CS3247', 'AY 17/18 Sem 1');
INSERT INTO studentPlans VALUES('D2000058B', FALSE, 'CP3106', 'AY 17/18 Sem 1');
INSERT INTO studentPlans VALUES('D2000058B', FALSE, 'CS3218', 'AY 17/18 Sem 2');
INSERT INTO studentPlans VALUES('D2000058B', FALSE, 'CS3246', 'AY 17/18 Sem 2');
INSERT INTO studentPlans VALUES('D2000058B', FALSE, 'CP3108B', 'AY 17/18 Sem 2');
INSERT INTO studentPlans VALUES('D2000058B', FALSE, 'CG3204L', 'AY 17/18 Sem 2');
INSERT INTO studentPlans VALUES('D2000058B', FALSE, 'CS3243', 'AY 17/18 Sem 2');

INSERT INTO student VALUES('D2000059B', 2);
INSERT INTO takesFocusArea VALUES('D2000059B', 'Algorithms & Theory', NULL);
INSERT INTO studentPlans VALUES('D2000059B', TRUE, 'CS2281', 'AY 16/17 Sem 1');
INSERT INTO studentPlans VALUES('D2000059B', TRUE, 'CS2106', 'AY 16/17 Sem 1');
INSERT INTO studentPlans VALUES('D2000059B', TRUE, 'CP2201', 'AY 16/17 Sem 1');
INSERT INTO studentPlans VALUES('D2000059B', TRUE, 'CS2104', 'AY 16/17 Sem 1');
INSERT INTO studentPlans VALUES('D2000059B', TRUE, 'CS2020', 'AY 16/17 Sem 1');
INSERT INTO studentPlans VALUES('D2000059B', FALSE, 'CS2101', 'AY 16/17 Sem 2');
INSERT INTO studentPlans VALUES('D2000059B', FALSE, 'CS2100', 'AY 16/17 Sem 2');
INSERT INTO studentPlans VALUES('D2000059B', FALSE, 'CS2103T', 'AY 16/17 Sem 2');
INSERT INTO studentPlans VALUES('D2000059B', FALSE, 'CS2220', 'AY 16/17 Sem 2');
INSERT INTO studentPlans VALUES('D2000059B', FALSE, 'CS2103', 'AY 16/17 Sem 2');
INSERT INTO studentPlans VALUES('D2000059B', FALSE, 'CP3208', 'AY 17/18 Sem 1');
INSERT INTO studentPlans VALUES('D2000059B', FALSE, 'CS3212', 'AY 17/18 Sem 1');
INSERT INTO studentPlans VALUES('D2000059B', FALSE, 'CS3216', 'AY 17/18 Sem 1');
INSERT INTO studentPlans VALUES('D2000059B', FALSE, 'CP3108B', 'AY 17/18 Sem 1');
INSERT INTO studentPlans VALUES('D2000059B', FALSE, 'CS3247', 'AY 17/18 Sem 1');
INSERT INTO studentPlans VALUES('D2000059B', FALSE, 'CS3246', 'AY 17/18 Sem 2');
INSERT INTO studentPlans VALUES('D2000059B', FALSE, 'CG3204L', 'AY 17/18 Sem 2');
INSERT INTO studentPlans VALUES('D2000059B', FALSE, 'CS3103L', 'AY 17/18 Sem 2');
INSERT INTO studentPlans VALUES('D2000059B', FALSE, 'CP3101A', 'AY 17/18 Sem 2');
INSERT INTO studentPlans VALUES('D2000059B', FALSE, 'CS3283', 'AY 17/18 Sem 2');

INSERT INTO student VALUES('D2000060B', 2);
INSERT INTO takesFocusArea VALUES('D2000060B', 'Computer Security', NULL);
INSERT INTO studentPlans VALUES('D2000060B', TRUE, 'CS2100', 'AY 16/17 Sem 1');
INSERT INTO studentPlans VALUES('D2000060B', TRUE, 'CS2281', 'AY 16/17 Sem 1');
INSERT INTO studentPlans VALUES('D2000060B', TRUE, 'IT2001', 'AY 16/17 Sem 1');
INSERT INTO studentPlans VALUES('D2000060B', TRUE, 'CS2220', 'AY 16/17 Sem 1');
INSERT INTO studentPlans VALUES('D2000060B', TRUE, 'CS2108', 'AY 16/17 Sem 1');
INSERT INTO studentPlans VALUES('D2000060B', FALSE, 'CS2102', 'AY 16/17 Sem 2');
INSERT INTO studentPlans VALUES('D2000060B', FALSE, 'CS2271', 'AY 16/17 Sem 2');
INSERT INTO studentPlans VALUES('D2000060B', FALSE, 'CS2101', 'AY 16/17 Sem 2');
INSERT INTO studentPlans VALUES('D2000060B', FALSE, 'CS2103T', 'AY 16/17 Sem 2');
INSERT INTO studentPlans VALUES('D2000060B', FALSE, 'CS2105', 'AY 16/17 Sem 2');
INSERT INTO studentPlans VALUES('D2000060B', FALSE, 'CS3236', 'AY 17/18 Sem 1');
INSERT INTO studentPlans VALUES('D2000060B', FALSE, 'CS3242', 'AY 17/18 Sem 1');
INSERT INTO studentPlans VALUES('D2000060B', FALSE, 'CS3205', 'AY 17/18 Sem 1');
INSERT INTO studentPlans VALUES('D2000060B', FALSE, 'CS3246', 'AY 17/18 Sem 1');
INSERT INTO studentPlans VALUES('D2000060B', FALSE, 'CS3103L', 'AY 17/18 Sem 1');
INSERT INTO studentPlans VALUES('D2000060B', FALSE, 'CS3247', 'AY 17/18 Sem 2');
INSERT INTO studentPlans VALUES('D2000060B', FALSE, 'CS3218', 'AY 17/18 Sem 2');
INSERT INTO studentPlans VALUES('D2000060B', FALSE, 'CS3235', 'AY 17/18 Sem 2');
INSERT INTO studentPlans VALUES('D2000060B', FALSE, 'CS3225', 'AY 17/18 Sem 2');
INSERT INTO studentPlans VALUES('D2000060B', FALSE, 'CP3109', 'AY 17/18 Sem 2');

INSERT INTO student VALUES('D2000061B', 2);
INSERT INTO takesFocusArea VALUES('D2000061B', 'Interactive Media', NULL);
INSERT INTO studentPlans VALUES('D2000061B', TRUE, 'CS2220', 'AY 16/17 Sem 1');
INSERT INTO studentPlans VALUES('D2000061B', TRUE, 'CP2201', 'AY 16/17 Sem 1');
INSERT INTO studentPlans VALUES('D2000061B', TRUE, 'CS2101', 'AY 16/17 Sem 1');
INSERT INTO studentPlans VALUES('D2000061B', TRUE, 'CS2010', 'AY 16/17 Sem 1');
INSERT INTO studentPlans VALUES('D2000061B', TRUE, 'IT2002', 'AY 16/17 Sem 1');
INSERT INTO studentPlans VALUES('D2000061B', FALSE, 'CS2105', 'AY 16/17 Sem 2');
INSERT INTO studentPlans VALUES('D2000061B', FALSE, 'CS2108', 'AY 16/17 Sem 2');
INSERT INTO studentPlans VALUES('D2000061B', FALSE, 'CS2107', 'AY 16/17 Sem 2');
INSERT INTO studentPlans VALUES('D2000061B', FALSE, 'CS2103T', 'AY 16/17 Sem 2');
INSERT INTO studentPlans VALUES('D2000061B', FALSE, 'CS2271', 'AY 16/17 Sem 2');
INSERT INTO studentPlans VALUES('D2000061B', FALSE, 'CS3281', 'AY 17/18 Sem 1');
INSERT INTO studentPlans VALUES('D2000061B', FALSE, 'CP3101C', 'AY 17/18 Sem 1');
INSERT INTO studentPlans VALUES('D2000061B', FALSE, 'CS3240', 'AY 17/18 Sem 1');
INSERT INTO studentPlans VALUES('D2000061B', FALSE, 'CG3002', 'AY 17/18 Sem 1');
INSERT INTO studentPlans VALUES('D2000061B', FALSE, 'CP3109', 'AY 17/18 Sem 1');
INSERT INTO studentPlans VALUES('D2000061B', FALSE, 'CS3212', 'AY 17/18 Sem 2');
INSERT INTO studentPlans VALUES('D2000061B', FALSE, 'CS3282', 'AY 17/18 Sem 2');
INSERT INTO studentPlans VALUES('D2000061B', FALSE, 'CS3226', 'AY 17/18 Sem 2');
INSERT INTO studentPlans VALUES('D2000061B', FALSE, 'CS3202', 'AY 17/18 Sem 2');
INSERT INTO studentPlans VALUES('D2000061B', FALSE, 'CP3108B', 'AY 17/18 Sem 2');

INSERT INTO student VALUES('D2000062B', 2);
INSERT INTO takesFocusArea VALUES('D2000062B', 'Computer Graphics and Games', NULL);
INSERT INTO studentPlans VALUES('D2000062B', TRUE, 'CS2100', 'AY 16/17 Sem 1');
INSERT INTO studentPlans VALUES('D2000062B', TRUE, 'CS2101', 'AY 16/17 Sem 1');
INSERT INTO studentPlans VALUES('D2000062B', TRUE, 'CS2102', 'AY 16/17 Sem 1');
INSERT INTO studentPlans VALUES('D2000062B', TRUE, 'CG2271', 'AY 16/17 Sem 1');
INSERT INTO studentPlans VALUES('D2000062B', TRUE, 'CS2281', 'AY 16/17 Sem 1');
INSERT INTO studentPlans VALUES('D2000062B', FALSE, 'CS2104', 'AY 16/17 Sem 2');
INSERT INTO studentPlans VALUES('D2000062B', FALSE, 'IT2001', 'AY 16/17 Sem 2');
INSERT INTO studentPlans VALUES('D2000062B', FALSE, 'CS2271', 'AY 16/17 Sem 2');
INSERT INTO studentPlans VALUES('D2000062B', FALSE, 'CS2105', 'AY 16/17 Sem 2');
INSERT INTO studentPlans VALUES('D2000062B', FALSE, 'IT2002', 'AY 16/17 Sem 2');
INSERT INTO studentPlans VALUES('D2000062B', FALSE, 'CP3209', 'AY 17/18 Sem 1');
INSERT INTO studentPlans VALUES('D2000062B', FALSE, 'CP3101', 'AY 17/18 Sem 1');
INSERT INTO studentPlans VALUES('D2000062B', FALSE, 'CS3215', 'AY 17/18 Sem 1');
INSERT INTO studentPlans VALUES('D2000062B', FALSE, 'CS3225', 'AY 17/18 Sem 1');
INSERT INTO studentPlans VALUES('D2000062B', FALSE, 'CG3204L', 'AY 17/18 Sem 1');
INSERT INTO studentPlans VALUES('D2000062B', FALSE, 'CS3882', 'AY 17/18 Sem 2');
INSERT INTO studentPlans VALUES('D2000062B', FALSE, 'CP3208', 'AY 17/18 Sem 2');
INSERT INTO studentPlans VALUES('D2000062B', FALSE, 'CP3101A', 'AY 17/18 Sem 2');
INSERT INTO studentPlans VALUES('D2000062B', FALSE, 'CS3223', 'AY 17/18 Sem 2');
INSERT INTO studentPlans VALUES('D2000062B', FALSE, 'CS3218', 'AY 17/18 Sem 2');

INSERT INTO student VALUES('D2000063B', 2);
INSERT INTO takesFocusArea VALUES('D2000063B', 'Interactive Media', NULL);
INSERT INTO studentPlans VALUES('D2000063B', TRUE, 'CS2107', 'AY 16/17 Sem 1');
INSERT INTO studentPlans VALUES('D2000063B', TRUE, 'IT2001', 'AY 16/17 Sem 1');
INSERT INTO studentPlans VALUES('D2000063B', TRUE, 'CS2102', 'AY 16/17 Sem 1');
INSERT INTO studentPlans VALUES('D2000063B', TRUE, 'CS2010', 'AY 16/17 Sem 1');
INSERT INTO studentPlans VALUES('D2000063B', TRUE, 'CS2108', 'AY 16/17 Sem 1');
INSERT INTO studentPlans VALUES('D2000063B', FALSE, 'CS2309', 'AY 16/17 Sem 2');
INSERT INTO studentPlans VALUES('D2000063B', FALSE, 'IT2002', 'AY 16/17 Sem 2');
INSERT INTO studentPlans VALUES('D2000063B', FALSE, 'CS2105', 'AY 16/17 Sem 2');
INSERT INTO studentPlans VALUES('D2000063B', FALSE, 'CS2100', 'AY 16/17 Sem 2');
INSERT INTO studentPlans VALUES('D2000063B', FALSE, 'CS2103T', 'AY 16/17 Sem 2');
INSERT INTO studentPlans VALUES('D2000063B', FALSE, 'CS3236', 'AY 17/18 Sem 1');
INSERT INTO studentPlans VALUES('D2000063B', FALSE, 'CS3212', 'AY 17/18 Sem 1');
INSERT INTO studentPlans VALUES('D2000063B', FALSE, 'CP3106', 'AY 17/18 Sem 1');
INSERT INTO studentPlans VALUES('D2000063B', FALSE, 'CG3002', 'AY 17/18 Sem 1');
INSERT INTO studentPlans VALUES('D2000063B', FALSE, 'CP3208', 'AY 17/18 Sem 1');
INSERT INTO studentPlans VALUES('D2000063B', FALSE, 'CP3101C', 'AY 17/18 Sem 2');
INSERT INTO studentPlans VALUES('D2000063B', FALSE, 'CS3283', 'AY 17/18 Sem 2');
INSERT INTO studentPlans VALUES('D2000063B', FALSE, 'CS3103L', 'AY 17/18 Sem 2');
INSERT INTO studentPlans VALUES('D2000063B', FALSE, 'CS3234', 'AY 17/18 Sem 2');
INSERT INTO studentPlans VALUES('D2000063B', FALSE, 'CS3245', 'AY 17/18 Sem 2');

INSERT INTO student VALUES('D2000064B', 2);
INSERT INTO takesFocusArea VALUES('D2000064B', 'Parallel Computing', NULL);
INSERT INTO studentPlans VALUES('D2000064B', TRUE, 'CS2103T', 'AY 16/17 Sem 1');
INSERT INTO studentPlans VALUES('D2000064B', TRUE, 'CS2103', 'AY 16/17 Sem 1');
INSERT INTO studentPlans VALUES('D2000064B', TRUE, 'CS2102', 'AY 16/17 Sem 1');
INSERT INTO studentPlans VALUES('D2000064B', TRUE, 'CS2309', 'AY 16/17 Sem 1');
INSERT INTO studentPlans VALUES('D2000064B', TRUE, 'CS2100', 'AY 16/17 Sem 1');
INSERT INTO studentPlans VALUES('D2000064B', FALSE, 'CG2271', 'AY 16/17 Sem 2');
INSERT INTO studentPlans VALUES('D2000064B', FALSE, 'CS2106', 'AY 16/17 Sem 2');
INSERT INTO studentPlans VALUES('D2000064B', FALSE, 'CS2104', 'AY 16/17 Sem 2');
INSERT INTO studentPlans VALUES('D2000064B', FALSE, 'CS2220', 'AY 16/17 Sem 2');
INSERT INTO studentPlans VALUES('D2000064B', FALSE, 'IT2002', 'AY 16/17 Sem 2');
INSERT INTO studentPlans VALUES('D2000064B', FALSE, 'CS3271', 'AY 17/18 Sem 1');
INSERT INTO studentPlans VALUES('D2000064B', FALSE, 'CP3101C', 'AY 17/18 Sem 1');
INSERT INTO studentPlans VALUES('D2000064B', FALSE, 'CP3881', 'AY 17/18 Sem 1');
INSERT INTO studentPlans VALUES('D2000064B', FALSE, 'CS3219', 'AY 17/18 Sem 1');
INSERT INTO studentPlans VALUES('D2000064B', FALSE, 'CP3106', 'AY 17/18 Sem 1');
INSERT INTO studentPlans VALUES('D2000064B', FALSE, 'CS3284', 'AY 17/18 Sem 2');
INSERT INTO studentPlans VALUES('D2000064B', FALSE, 'CS3205', 'AY 17/18 Sem 2');
INSERT INTO studentPlans VALUES('D2000064B', FALSE, 'CS3283', 'AY 17/18 Sem 2');
INSERT INTO studentPlans VALUES('D2000064B', FALSE, 'CS3243', 'AY 17/18 Sem 2');
INSERT INTO studentPlans VALUES('D2000064B', FALSE, 'CS3103', 'AY 17/18 Sem 2');

INSERT INTO student VALUES('D2000065B', 2);
INSERT INTO takesFocusArea VALUES('D2000065B', 'Algorithms & Theory', NULL);
INSERT INTO studentPlans VALUES('D2000065B', TRUE, 'CP2201', 'AY 16/17 Sem 1');
INSERT INTO studentPlans VALUES('D2000065B', TRUE, 'CS2309', 'AY 16/17 Sem 1');
INSERT INTO studentPlans VALUES('D2000065B', TRUE, 'IT2001', 'AY 16/17 Sem 1');
INSERT INTO studentPlans VALUES('D2000065B', TRUE, 'CS2010', 'AY 16/17 Sem 1');
INSERT INTO studentPlans VALUES('D2000065B', TRUE, 'CS2271', 'AY 16/17 Sem 1');
INSERT INTO studentPlans VALUES('D2000065B', FALSE, 'CS2281', 'AY 16/17 Sem 2');
INSERT INTO studentPlans VALUES('D2000065B', FALSE, 'CS2103', 'AY 16/17 Sem 2');
INSERT INTO studentPlans VALUES('D2000065B', FALSE, 'CS2104', 'AY 16/17 Sem 2');
INSERT INTO studentPlans VALUES('D2000065B', FALSE, 'CS2220', 'AY 16/17 Sem 2');
INSERT INTO studentPlans VALUES('D2000065B', FALSE, 'CS2100', 'AY 16/17 Sem 2');
INSERT INTO studentPlans VALUES('D2000065B', FALSE, 'CS3219', 'AY 17/18 Sem 1');
INSERT INTO studentPlans VALUES('D2000065B', FALSE, 'CP3880', 'AY 17/18 Sem 1');
INSERT INTO studentPlans VALUES('D2000065B', FALSE, 'CP3108A', 'AY 17/18 Sem 1');
INSERT INTO studentPlans VALUES('D2000065B', FALSE, 'CS3245', 'AY 17/18 Sem 1');
INSERT INTO studentPlans VALUES('D2000065B', FALSE, 'CS3271', 'AY 17/18 Sem 1');
INSERT INTO studentPlans VALUES('D2000065B', FALSE, 'CS3241', 'AY 17/18 Sem 2');
INSERT INTO studentPlans VALUES('D2000065B', FALSE, 'CP3108B', 'AY 17/18 Sem 2');
INSERT INTO studentPlans VALUES('D2000065B', FALSE, 'CP3101C', 'AY 17/18 Sem 2');
INSERT INTO studentPlans VALUES('D2000065B', FALSE, 'CP3201', 'AY 17/18 Sem 2');
INSERT INTO studentPlans VALUES('D2000065B', FALSE, 'CS3230', 'AY 17/18 Sem 2');

INSERT INTO student VALUES('D2000066B', 2);
INSERT INTO takesFocusArea VALUES('D2000066B', 'Artificial Intelligence', NULL);
INSERT INTO studentPlans VALUES('D2000066B', TRUE, 'CS2309', 'AY 16/17 Sem 1');
INSERT INTO studentPlans VALUES('D2000066B', TRUE, 'CS2106', 'AY 16/17 Sem 1');
INSERT INTO studentPlans VALUES('D2000066B', TRUE, 'CG2271', 'AY 16/17 Sem 1');
INSERT INTO studentPlans VALUES('D2000066B', TRUE, 'CS2103', 'AY 16/17 Sem 1');
INSERT INTO studentPlans VALUES('D2000066B', TRUE, 'CS2103T', 'AY 16/17 Sem 1');
INSERT INTO studentPlans VALUES('D2000066B', FALSE, 'CS2101', 'AY 16/17 Sem 2');
INSERT INTO studentPlans VALUES('D2000066B', FALSE, 'CS2220', 'AY 16/17 Sem 2');
INSERT INTO studentPlans VALUES('D2000066B', FALSE, 'CS2271', 'AY 16/17 Sem 2');
INSERT INTO studentPlans VALUES('D2000066B', FALSE, 'CS2281', 'AY 16/17 Sem 2');
INSERT INTO studentPlans VALUES('D2000066B', FALSE, 'CS2102', 'AY 16/17 Sem 2');
INSERT INTO studentPlans VALUES('D2000066B', FALSE, 'CS3247', 'AY 17/18 Sem 1');
INSERT INTO studentPlans VALUES('D2000066B', FALSE, 'CS3215', 'AY 17/18 Sem 1');
INSERT INTO studentPlans VALUES('D2000066B', FALSE, 'CS3240', 'AY 17/18 Sem 1');
INSERT INTO studentPlans VALUES('D2000066B', FALSE, 'CS3213', 'AY 17/18 Sem 1');
INSERT INTO studentPlans VALUES('D2000066B', FALSE, 'CS3882', 'AY 17/18 Sem 1');
INSERT INTO studentPlans VALUES('D2000066B', FALSE, 'CP3880', 'AY 17/18 Sem 2');
INSERT INTO studentPlans VALUES('D2000066B', FALSE, 'CS3219', 'AY 17/18 Sem 2');
INSERT INTO studentPlans VALUES('D2000066B', FALSE, 'CP3109', 'AY 17/18 Sem 2');
INSERT INTO studentPlans VALUES('D2000066B', FALSE, 'CS3283', 'AY 17/18 Sem 2');
INSERT INTO studentPlans VALUES('D2000066B', FALSE, 'CP3200', 'AY 17/18 Sem 2');

INSERT INTO student VALUES('D2000067B', 2);
INSERT INTO takesFocusArea VALUES('D2000067B', 'Computer Security', NULL);
INSERT INTO studentPlans VALUES('D2000067B', TRUE, 'IT2002', 'AY 16/17 Sem 1');
INSERT INTO studentPlans VALUES('D2000067B', TRUE, 'CS2220', 'AY 16/17 Sem 1');
INSERT INTO studentPlans VALUES('D2000067B', TRUE, 'CG2271', 'AY 16/17 Sem 1');
INSERT INTO studentPlans VALUES('D2000067B', TRUE, 'CS2010', 'AY 16/17 Sem 1');
INSERT INTO studentPlans VALUES('D2000067B', TRUE, 'CS2101', 'AY 16/17 Sem 1');
INSERT INTO studentPlans VALUES('D2000067B', FALSE, 'CP2201', 'AY 16/17 Sem 2');
INSERT INTO studentPlans VALUES('D2000067B', FALSE, 'CS2103', 'AY 16/17 Sem 2');
INSERT INTO studentPlans VALUES('D2000067B', FALSE, 'IT2001', 'AY 16/17 Sem 2');
INSERT INTO studentPlans VALUES('D2000067B', FALSE, 'CS2107', 'AY 16/17 Sem 2');
INSERT INTO studentPlans VALUES('D2000067B', FALSE, 'CS2105', 'AY 16/17 Sem 2');
INSERT INTO studentPlans VALUES('D2000067B', FALSE, 'CG3002', 'AY 17/18 Sem 1');
INSERT INTO studentPlans VALUES('D2000067B', FALSE, 'CS3241', 'AY 17/18 Sem 1');
INSERT INTO studentPlans VALUES('D2000067B', FALSE, 'CS3219', 'AY 17/18 Sem 1');
INSERT INTO studentPlans VALUES('D2000067B', FALSE, 'CS3246', 'AY 17/18 Sem 1');
INSERT INTO studentPlans VALUES('D2000067B', FALSE, 'CS3213', 'AY 17/18 Sem 1');
INSERT INTO studentPlans VALUES('D2000067B', FALSE, 'CS3242', 'AY 17/18 Sem 2');
INSERT INTO studentPlans VALUES('D2000067B', FALSE, 'CS3882', 'AY 17/18 Sem 2');
INSERT INTO studentPlans VALUES('D2000067B', FALSE, 'CP3209', 'AY 17/18 Sem 2');
INSERT INTO studentPlans VALUES('D2000067B', FALSE, 'CS3202', 'AY 17/18 Sem 2');
INSERT INTO studentPlans VALUES('D2000067B', FALSE, 'CS3343', 'AY 17/18 Sem 2');

INSERT INTO student VALUES('D2000068B', 2);
INSERT INTO takesFocusArea VALUES('D2000068B', 'Database Systems', NULL);
INSERT INTO studentPlans VALUES('D2000068B', TRUE, 'CS2105', 'AY 16/17 Sem 1');
INSERT INTO studentPlans VALUES('D2000068B', TRUE, 'CS2281', 'AY 16/17 Sem 1');
INSERT INTO studentPlans VALUES('D2000068B', TRUE, 'CS2020', 'AY 16/17 Sem 1');
INSERT INTO studentPlans VALUES('D2000068B', TRUE, 'IT2001', 'AY 16/17 Sem 1');
INSERT INTO studentPlans VALUES('D2000068B', TRUE, 'CS2106', 'AY 16/17 Sem 1');
INSERT INTO studentPlans VALUES('D2000068B', FALSE, 'CS2103', 'AY 16/17 Sem 2');
INSERT INTO studentPlans VALUES('D2000068B', FALSE, 'CS2104', 'AY 16/17 Sem 2');
INSERT INTO studentPlans VALUES('D2000068B', FALSE, 'CS2100', 'AY 16/17 Sem 2');
INSERT INTO studentPlans VALUES('D2000068B', FALSE, 'IT2002', 'AY 16/17 Sem 2');
INSERT INTO studentPlans VALUES('D2000068B', FALSE, 'CS2108', 'AY 16/17 Sem 2');
INSERT INTO studentPlans VALUES('D2000068B', FALSE, 'CS3230', 'AY 17/18 Sem 1');
INSERT INTO studentPlans VALUES('D2000068B', FALSE, 'CS3242', 'AY 17/18 Sem 1');
INSERT INTO studentPlans VALUES('D2000068B', FALSE, 'CS3247', 'AY 17/18 Sem 1');
INSERT INTO studentPlans VALUES('D2000068B', FALSE, 'CP3200', 'AY 17/18 Sem 1');
INSERT INTO studentPlans VALUES('D2000068B', FALSE, 'CS3201', 'AY 17/18 Sem 1');
INSERT INTO studentPlans VALUES('D2000068B', FALSE, 'CS3226', 'AY 17/18 Sem 2');
INSERT INTO studentPlans VALUES('D2000068B', FALSE, 'CP3881', 'AY 17/18 Sem 2');
INSERT INTO studentPlans VALUES('D2000068B', FALSE, 'CS3882', 'AY 17/18 Sem 2');
INSERT INTO studentPlans VALUES('D2000068B', FALSE, 'CS3215', 'AY 17/18 Sem 2');
INSERT INTO studentPlans VALUES('D2000068B', FALSE, 'CP3209', 'AY 17/18 Sem 2');

INSERT INTO student VALUES('D2000069B', 2);
INSERT INTO takesFocusArea VALUES('D2000069B', 'Interactive Media', NULL);
INSERT INTO studentPlans VALUES('D2000069B', TRUE, 'CS2100', 'AY 16/17 Sem 1');
INSERT INTO studentPlans VALUES('D2000069B', TRUE, 'CS2104', 'AY 16/17 Sem 1');
INSERT INTO studentPlans VALUES('D2000069B', TRUE, 'CP2201', 'AY 16/17 Sem 1');
INSERT INTO studentPlans VALUES('D2000069B', TRUE, 'IT2002', 'AY 16/17 Sem 1');
INSERT INTO studentPlans VALUES('D2000069B', TRUE, 'CS2102', 'AY 16/17 Sem 1');
INSERT INTO studentPlans VALUES('D2000069B', FALSE, 'CS2010', 'AY 16/17 Sem 2');
INSERT INTO studentPlans VALUES('D2000069B', FALSE, 'IT2001', 'AY 16/17 Sem 2');
INSERT INTO studentPlans VALUES('D2000069B', FALSE, 'CS2101', 'AY 16/17 Sem 2');
INSERT INTO studentPlans VALUES('D2000069B', FALSE, 'CS2220', 'AY 16/17 Sem 2');
INSERT INTO studentPlans VALUES('D2000069B', FALSE, 'CS2105', 'AY 16/17 Sem 2');
INSERT INTO studentPlans VALUES('D2000069B', FALSE, 'CS3223', 'AY 17/18 Sem 1');
INSERT INTO studentPlans VALUES('D2000069B', FALSE, 'CS3217', 'AY 17/18 Sem 1');
INSERT INTO studentPlans VALUES('D2000069B', FALSE, 'CS3226', 'AY 17/18 Sem 1');
INSERT INTO studentPlans VALUES('D2000069B', FALSE, 'CS3249', 'AY 17/18 Sem 1');
INSERT INTO studentPlans VALUES('D2000069B', FALSE, 'CG3002', 'AY 17/18 Sem 1');
INSERT INTO studentPlans VALUES('D2000069B', FALSE, 'CS3343', 'AY 17/18 Sem 2');
INSERT INTO studentPlans VALUES('D2000069B', FALSE, 'CS3212', 'AY 17/18 Sem 2');
INSERT INTO studentPlans VALUES('D2000069B', FALSE, 'CS3215', 'AY 17/18 Sem 2');
INSERT INTO studentPlans VALUES('D2000069B', FALSE, 'CS3236', 'AY 17/18 Sem 2');
INSERT INTO studentPlans VALUES('D2000069B', FALSE, 'CP3108B', 'AY 17/18 Sem 2');

INSERT INTO student VALUES('D2000070B', 2);
INSERT INTO takesFocusArea VALUES('D2000070B', 'Visual Computing', NULL);
INSERT INTO studentPlans VALUES('D2000070B', TRUE, 'IT2002', 'AY 16/17 Sem 1');
INSERT INTO studentPlans VALUES('D2000070B', TRUE, 'CS2281', 'AY 16/17 Sem 1');
INSERT INTO studentPlans VALUES('D2000070B', TRUE, 'CS2309', 'AY 16/17 Sem 1');
INSERT INTO studentPlans VALUES('D2000070B', TRUE, 'CG2271', 'AY 16/17 Sem 1');
INSERT INTO studentPlans VALUES('D2000070B', TRUE, 'CS2102', 'AY 16/17 Sem 1');
INSERT INTO studentPlans VALUES('D2000070B', FALSE, 'CS2108', 'AY 16/17 Sem 2');
INSERT INTO studentPlans VALUES('D2000070B', FALSE, 'CS2107', 'AY 16/17 Sem 2');
INSERT INTO studentPlans VALUES('D2000070B', FALSE, 'CS2020', 'AY 16/17 Sem 2');
INSERT INTO studentPlans VALUES('D2000070B', FALSE, 'CS2106', 'AY 16/17 Sem 2');
INSERT INTO studentPlans VALUES('D2000070B', FALSE, 'CS2101', 'AY 16/17 Sem 2');
INSERT INTO studentPlans VALUES('D2000070B', FALSE, 'CP3201', 'AY 17/18 Sem 1');
INSERT INTO studentPlans VALUES('D2000070B', FALSE, 'CS3202', 'AY 17/18 Sem 1');
INSERT INTO studentPlans VALUES('D2000070B', FALSE, 'CP3208', 'AY 17/18 Sem 1');
INSERT INTO studentPlans VALUES('D2000070B', FALSE, 'CS3246', 'AY 17/18 Sem 1');
INSERT INTO studentPlans VALUES('D2000070B', FALSE, 'CP3108B', 'AY 17/18 Sem 1');
INSERT INTO studentPlans VALUES('D2000070B', FALSE, 'CS3236', 'AY 17/18 Sem 2');
INSERT INTO studentPlans VALUES('D2000070B', FALSE, 'CS3282', 'AY 17/18 Sem 2');
INSERT INTO studentPlans VALUES('D2000070B', FALSE, 'CS3211', 'AY 17/18 Sem 2');
INSERT INTO studentPlans VALUES('D2000070B', FALSE, 'CS3242', 'AY 17/18 Sem 2');
INSERT INTO studentPlans VALUES('D2000070B', FALSE, 'CP3101A', 'AY 17/18 Sem 2');

INSERT INTO student VALUES('D2000071B', 2);
INSERT INTO takesFocusArea VALUES('D2000071B', 'Computer Security', NULL);
INSERT INTO studentPlans VALUES('D2000071B', TRUE, 'CS2010', 'AY 16/17 Sem 1');
INSERT INTO studentPlans VALUES('D2000071B', TRUE, 'CS2220', 'AY 16/17 Sem 1');
INSERT INTO studentPlans VALUES('D2000071B', TRUE, 'CS2020', 'AY 16/17 Sem 1');
INSERT INTO studentPlans VALUES('D2000071B', TRUE, 'CG2271', 'AY 16/17 Sem 1');
INSERT INTO studentPlans VALUES('D2000071B', TRUE, 'CS2102', 'AY 16/17 Sem 1');
INSERT INTO studentPlans VALUES('D2000071B', FALSE, 'CS2104', 'AY 16/17 Sem 2');
INSERT INTO studentPlans VALUES('D2000071B', FALSE, 'CS2106', 'AY 16/17 Sem 2');
INSERT INTO studentPlans VALUES('D2000071B', FALSE, 'CS2103T', 'AY 16/17 Sem 2');
INSERT INTO studentPlans VALUES('D2000071B', FALSE, 'CS2100', 'AY 16/17 Sem 2');
INSERT INTO studentPlans VALUES('D2000071B', FALSE, 'IT2001', 'AY 16/17 Sem 2');
INSERT INTO studentPlans VALUES('D2000071B', FALSE, 'CS3226', 'AY 17/18 Sem 1');
INSERT INTO studentPlans VALUES('D2000071B', FALSE, 'CS3235', 'AY 17/18 Sem 1');
INSERT INTO studentPlans VALUES('D2000071B', FALSE, 'CS3240', 'AY 17/18 Sem 1');
INSERT INTO studentPlans VALUES('D2000071B', FALSE, 'CP3101A', 'AY 17/18 Sem 1');
INSERT INTO studentPlans VALUES('D2000071B', FALSE, 'CP3201', 'AY 17/18 Sem 1');
INSERT INTO studentPlans VALUES('D2000071B', FALSE, 'CS3210', 'AY 17/18 Sem 2');
INSERT INTO studentPlans VALUES('D2000071B', FALSE, 'CS3223', 'AY 17/18 Sem 2');
INSERT INTO studentPlans VALUES('D2000071B', FALSE, 'CS3282', 'AY 17/18 Sem 2');
INSERT INTO studentPlans VALUES('D2000071B', FALSE, 'CP3208', 'AY 17/18 Sem 2');
INSERT INTO studentPlans VALUES('D2000071B', FALSE, 'CP3209', 'AY 17/18 Sem 2');

INSERT INTO student VALUES('D2000072B', 2);
INSERT INTO takesFocusArea VALUES('D2000072B', 'Visual Computing', NULL);
INSERT INTO studentPlans VALUES('D2000072B', TRUE, 'CS2281', 'AY 16/17 Sem 1');
INSERT INTO studentPlans VALUES('D2000072B', TRUE, 'CS2220', 'AY 16/17 Sem 1');
INSERT INTO studentPlans VALUES('D2000072B', TRUE, 'IT2001', 'AY 16/17 Sem 1');
INSERT INTO studentPlans VALUES('D2000072B', TRUE, 'IT2002', 'AY 16/17 Sem 1');
INSERT INTO studentPlans VALUES('D2000072B', TRUE, 'CS2010', 'AY 16/17 Sem 1');
INSERT INTO studentPlans VALUES('D2000072B', FALSE, 'CS2107', 'AY 16/17 Sem 2');
INSERT INTO studentPlans VALUES('D2000072B', FALSE, 'CS2102', 'AY 16/17 Sem 2');
INSERT INTO studentPlans VALUES('D2000072B', FALSE, 'CS2309', 'AY 16/17 Sem 2');
INSERT INTO studentPlans VALUES('D2000072B', FALSE, 'CS2101', 'AY 16/17 Sem 2');
INSERT INTO studentPlans VALUES('D2000072B', FALSE, 'CS2100', 'AY 16/17 Sem 2');
INSERT INTO studentPlans VALUES('D2000072B', FALSE, 'CS3103', 'AY 17/18 Sem 1');
INSERT INTO studentPlans VALUES('D2000072B', FALSE, 'CS3236', 'AY 17/18 Sem 1');
INSERT INTO studentPlans VALUES('D2000072B', FALSE, 'CS3219', 'AY 17/18 Sem 1');
INSERT INTO studentPlans VALUES('D2000072B', FALSE, 'CS3271', 'AY 17/18 Sem 1');
INSERT INTO studentPlans VALUES('D2000072B', FALSE, 'CS3245', 'AY 17/18 Sem 1');
INSERT INTO studentPlans VALUES('D2000072B', FALSE, 'CP3109', 'AY 17/18 Sem 2');
INSERT INTO studentPlans VALUES('D2000072B', FALSE, 'CS3244', 'AY 17/18 Sem 2');
INSERT INTO studentPlans VALUES('D2000072B', FALSE, 'CS3202', 'AY 17/18 Sem 2');
INSERT INTO studentPlans VALUES('D2000072B', FALSE, 'CS3225', 'AY 17/18 Sem 2');
INSERT INTO studentPlans VALUES('D2000072B', FALSE, 'CS3242', 'AY 17/18 Sem 2');

INSERT INTO student VALUES('D2000073B', 2);
INSERT INTO takesFocusArea VALUES('D2000073B', 'Database Systems', NULL);
INSERT INTO studentPlans VALUES('D2000073B', TRUE, 'CS2105', 'AY 16/17 Sem 1');
INSERT INTO studentPlans VALUES('D2000073B', TRUE, 'CS2271', 'AY 16/17 Sem 1');
INSERT INTO studentPlans VALUES('D2000073B', TRUE, 'CS2102', 'AY 16/17 Sem 1');
INSERT INTO studentPlans VALUES('D2000073B', TRUE, 'CS2103', 'AY 16/17 Sem 1');
INSERT INTO studentPlans VALUES('D2000073B', TRUE, 'CS2281', 'AY 16/17 Sem 1');
INSERT INTO studentPlans VALUES('D2000073B', FALSE, 'CS2100', 'AY 16/17 Sem 2');
INSERT INTO studentPlans VALUES('D2000073B', FALSE, 'CG2271', 'AY 16/17 Sem 2');
INSERT INTO studentPlans VALUES('D2000073B', FALSE, 'CS2108', 'AY 16/17 Sem 2');
INSERT INTO studentPlans VALUES('D2000073B', FALSE, 'CP2201', 'AY 16/17 Sem 2');
INSERT INTO studentPlans VALUES('D2000073B', FALSE, 'CS2020', 'AY 16/17 Sem 2');
INSERT INTO studentPlans VALUES('D2000073B', FALSE, 'CS3234', 'AY 17/18 Sem 1');
INSERT INTO studentPlans VALUES('D2000073B', FALSE, 'CP3109', 'AY 17/18 Sem 1');
INSERT INTO studentPlans VALUES('D2000073B', FALSE, 'CG3204L', 'AY 17/18 Sem 1');
INSERT INTO studentPlans VALUES('D2000073B', FALSE, 'CS3230', 'AY 17/18 Sem 1');
INSERT INTO studentPlans VALUES('D2000073B', FALSE, 'CS3205', 'AY 17/18 Sem 1');
INSERT INTO studentPlans VALUES('D2000073B', FALSE, 'CS3226', 'AY 17/18 Sem 2');
INSERT INTO studentPlans VALUES('D2000073B', FALSE, 'CS3225', 'AY 17/18 Sem 2');
INSERT INTO studentPlans VALUES('D2000073B', FALSE, 'CS3236', 'AY 17/18 Sem 2');
INSERT INTO studentPlans VALUES('D2000073B', FALSE, 'CP3101C', 'AY 17/18 Sem 2');
INSERT INTO studentPlans VALUES('D2000073B', FALSE, 'CS3202', 'AY 17/18 Sem 2');

INSERT INTO student VALUES('D2000074B', 2);
INSERT INTO takesFocusArea VALUES('D2000074B', 'Networking and Distributed Systems', NULL);
INSERT INTO studentPlans VALUES('D2000074B', TRUE, 'IT2002', 'AY 16/17 Sem 1');
INSERT INTO studentPlans VALUES('D2000074B', TRUE, 'CS2105', 'AY 16/17 Sem 1');
INSERT INTO studentPlans VALUES('D2000074B', TRUE, 'CS2220', 'AY 16/17 Sem 1');
INSERT INTO studentPlans VALUES('D2000074B', TRUE, 'CS2309', 'AY 16/17 Sem 1');
INSERT INTO studentPlans VALUES('D2000074B', TRUE, 'CS2106', 'AY 16/17 Sem 1');
INSERT INTO studentPlans VALUES('D2000074B', FALSE, 'CS2104', 'AY 16/17 Sem 2');
INSERT INTO studentPlans VALUES('D2000074B', FALSE, 'CS2101', 'AY 16/17 Sem 2');
INSERT INTO studentPlans VALUES('D2000074B', FALSE, 'CS2281', 'AY 16/17 Sem 2');
INSERT INTO studentPlans VALUES('D2000074B', FALSE, 'CS2103', 'AY 16/17 Sem 2');
INSERT INTO studentPlans VALUES('D2000074B', FALSE, 'CS2107', 'AY 16/17 Sem 2');
INSERT INTO studentPlans VALUES('D2000074B', FALSE, 'CS3283', 'AY 17/18 Sem 1');
INSERT INTO studentPlans VALUES('D2000074B', FALSE, 'CS3235', 'AY 17/18 Sem 1');
INSERT INTO studentPlans VALUES('D2000074B', FALSE, 'CP3201', 'AY 17/18 Sem 1');
INSERT INTO studentPlans VALUES('D2000074B', FALSE, 'CS3218', 'AY 17/18 Sem 1');
INSERT INTO studentPlans VALUES('D2000074B', FALSE, 'CS3219', 'AY 17/18 Sem 1');
INSERT INTO studentPlans VALUES('D2000074B', FALSE, 'CS3882', 'AY 17/18 Sem 2');
INSERT INTO studentPlans VALUES('D2000074B', FALSE, 'CP3101', 'AY 17/18 Sem 2');
INSERT INTO studentPlans VALUES('D2000074B', FALSE, 'CS3211', 'AY 17/18 Sem 2');
INSERT INTO studentPlans VALUES('D2000074B', FALSE, 'CS3223', 'AY 17/18 Sem 2');
INSERT INTO studentPlans VALUES('D2000074B', FALSE, 'CS3220', 'AY 17/18 Sem 2');

INSERT INTO student VALUES('D2000075B', 2);
INSERT INTO takesFocusArea VALUES('D2000075B', 'Networking and Distributed Systems', NULL);
INSERT INTO studentPlans VALUES('D2000075B', TRUE, 'CS2281', 'AY 16/17 Sem 1');
INSERT INTO studentPlans VALUES('D2000075B', TRUE, 'CS2271', 'AY 16/17 Sem 1');
INSERT INTO studentPlans VALUES('D2000075B', TRUE, 'IT2001', 'AY 16/17 Sem 1');
INSERT INTO studentPlans VALUES('D2000075B', TRUE, 'CS2020', 'AY 16/17 Sem 1');
INSERT INTO studentPlans VALUES('D2000075B', TRUE, 'CS2105', 'AY 16/17 Sem 1');
INSERT INTO studentPlans VALUES('D2000075B', FALSE, 'CS2220', 'AY 16/17 Sem 2');
INSERT INTO studentPlans VALUES('D2000075B', FALSE, 'CS2108', 'AY 16/17 Sem 2');
INSERT INTO studentPlans VALUES('D2000075B', FALSE, 'CS2103T', 'AY 16/17 Sem 2');
INSERT INTO studentPlans VALUES('D2000075B', FALSE, 'CP2201', 'AY 16/17 Sem 2');
INSERT INTO studentPlans VALUES('D2000075B', FALSE, 'CS2102', 'AY 16/17 Sem 2');
INSERT INTO studentPlans VALUES('D2000075B', FALSE, 'CS3236', 'AY 17/18 Sem 1');
INSERT INTO studentPlans VALUES('D2000075B', FALSE, 'CS3247', 'AY 17/18 Sem 1');
INSERT INTO studentPlans VALUES('D2000075B', FALSE, 'CS3343', 'AY 17/18 Sem 1');
INSERT INTO studentPlans VALUES('D2000075B', FALSE, 'CP3108A', 'AY 17/18 Sem 1');
INSERT INTO studentPlans VALUES('D2000075B', FALSE, 'CS3226', 'AY 17/18 Sem 1');
INSERT INTO studentPlans VALUES('D2000075B', FALSE, 'CS3882', 'AY 17/18 Sem 2');
INSERT INTO studentPlans VALUES('D2000075B', FALSE, 'CS3211', 'AY 17/18 Sem 2');
INSERT INTO studentPlans VALUES('D2000075B', FALSE, 'CS3245', 'AY 17/18 Sem 2');
INSERT INTO studentPlans VALUES('D2000075B', FALSE, 'CS3217', 'AY 17/18 Sem 2');
INSERT INTO studentPlans VALUES('D2000075B', FALSE, 'CS3234', 'AY 17/18 Sem 2');

INSERT INTO student VALUES('D2000076B', 2);
INSERT INTO takesFocusArea VALUES('D2000076B', 'Interactive Media', NULL);
INSERT INTO studentPlans VALUES('D2000076B', TRUE, 'CS2108', 'AY 16/17 Sem 1');
INSERT INTO studentPlans VALUES('D2000076B', TRUE, 'CP2201', 'AY 16/17 Sem 1');
INSERT INTO studentPlans VALUES('D2000076B', TRUE, 'CS2271', 'AY 16/17 Sem 1');
INSERT INTO studentPlans VALUES('D2000076B', TRUE, 'IT2001', 'AY 16/17 Sem 1');
INSERT INTO studentPlans VALUES('D2000076B', TRUE, 'CS2309', 'AY 16/17 Sem 1');
INSERT INTO studentPlans VALUES('D2000076B', FALSE, 'CS2104', 'AY 16/17 Sem 2');
INSERT INTO studentPlans VALUES('D2000076B', FALSE, 'CS2100', 'AY 16/17 Sem 2');
INSERT INTO studentPlans VALUES('D2000076B', FALSE, 'CS2107', 'AY 16/17 Sem 2');
INSERT INTO studentPlans VALUES('D2000076B', FALSE, 'CS2105', 'AY 16/17 Sem 2');
INSERT INTO studentPlans VALUES('D2000076B', FALSE, 'CS2020', 'AY 16/17 Sem 2');
INSERT INTO studentPlans VALUES('D2000076B', FALSE, 'CP3881', 'AY 17/18 Sem 1');
INSERT INTO studentPlans VALUES('D2000076B', FALSE, 'CP3880', 'AY 17/18 Sem 1');
INSERT INTO studentPlans VALUES('D2000076B', FALSE, 'CP3101', 'AY 17/18 Sem 1');
INSERT INTO studentPlans VALUES('D2000076B', FALSE, 'CS3210', 'AY 17/18 Sem 1');
INSERT INTO studentPlans VALUES('D2000076B', FALSE, 'CS3246', 'AY 17/18 Sem 1');
INSERT INTO studentPlans VALUES('D2000076B', FALSE, 'CP3208', 'AY 17/18 Sem 2');
INSERT INTO studentPlans VALUES('D2000076B', FALSE, 'CP3101C', 'AY 17/18 Sem 2');
INSERT INTO studentPlans VALUES('D2000076B', FALSE, 'CS3103', 'AY 17/18 Sem 2');
INSERT INTO studentPlans VALUES('D2000076B', FALSE, 'CS3343', 'AY 17/18 Sem 2');
INSERT INTO studentPlans VALUES('D2000076B', FALSE, 'CP3201', 'AY 17/18 Sem 2');

INSERT INTO student VALUES('D2000077B', 2);
INSERT INTO takesFocusArea VALUES('D2000077B', 'Computer Security', NULL);
INSERT INTO studentPlans VALUES('D2000077B', TRUE, 'CP2201', 'AY 16/17 Sem 1');
INSERT INTO studentPlans VALUES('D2000077B', TRUE, 'CS2220', 'AY 16/17 Sem 1');
INSERT INTO studentPlans VALUES('D2000077B', TRUE, 'CS2010', 'AY 16/17 Sem 1');
INSERT INTO studentPlans VALUES('D2000077B', TRUE, 'CS2105', 'AY 16/17 Sem 1');
INSERT INTO studentPlans VALUES('D2000077B', TRUE, 'CS2103', 'AY 16/17 Sem 1');
INSERT INTO studentPlans VALUES('D2000077B', FALSE, 'CS2106', 'AY 16/17 Sem 2');
INSERT INTO studentPlans VALUES('D2000077B', FALSE, 'CG2271', 'AY 16/17 Sem 2');
INSERT INTO studentPlans VALUES('D2000077B', FALSE, 'CS2104', 'AY 16/17 Sem 2');
INSERT INTO studentPlans VALUES('D2000077B', FALSE, 'IT2002', 'AY 16/17 Sem 2');
INSERT INTO studentPlans VALUES('D2000077B', FALSE, 'CS2108', 'AY 16/17 Sem 2');
INSERT INTO studentPlans VALUES('D2000077B', FALSE, 'CP3108A', 'AY 17/18 Sem 1');
INSERT INTO studentPlans VALUES('D2000077B', FALSE, 'CS3236', 'AY 17/18 Sem 1');
INSERT INTO studentPlans VALUES('D2000077B', FALSE, 'CS3212', 'AY 17/18 Sem 1');
INSERT INTO studentPlans VALUES('D2000077B', FALSE, 'CS3244', 'AY 17/18 Sem 1');
INSERT INTO studentPlans VALUES('D2000077B', FALSE, 'CS3103', 'AY 17/18 Sem 1');
INSERT INTO studentPlans VALUES('D2000077B', FALSE, 'CS3246', 'AY 17/18 Sem 2');
INSERT INTO studentPlans VALUES('D2000077B', FALSE, 'CS3243', 'AY 17/18 Sem 2');
INSERT INTO studentPlans VALUES('D2000077B', FALSE, 'CG3204L', 'AY 17/18 Sem 2');
INSERT INTO studentPlans VALUES('D2000077B', FALSE, 'CS3221', 'AY 17/18 Sem 2');
INSERT INTO studentPlans VALUES('D2000077B', FALSE, 'CP3200', 'AY 17/18 Sem 2');

INSERT INTO student VALUES('D2000078B', 2);
INSERT INTO takesFocusArea VALUES('D2000078B', 'Computer Security', NULL);
INSERT INTO studentPlans VALUES('D2000078B', TRUE, 'CG2271', 'AY 16/17 Sem 1');
INSERT INTO studentPlans VALUES('D2000078B', TRUE, 'CS2108', 'AY 16/17 Sem 1');
INSERT INTO studentPlans VALUES('D2000078B', TRUE, 'CS2020', 'AY 16/17 Sem 1');
INSERT INTO studentPlans VALUES('D2000078B', TRUE, 'CS2100', 'AY 16/17 Sem 1');
INSERT INTO studentPlans VALUES('D2000078B', TRUE, 'IT2001', 'AY 16/17 Sem 1');
INSERT INTO studentPlans VALUES('D2000078B', FALSE, 'CS2104', 'AY 16/17 Sem 2');
INSERT INTO studentPlans VALUES('D2000078B', FALSE, 'CS2220', 'AY 16/17 Sem 2');
INSERT INTO studentPlans VALUES('D2000078B', FALSE, 'CS2010', 'AY 16/17 Sem 2');
INSERT INTO studentPlans VALUES('D2000078B', FALSE, 'CS2107', 'AY 16/17 Sem 2');
INSERT INTO studentPlans VALUES('D2000078B', FALSE, 'CS2281', 'AY 16/17 Sem 2');
INSERT INTO studentPlans VALUES('D2000078B', FALSE, 'CP3202', 'AY 17/18 Sem 1');
INSERT INTO studentPlans VALUES('D2000078B', FALSE, 'CS3216', 'AY 17/18 Sem 1');
INSERT INTO studentPlans VALUES('D2000078B', FALSE, 'CS3244', 'AY 17/18 Sem 1');
INSERT INTO studentPlans VALUES('D2000078B', FALSE, 'CS3242', 'AY 17/18 Sem 1');
INSERT INTO studentPlans VALUES('D2000078B', FALSE, 'CS3225', 'AY 17/18 Sem 1');
INSERT INTO studentPlans VALUES('D2000078B', FALSE, 'CS3103L', 'AY 17/18 Sem 2');
INSERT INTO studentPlans VALUES('D2000078B', FALSE, 'CS3201', 'AY 17/18 Sem 2');
INSERT INTO studentPlans VALUES('D2000078B', FALSE, 'CS3281', 'AY 17/18 Sem 2');
INSERT INTO studentPlans VALUES('D2000078B', FALSE, 'CS3882', 'AY 17/18 Sem 2');
INSERT INTO studentPlans VALUES('D2000078B', FALSE, 'CS3240', 'AY 17/18 Sem 2');

INSERT INTO student VALUES('D2000079B', 2);
INSERT INTO takesFocusArea VALUES('D2000079B', 'Software Engineering', NULL);
INSERT INTO studentPlans VALUES('D2000079B', TRUE, 'CS2220', 'AY 16/17 Sem 1');
INSERT INTO studentPlans VALUES('D2000079B', TRUE, 'CS2104', 'AY 16/17 Sem 1');
INSERT INTO studentPlans VALUES('D2000079B', TRUE, 'IT2001', 'AY 16/17 Sem 1');
INSERT INTO studentPlans VALUES('D2000079B', TRUE, 'CS2103T', 'AY 16/17 Sem 1');
INSERT INTO studentPlans VALUES('D2000079B', TRUE, 'CS2010', 'AY 16/17 Sem 1');
INSERT INTO studentPlans VALUES('D2000079B', FALSE, 'CS2100', 'AY 16/17 Sem 2');
INSERT INTO studentPlans VALUES('D2000079B', FALSE, 'CS2020', 'AY 16/17 Sem 2');
INSERT INTO studentPlans VALUES('D2000079B', FALSE, 'CS2107', 'AY 16/17 Sem 2');
INSERT INTO studentPlans VALUES('D2000079B', FALSE, 'CG2271', 'AY 16/17 Sem 2');
INSERT INTO studentPlans VALUES('D2000079B', FALSE, 'CS2103', 'AY 16/17 Sem 2');
INSERT INTO studentPlans VALUES('D2000079B', FALSE, 'CS3218', 'AY 17/18 Sem 1');
INSERT INTO studentPlans VALUES('D2000079B', FALSE, 'CS3220', 'AY 17/18 Sem 1');
INSERT INTO studentPlans VALUES('D2000079B', FALSE, 'CS3283', 'AY 17/18 Sem 1');
INSERT INTO studentPlans VALUES('D2000079B', FALSE, 'CP3208', 'AY 17/18 Sem 1');
INSERT INTO studentPlans VALUES('D2000079B', FALSE, 'CP3101A', 'AY 17/18 Sem 1');
INSERT INTO studentPlans VALUES('D2000079B', FALSE, 'CS3249', 'AY 17/18 Sem 2');
INSERT INTO studentPlans VALUES('D2000079B', FALSE, 'CS3234', 'AY 17/18 Sem 2');
INSERT INTO studentPlans VALUES('D2000079B', FALSE, 'CP3880', 'AY 17/18 Sem 2');
INSERT INTO studentPlans VALUES('D2000079B', FALSE, 'CP3101C', 'AY 17/18 Sem 2');
INSERT INTO studentPlans VALUES('D2000079B', FALSE, 'CS3240', 'AY 17/18 Sem 2');

INSERT INTO student VALUES('D2000080B', 2);
INSERT INTO takesFocusArea VALUES('D2000080B', 'Computer Graphics and Games', NULL);
INSERT INTO studentPlans VALUES('D2000080B', TRUE, 'IT2001', 'AY 16/17 Sem 1');
INSERT INTO studentPlans VALUES('D2000080B', TRUE, 'CS2100', 'AY 16/17 Sem 1');
INSERT INTO studentPlans VALUES('D2000080B', TRUE, 'CS2106', 'AY 16/17 Sem 1');
INSERT INTO studentPlans VALUES('D2000080B', TRUE, 'CS2010', 'AY 16/17 Sem 1');
INSERT INTO studentPlans VALUES('D2000080B', TRUE, 'CS2309', 'AY 16/17 Sem 1');
INSERT INTO studentPlans VALUES('D2000080B', FALSE, 'CP2201', 'AY 16/17 Sem 2');
INSERT INTO studentPlans VALUES('D2000080B', FALSE, 'CS2020', 'AY 16/17 Sem 2');
INSERT INTO studentPlans VALUES('D2000080B', FALSE, 'CS2105', 'AY 16/17 Sem 2');
INSERT INTO studentPlans VALUES('D2000080B', FALSE, 'CG2271', 'AY 16/17 Sem 2');
INSERT INTO studentPlans VALUES('D2000080B', FALSE, 'CS2103', 'AY 16/17 Sem 2');
INSERT INTO studentPlans VALUES('D2000080B', FALSE, 'CS3225', 'AY 17/18 Sem 1');
INSERT INTO studentPlans VALUES('D2000080B', FALSE, 'CP3202', 'AY 17/18 Sem 1');
INSERT INTO studentPlans VALUES('D2000080B', FALSE, 'CP3880', 'AY 17/18 Sem 1');
INSERT INTO studentPlans VALUES('D2000080B', FALSE, 'CS3230', 'AY 17/18 Sem 1');
INSERT INTO studentPlans VALUES('D2000080B', FALSE, 'CG3002', 'AY 17/18 Sem 1');
INSERT INTO studentPlans VALUES('D2000080B', FALSE, 'CS3215', 'AY 17/18 Sem 2');
INSERT INTO studentPlans VALUES('D2000080B', FALSE, 'CS3343', 'AY 17/18 Sem 2');
INSERT INTO studentPlans VALUES('D2000080B', FALSE, 'CS3103L', 'AY 17/18 Sem 2');
INSERT INTO studentPlans VALUES('D2000080B', FALSE, 'CS3245', 'AY 17/18 Sem 2');
INSERT INTO studentPlans VALUES('D2000080B', FALSE, 'CS3219', 'AY 17/18 Sem 2');

INSERT INTO student VALUES('D2000081B', 2);
INSERT INTO takesFocusArea VALUES('D2000081B', 'Computer Graphics and Games', NULL);
INSERT INTO studentPlans VALUES('D2000081B', TRUE, 'CS2105', 'AY 16/17 Sem 1');
INSERT INTO studentPlans VALUES('D2000081B', TRUE, 'IT2002', 'AY 16/17 Sem 1');
INSERT INTO studentPlans VALUES('D2000081B', TRUE, 'CS2220', 'AY 16/17 Sem 1');
INSERT INTO studentPlans VALUES('D2000081B', TRUE, 'CS2281', 'AY 16/17 Sem 1');
INSERT INTO studentPlans VALUES('D2000081B', TRUE, 'CS2103T', 'AY 16/17 Sem 1');
INSERT INTO studentPlans VALUES('D2000081B', FALSE, 'CS2102', 'AY 16/17 Sem 2');
INSERT INTO studentPlans VALUES('D2000081B', FALSE, 'CS2103', 'AY 16/17 Sem 2');
INSERT INTO studentPlans VALUES('D2000081B', FALSE, 'CS2271', 'AY 16/17 Sem 2');
INSERT INTO studentPlans VALUES('D2000081B', FALSE, 'CS2101', 'AY 16/17 Sem 2');
INSERT INTO studentPlans VALUES('D2000081B', FALSE, 'CS2309', 'AY 16/17 Sem 2');
INSERT INTO studentPlans VALUES('D2000081B', FALSE, 'CP3108A', 'AY 17/18 Sem 1');
INSERT INTO studentPlans VALUES('D2000081B', FALSE, 'CS3219', 'AY 17/18 Sem 1');
INSERT INTO studentPlans VALUES('D2000081B', FALSE, 'CS3201', 'AY 17/18 Sem 1');
INSERT INTO studentPlans VALUES('D2000081B', FALSE, 'CP3208', 'AY 17/18 Sem 1');
INSERT INTO studentPlans VALUES('D2000081B', FALSE, 'CG3204L', 'AY 17/18 Sem 1');
INSERT INTO studentPlans VALUES('D2000081B', FALSE, 'CS3225', 'AY 17/18 Sem 2');
INSERT INTO studentPlans VALUES('D2000081B', FALSE, 'CS3241', 'AY 17/18 Sem 2');
INSERT INTO studentPlans VALUES('D2000081B', FALSE, 'CP3881', 'AY 17/18 Sem 2');
INSERT INTO studentPlans VALUES('D2000081B', FALSE, 'CS3245', 'AY 17/18 Sem 2');
INSERT INTO studentPlans VALUES('D2000081B', FALSE, 'CS3210', 'AY 17/18 Sem 2');

INSERT INTO student VALUES('D2000082B', 2);
INSERT INTO takesFocusArea VALUES('D2000082B', 'Visual Computing', NULL);
INSERT INTO studentPlans VALUES('D2000082B', TRUE, 'IT2002', 'AY 16/17 Sem 1');
INSERT INTO studentPlans VALUES('D2000082B', TRUE, 'CS2103T', 'AY 16/17 Sem 1');
INSERT INTO studentPlans VALUES('D2000082B', TRUE, 'CS2106', 'AY 16/17 Sem 1');
INSERT INTO studentPlans VALUES('D2000082B', TRUE, 'CS2281', 'AY 16/17 Sem 1');
INSERT INTO studentPlans VALUES('D2000082B', TRUE, 'CS2102', 'AY 16/17 Sem 1');
INSERT INTO studentPlans VALUES('D2000082B', FALSE, 'CS2103', 'AY 16/17 Sem 2');
INSERT INTO studentPlans VALUES('D2000082B', FALSE, 'CS2220', 'AY 16/17 Sem 2');
INSERT INTO studentPlans VALUES('D2000082B', FALSE, 'CS2309', 'AY 16/17 Sem 2');
INSERT INTO studentPlans VALUES('D2000082B', FALSE, 'CS2108', 'AY 16/17 Sem 2');
INSERT INTO studentPlans VALUES('D2000082B', FALSE, 'CG2271', 'AY 16/17 Sem 2');
INSERT INTO studentPlans VALUES('D2000082B', FALSE, 'CS3281', 'AY 17/18 Sem 1');
INSERT INTO studentPlans VALUES('D2000082B', FALSE, 'CP3202', 'AY 17/18 Sem 1');
INSERT INTO studentPlans VALUES('D2000082B', FALSE, 'CP3208', 'AY 17/18 Sem 1');
INSERT INTO studentPlans VALUES('D2000082B', FALSE, 'CS3241', 'AY 17/18 Sem 1');
INSERT INTO studentPlans VALUES('D2000082B', FALSE, 'CS3103', 'AY 17/18 Sem 1');
INSERT INTO studentPlans VALUES('D2000082B', FALSE, 'CG3204L', 'AY 17/18 Sem 2');
INSERT INTO studentPlans VALUES('D2000082B', FALSE, 'CS3242', 'AY 17/18 Sem 2');
INSERT INTO studentPlans VALUES('D2000082B', FALSE, 'CS3249', 'AY 17/18 Sem 2');
INSERT INTO studentPlans VALUES('D2000082B', FALSE, 'CP3108A', 'AY 17/18 Sem 2');
INSERT INTO studentPlans VALUES('D2000082B', FALSE, 'CP3101', 'AY 17/18 Sem 2');

INSERT INTO student VALUES('D2000083B', 2);
INSERT INTO takesFocusArea VALUES('D2000083B', 'Networking and Distributed Systems', NULL);
INSERT INTO studentPlans VALUES('D2000083B', TRUE, 'IT2002', 'AY 16/17 Sem 1');
INSERT INTO studentPlans VALUES('D2000083B', TRUE, 'CS2103T', 'AY 16/17 Sem 1');
INSERT INTO studentPlans VALUES('D2000083B', TRUE, 'CS2010', 'AY 16/17 Sem 1');
INSERT INTO studentPlans VALUES('D2000083B', TRUE, 'CS2103', 'AY 16/17 Sem 1');
INSERT INTO studentPlans VALUES('D2000083B', TRUE, 'CS2107', 'AY 16/17 Sem 1');
INSERT INTO studentPlans VALUES('D2000083B', FALSE, 'CS2105', 'AY 16/17 Sem 2');
INSERT INTO studentPlans VALUES('D2000083B', FALSE, 'CS2104', 'AY 16/17 Sem 2');
INSERT INTO studentPlans VALUES('D2000083B', FALSE, 'CS2309', 'AY 16/17 Sem 2');
INSERT INTO studentPlans VALUES('D2000083B', FALSE, 'CS2271', 'AY 16/17 Sem 2');
INSERT INTO studentPlans VALUES('D2000083B', FALSE, 'CP2201', 'AY 16/17 Sem 2');
INSERT INTO studentPlans VALUES('D2000083B', FALSE, 'CP3101', 'AY 17/18 Sem 1');
INSERT INTO studentPlans VALUES('D2000083B', FALSE, 'CS3234', 'AY 17/18 Sem 1');
INSERT INTO studentPlans VALUES('D2000083B', FALSE, 'CS3240', 'AY 17/18 Sem 1');
INSERT INTO studentPlans VALUES('D2000083B', FALSE, 'CS3271', 'AY 17/18 Sem 1');
INSERT INTO studentPlans VALUES('D2000083B', FALSE, 'CS3221', 'AY 17/18 Sem 1');
INSERT INTO studentPlans VALUES('D2000083B', FALSE, 'CS3223', 'AY 17/18 Sem 2');
INSERT INTO studentPlans VALUES('D2000083B', FALSE, 'CP3209', 'AY 17/18 Sem 2');
INSERT INTO studentPlans VALUES('D2000083B', FALSE, 'CS3235', 'AY 17/18 Sem 2');
INSERT INTO studentPlans VALUES('D2000083B', FALSE, 'CS3202', 'AY 17/18 Sem 2');
INSERT INTO studentPlans VALUES('D2000083B', FALSE, 'CP3108B', 'AY 17/18 Sem 2');

INSERT INTO student VALUES('D2000084B', 2);
INSERT INTO takesFocusArea VALUES('D2000084B', 'Algorithms & Theory', NULL);
INSERT INTO studentPlans VALUES('D2000084B', TRUE, 'CS2108', 'AY 16/17 Sem 1');
INSERT INTO studentPlans VALUES('D2000084B', TRUE, 'CS2104', 'AY 16/17 Sem 1');
INSERT INTO studentPlans VALUES('D2000084B', TRUE, 'CS2103T', 'AY 16/17 Sem 1');
INSERT INTO studentPlans VALUES('D2000084B', TRUE, 'CS2010', 'AY 16/17 Sem 1');
INSERT INTO studentPlans VALUES('D2000084B', TRUE, 'CS2101', 'AY 16/17 Sem 1');
INSERT INTO studentPlans VALUES('D2000084B', FALSE, 'CS2020', 'AY 16/17 Sem 2');
INSERT INTO studentPlans VALUES('D2000084B', FALSE, 'IT2001', 'AY 16/17 Sem 2');
INSERT INTO studentPlans VALUES('D2000084B', FALSE, 'CS2309', 'AY 16/17 Sem 2');
INSERT INTO studentPlans VALUES('D2000084B', FALSE, 'CS2271', 'AY 16/17 Sem 2');
INSERT INTO studentPlans VALUES('D2000084B', FALSE, 'CS2106', 'AY 16/17 Sem 2');
INSERT INTO studentPlans VALUES('D2000084B', FALSE, 'CP3101C', 'AY 17/18 Sem 1');
INSERT INTO studentPlans VALUES('D2000084B', FALSE, 'CP3108A', 'AY 17/18 Sem 1');
INSERT INTO studentPlans VALUES('D2000084B', FALSE, 'CP3106', 'AY 17/18 Sem 1');
INSERT INTO studentPlans VALUES('D2000084B', FALSE, 'CP3208', 'AY 17/18 Sem 1');
INSERT INTO studentPlans VALUES('D2000084B', FALSE, 'CS3241', 'AY 17/18 Sem 1');
INSERT INTO studentPlans VALUES('D2000084B', FALSE, 'CS3215', 'AY 17/18 Sem 2');
INSERT INTO studentPlans VALUES('D2000084B', FALSE, 'CS3283', 'AY 17/18 Sem 2');
INSERT INTO studentPlans VALUES('D2000084B', FALSE, 'CS3103L', 'AY 17/18 Sem 2');
INSERT INTO studentPlans VALUES('D2000084B', FALSE, 'CS3281', 'AY 17/18 Sem 2');
INSERT INTO studentPlans VALUES('D2000084B', FALSE, 'CS3223', 'AY 17/18 Sem 2');

INSERT INTO student VALUES('D2000085B', 2);
INSERT INTO takesFocusArea VALUES('D2000085B', 'Software Engineering', NULL);
INSERT INTO studentPlans VALUES('D2000085B', TRUE, 'CS2103T', 'AY 16/17 Sem 1');
INSERT INTO studentPlans VALUES('D2000085B', TRUE, 'CS2101', 'AY 16/17 Sem 1');
INSERT INTO studentPlans VALUES('D2000085B', TRUE, 'CS2105', 'AY 16/17 Sem 1');
INSERT INTO studentPlans VALUES('D2000085B', TRUE, 'CG2271', 'AY 16/17 Sem 1');
INSERT INTO studentPlans VALUES('D2000085B', TRUE, 'CS2103', 'AY 16/17 Sem 1');
INSERT INTO studentPlans VALUES('D2000085B', FALSE, 'CS2100', 'AY 16/17 Sem 2');
INSERT INTO studentPlans VALUES('D2000085B', FALSE, 'CS2020', 'AY 16/17 Sem 2');
INSERT INTO studentPlans VALUES('D2000085B', FALSE, 'CS2281', 'AY 16/17 Sem 2');
INSERT INTO studentPlans VALUES('D2000085B', FALSE, 'CS2102', 'AY 16/17 Sem 2');
INSERT INTO studentPlans VALUES('D2000085B', FALSE, 'CS2271', 'AY 16/17 Sem 2');
INSERT INTO studentPlans VALUES('D2000085B', FALSE, 'CP3108B', 'AY 17/18 Sem 1');
INSERT INTO studentPlans VALUES('D2000085B', FALSE, 'CP3109', 'AY 17/18 Sem 1');
INSERT INTO studentPlans VALUES('D2000085B', FALSE, 'CS3233', 'AY 17/18 Sem 1');
INSERT INTO studentPlans VALUES('D2000085B', FALSE, 'CP3101A', 'AY 17/18 Sem 1');
INSERT INTO studentPlans VALUES('D2000085B', FALSE, 'CS3230', 'AY 17/18 Sem 1');
INSERT INTO studentPlans VALUES('D2000085B', FALSE, 'CS3218', 'AY 17/18 Sem 2');
INSERT INTO studentPlans VALUES('D2000085B', FALSE, 'CS3213', 'AY 17/18 Sem 2');
INSERT INTO studentPlans VALUES('D2000085B', FALSE, 'CP3208', 'AY 17/18 Sem 2');
INSERT INTO studentPlans VALUES('D2000085B', FALSE, 'CS3215', 'AY 17/18 Sem 2');
INSERT INTO studentPlans VALUES('D2000085B', FALSE, 'CP3881', 'AY 17/18 Sem 2');

INSERT INTO student VALUES('D2000086B', 2);
INSERT INTO takesFocusArea VALUES('D2000086B', 'Database Systems', NULL);
INSERT INTO studentPlans VALUES('D2000086B', TRUE, 'CG2271', 'AY 16/17 Sem 1');
INSERT INTO studentPlans VALUES('D2000086B', TRUE, 'CS2102', 'AY 16/17 Sem 1');
INSERT INTO studentPlans VALUES('D2000086B', TRUE, 'CS2108', 'AY 16/17 Sem 1');
INSERT INTO studentPlans VALUES('D2000086B', TRUE, 'CS2104', 'AY 16/17 Sem 1');
INSERT INTO studentPlans VALUES('D2000086B', TRUE, 'IT2002', 'AY 16/17 Sem 1');
INSERT INTO studentPlans VALUES('D2000086B', FALSE, 'CS2271', 'AY 16/17 Sem 2');
INSERT INTO studentPlans VALUES('D2000086B', FALSE, 'CS2220', 'AY 16/17 Sem 2');
INSERT INTO studentPlans VALUES('D2000086B', FALSE, 'CS2101', 'AY 16/17 Sem 2');
INSERT INTO studentPlans VALUES('D2000086B', FALSE, 'CS2020', 'AY 16/17 Sem 2');
INSERT INTO studentPlans VALUES('D2000086B', FALSE, 'CP2201', 'AY 16/17 Sem 2');
INSERT INTO studentPlans VALUES('D2000086B', FALSE, 'CG3204L', 'AY 17/18 Sem 1');
INSERT INTO studentPlans VALUES('D2000086B', FALSE, 'CS3223', 'AY 17/18 Sem 1');
INSERT INTO studentPlans VALUES('D2000086B', FALSE, 'CS3245', 'AY 17/18 Sem 1');
INSERT INTO studentPlans VALUES('D2000086B', FALSE, 'CS3236', 'AY 17/18 Sem 1');
INSERT INTO studentPlans VALUES('D2000086B', FALSE, 'CP3106', 'AY 17/18 Sem 1');
INSERT INTO studentPlans VALUES('D2000086B', FALSE, 'CS3249', 'AY 17/18 Sem 2');
INSERT INTO studentPlans VALUES('D2000086B', FALSE, 'CS3216', 'AY 17/18 Sem 2');
INSERT INTO studentPlans VALUES('D2000086B', FALSE, 'CS3220', 'AY 17/18 Sem 2');
INSERT INTO studentPlans VALUES('D2000086B', FALSE, 'CP3880', 'AY 17/18 Sem 2');
INSERT INTO studentPlans VALUES('D2000086B', FALSE, 'CS3217', 'AY 17/18 Sem 2');

INSERT INTO student VALUES('D2000087B', 2);
INSERT INTO takesFocusArea VALUES('D2000087B', 'Parallel Computing', NULL);
INSERT INTO studentPlans VALUES('D2000087B', TRUE, 'CS2105', 'AY 16/17 Sem 1');
INSERT INTO studentPlans VALUES('D2000087B', TRUE, 'CS2107', 'AY 16/17 Sem 1');
INSERT INTO studentPlans VALUES('D2000087B', TRUE, 'CS2108', 'AY 16/17 Sem 1');
INSERT INTO studentPlans VALUES('D2000087B', TRUE, 'CS2100', 'AY 16/17 Sem 1');
INSERT INTO studentPlans VALUES('D2000087B', TRUE, 'CS2010', 'AY 16/17 Sem 1');
INSERT INTO studentPlans VALUES('D2000087B', FALSE, 'CS2103T', 'AY 16/17 Sem 2');
INSERT INTO studentPlans VALUES('D2000087B', FALSE, 'CS2281', 'AY 16/17 Sem 2');
INSERT INTO studentPlans VALUES('D2000087B', FALSE, 'CP2201', 'AY 16/17 Sem 2');
INSERT INTO studentPlans VALUES('D2000087B', FALSE, 'CG2271', 'AY 16/17 Sem 2');
INSERT INTO studentPlans VALUES('D2000087B', FALSE, 'CS2271', 'AY 16/17 Sem 2');
INSERT INTO studentPlans VALUES('D2000087B', FALSE, 'CS3226', 'AY 17/18 Sem 1');
INSERT INTO studentPlans VALUES('D2000087B', FALSE, 'CS3225', 'AY 17/18 Sem 1');
INSERT INTO studentPlans VALUES('D2000087B', FALSE, 'CS3249', 'AY 17/18 Sem 1');
INSERT INTO studentPlans VALUES('D2000087B', FALSE, 'CS3244', 'AY 17/18 Sem 1');
INSERT INTO studentPlans VALUES('D2000087B', FALSE, 'CS3284', 'AY 17/18 Sem 1');
INSERT INTO studentPlans VALUES('D2000087B', FALSE, 'CP3101C', 'AY 17/18 Sem 2');
INSERT INTO studentPlans VALUES('D2000087B', FALSE, 'CS3234', 'AY 17/18 Sem 2');
INSERT INTO studentPlans VALUES('D2000087B', FALSE, 'CP3209', 'AY 17/18 Sem 2');
INSERT INTO studentPlans VALUES('D2000087B', FALSE, 'CS3215', 'AY 17/18 Sem 2');
INSERT INTO studentPlans VALUES('D2000087B', FALSE, 'CP3881', 'AY 17/18 Sem 2');

INSERT INTO student VALUES('D2000088B', 2);
INSERT INTO takesFocusArea VALUES('D2000088B', 'Multimedia Information Retrieval', NULL);
INSERT INTO studentPlans VALUES('D2000088B', TRUE, 'CS2106', 'AY 16/17 Sem 1');
INSERT INTO studentPlans VALUES('D2000088B', TRUE, 'CS2103T', 'AY 16/17 Sem 1');
INSERT INTO studentPlans VALUES('D2000088B', TRUE, 'CS2281', 'AY 16/17 Sem 1');
INSERT INTO studentPlans VALUES('D2000088B', TRUE, 'CS2102', 'AY 16/17 Sem 1');
INSERT INTO studentPlans VALUES('D2000088B', TRUE, 'CS2103', 'AY 16/17 Sem 1');
INSERT INTO studentPlans VALUES('D2000088B', FALSE, 'CS2105', 'AY 16/17 Sem 2');
INSERT INTO studentPlans VALUES('D2000088B', FALSE, 'CS2020', 'AY 16/17 Sem 2');
INSERT INTO studentPlans VALUES('D2000088B', FALSE, 'IT2001', 'AY 16/17 Sem 2');
INSERT INTO studentPlans VALUES('D2000088B', FALSE, 'CS2271', 'AY 16/17 Sem 2');
INSERT INTO studentPlans VALUES('D2000088B', FALSE, 'CS2107', 'AY 16/17 Sem 2');
INSERT INTO studentPlans VALUES('D2000088B', FALSE, 'CP3208', 'AY 17/18 Sem 1');
INSERT INTO studentPlans VALUES('D2000088B', FALSE, 'CP3106', 'AY 17/18 Sem 1');
INSERT INTO studentPlans VALUES('D2000088B', FALSE, 'CS3243', 'AY 17/18 Sem 1');
INSERT INTO studentPlans VALUES('D2000088B', FALSE, 'CP3202', 'AY 17/18 Sem 1');
INSERT INTO studentPlans VALUES('D2000088B', FALSE, 'CP3101C', 'AY 17/18 Sem 1');
INSERT INTO studentPlans VALUES('D2000088B', FALSE, 'CS3212', 'AY 17/18 Sem 2');
INSERT INTO studentPlans VALUES('D2000088B', FALSE, 'CP3108B', 'AY 17/18 Sem 2');
INSERT INTO studentPlans VALUES('D2000088B', FALSE, 'CS3271', 'AY 17/18 Sem 2');
INSERT INTO studentPlans VALUES('D2000088B', FALSE, 'CS3216', 'AY 17/18 Sem 2');
INSERT INTO studentPlans VALUES('D2000088B', FALSE, 'CS3221', 'AY 17/18 Sem 2');

INSERT INTO student VALUES('D2000089B', 2);
INSERT INTO takesFocusArea VALUES('D2000089B', 'Multimedia Information Retrieval', NULL);
INSERT INTO studentPlans VALUES('D2000089B', TRUE, 'CS2102', 'AY 16/17 Sem 1');
INSERT INTO studentPlans VALUES('D2000089B', TRUE, 'CS2101', 'AY 16/17 Sem 1');
INSERT INTO studentPlans VALUES('D2000089B', TRUE, 'CS2309', 'AY 16/17 Sem 1');
INSERT INTO studentPlans VALUES('D2000089B', TRUE, 'IT2002', 'AY 16/17 Sem 1');
INSERT INTO studentPlans VALUES('D2000089B', TRUE, 'CS2107', 'AY 16/17 Sem 1');
INSERT INTO studentPlans VALUES('D2000089B', FALSE, 'CS2220', 'AY 16/17 Sem 2');
INSERT INTO studentPlans VALUES('D2000089B', FALSE, 'CS2103', 'AY 16/17 Sem 2');
INSERT INTO studentPlans VALUES('D2000089B', FALSE, 'CS2106', 'AY 16/17 Sem 2');
INSERT INTO studentPlans VALUES('D2000089B', FALSE, 'CP2201', 'AY 16/17 Sem 2');
INSERT INTO studentPlans VALUES('D2000089B', FALSE, 'CS2103T', 'AY 16/17 Sem 2');
INSERT INTO studentPlans VALUES('D2000089B', FALSE, 'CS3216', 'AY 17/18 Sem 1');
INSERT INTO studentPlans VALUES('D2000089B', FALSE, 'CS3282', 'AY 17/18 Sem 1');
INSERT INTO studentPlans VALUES('D2000089B', FALSE, 'CS3201', 'AY 17/18 Sem 1');
INSERT INTO studentPlans VALUES('D2000089B', FALSE, 'CS3245', 'AY 17/18 Sem 1');
INSERT INTO studentPlans VALUES('D2000089B', FALSE, 'CS3240', 'AY 17/18 Sem 1');
INSERT INTO studentPlans VALUES('D2000089B', FALSE, 'CS3242', 'AY 17/18 Sem 2');
INSERT INTO studentPlans VALUES('D2000089B', FALSE, 'CS3244', 'AY 17/18 Sem 2');
INSERT INTO studentPlans VALUES('D2000089B', FALSE, 'CS3233', 'AY 17/18 Sem 2');
INSERT INTO studentPlans VALUES('D2000089B', FALSE, 'CS3271', 'AY 17/18 Sem 2');
INSERT INTO studentPlans VALUES('D2000089B', FALSE, 'CG3002', 'AY 17/18 Sem 2');

INSERT INTO student VALUES('D2000090B', 2);
INSERT INTO takesFocusArea VALUES('D2000090B', 'Database Systems', NULL);
INSERT INTO studentPlans VALUES('D2000090B', TRUE, 'CG2271', 'AY 16/17 Sem 1');
INSERT INTO studentPlans VALUES('D2000090B', TRUE, 'IT2001', 'AY 16/17 Sem 1');
INSERT INTO studentPlans VALUES('D2000090B', TRUE, 'CP2201', 'AY 16/17 Sem 1');
INSERT INTO studentPlans VALUES('D2000090B', TRUE, 'IT2002', 'AY 16/17 Sem 1');
INSERT INTO studentPlans VALUES('D2000090B', TRUE, 'CS2010', 'AY 16/17 Sem 1');
INSERT INTO studentPlans VALUES('D2000090B', FALSE, 'CS2103', 'AY 16/17 Sem 2');
INSERT INTO studentPlans VALUES('D2000090B', FALSE, 'CS2105', 'AY 16/17 Sem 2');
INSERT INTO studentPlans VALUES('D2000090B', FALSE, 'CS2108', 'AY 16/17 Sem 2');
INSERT INTO studentPlans VALUES('D2000090B', FALSE, 'CS2101', 'AY 16/17 Sem 2');
INSERT INTO studentPlans VALUES('D2000090B', FALSE, 'CS2100', 'AY 16/17 Sem 2');
INSERT INTO studentPlans VALUES('D2000090B', FALSE, 'CS3245', 'AY 17/18 Sem 1');
INSERT INTO studentPlans VALUES('D2000090B', FALSE, 'CP3101C', 'AY 17/18 Sem 1');
INSERT INTO studentPlans VALUES('D2000090B', FALSE, 'CS3211', 'AY 17/18 Sem 1');
INSERT INTO studentPlans VALUES('D2000090B', FALSE, 'CS3247', 'AY 17/18 Sem 1');
INSERT INTO studentPlans VALUES('D2000090B', FALSE, 'CS3215', 'AY 17/18 Sem 1');
INSERT INTO studentPlans VALUES('D2000090B', FALSE, 'CS3201', 'AY 17/18 Sem 2');
INSERT INTO studentPlans VALUES('D2000090B', FALSE, 'CP3106', 'AY 17/18 Sem 2');
INSERT INTO studentPlans VALUES('D2000090B', FALSE, 'CS3246', 'AY 17/18 Sem 2');
INSERT INTO studentPlans VALUES('D2000090B', FALSE, 'CG3204L', 'AY 17/18 Sem 2');
INSERT INTO studentPlans VALUES('D2000090B', FALSE, 'CP3202', 'AY 17/18 Sem 2');

INSERT INTO student VALUES('D2000091B', 2);
INSERT INTO takesFocusArea VALUES('D2000091B', 'Computer Graphics and Games', NULL);
INSERT INTO studentPlans VALUES('D2000091B', TRUE, 'IT2002', 'AY 16/17 Sem 1');
INSERT INTO studentPlans VALUES('D2000091B', TRUE, 'CG2271', 'AY 16/17 Sem 1');
INSERT INTO studentPlans VALUES('D2000091B', TRUE, 'CS2106', 'AY 16/17 Sem 1');
INSERT INTO studentPlans VALUES('D2000091B', TRUE, 'CS2107', 'AY 16/17 Sem 1');
INSERT INTO studentPlans VALUES('D2000091B', TRUE, 'CS2271', 'AY 16/17 Sem 1');
INSERT INTO studentPlans VALUES('D2000091B', FALSE, 'CS2281', 'AY 16/17 Sem 2');
INSERT INTO studentPlans VALUES('D2000091B', FALSE, 'CS2309', 'AY 16/17 Sem 2');
INSERT INTO studentPlans VALUES('D2000091B', FALSE, 'CS2104', 'AY 16/17 Sem 2');
INSERT INTO studentPlans VALUES('D2000091B', FALSE, 'CS2220', 'AY 16/17 Sem 2');
INSERT INTO studentPlans VALUES('D2000091B', FALSE, 'IT2001', 'AY 16/17 Sem 2');
INSERT INTO studentPlans VALUES('D2000091B', FALSE, 'CS3217', 'AY 17/18 Sem 1');
INSERT INTO studentPlans VALUES('D2000091B', FALSE, 'CP3101A', 'AY 17/18 Sem 1');
INSERT INTO studentPlans VALUES('D2000091B', FALSE, 'CS3246', 'AY 17/18 Sem 1');
INSERT INTO studentPlans VALUES('D2000091B', FALSE, 'CS3243', 'AY 17/18 Sem 1');
INSERT INTO studentPlans VALUES('D2000091B', FALSE, 'CS3218', 'AY 17/18 Sem 1');
INSERT INTO studentPlans VALUES('D2000091B', FALSE, 'CP3201', 'AY 17/18 Sem 2');
INSERT INTO studentPlans VALUES('D2000091B', FALSE, 'CS3343', 'AY 17/18 Sem 2');
INSERT INTO studentPlans VALUES('D2000091B', FALSE, 'CG3204L', 'AY 17/18 Sem 2');
INSERT INTO studentPlans VALUES('D2000091B', FALSE, 'CS3103L', 'AY 17/18 Sem 2');
INSERT INTO studentPlans VALUES('D2000091B', FALSE, 'CP3881', 'AY 17/18 Sem 2');

INSERT INTO student VALUES('D2000092B', 2);
INSERT INTO takesFocusArea VALUES('D2000092B', 'Networking and Distributed Systems', NULL);
INSERT INTO studentPlans VALUES('D2000092B', TRUE, 'CS2107', 'AY 16/17 Sem 1');
INSERT INTO studentPlans VALUES('D2000092B', TRUE, 'CS2020', 'AY 16/17 Sem 1');
INSERT INTO studentPlans VALUES('D2000092B', TRUE, 'CS2104', 'AY 16/17 Sem 1');
INSERT INTO studentPlans VALUES('D2000092B', TRUE, 'CG2271', 'AY 16/17 Sem 1');
INSERT INTO studentPlans VALUES('D2000092B', TRUE, 'CS2220', 'AY 16/17 Sem 1');
INSERT INTO studentPlans VALUES('D2000092B', FALSE, 'CS2101', 'AY 16/17 Sem 2');
INSERT INTO studentPlans VALUES('D2000092B', FALSE, 'CS2108', 'AY 16/17 Sem 2');
INSERT INTO studentPlans VALUES('D2000092B', FALSE, 'IT2001', 'AY 16/17 Sem 2');
INSERT INTO studentPlans VALUES('D2000092B', FALSE, 'CS2309', 'AY 16/17 Sem 2');
INSERT INTO studentPlans VALUES('D2000092B', FALSE, 'IT2002', 'AY 16/17 Sem 2');
INSERT INTO studentPlans VALUES('D2000092B', FALSE, 'CS3221', 'AY 17/18 Sem 1');
INSERT INTO studentPlans VALUES('D2000092B', FALSE, 'CP3108A', 'AY 17/18 Sem 1');
INSERT INTO studentPlans VALUES('D2000092B', FALSE, 'CS3205', 'AY 17/18 Sem 1');
INSERT INTO studentPlans VALUES('D2000092B', FALSE, 'CP3202', 'AY 17/18 Sem 1');
INSERT INTO studentPlans VALUES('D2000092B', FALSE, 'CS3211', 'AY 17/18 Sem 1');
INSERT INTO studentPlans VALUES('D2000092B', FALSE, 'CS3219', 'AY 17/18 Sem 2');
INSERT INTO studentPlans VALUES('D2000092B', FALSE, 'CS3284', 'AY 17/18 Sem 2');
INSERT INTO studentPlans VALUES('D2000092B', FALSE, 'CS3220', 'AY 17/18 Sem 2');
INSERT INTO studentPlans VALUES('D2000092B', FALSE, 'CS3343', 'AY 17/18 Sem 2');
INSERT INTO studentPlans VALUES('D2000092B', FALSE, 'CS3247', 'AY 17/18 Sem 2');

INSERT INTO student VALUES('D2000093B', 2);
INSERT INTO takesFocusArea VALUES('D2000093B', 'Visual Computing', NULL);
INSERT INTO studentPlans VALUES('D2000093B', TRUE, 'CS2107', 'AY 16/17 Sem 1');
INSERT INTO studentPlans VALUES('D2000093B', TRUE, 'CS2103T', 'AY 16/17 Sem 1');
INSERT INTO studentPlans VALUES('D2000093B', TRUE, 'CG2271', 'AY 16/17 Sem 1');
INSERT INTO studentPlans VALUES('D2000093B', TRUE, 'CP2201', 'AY 16/17 Sem 1');
INSERT INTO studentPlans VALUES('D2000093B', TRUE, 'CS2271', 'AY 16/17 Sem 1');
INSERT INTO studentPlans VALUES('D2000093B', FALSE, 'IT2002', 'AY 16/17 Sem 2');
INSERT INTO studentPlans VALUES('D2000093B', FALSE, 'CS2101', 'AY 16/17 Sem 2');
INSERT INTO studentPlans VALUES('D2000093B', FALSE, 'CS2010', 'AY 16/17 Sem 2');
INSERT INTO studentPlans VALUES('D2000093B', FALSE, 'IT2001', 'AY 16/17 Sem 2');
INSERT INTO studentPlans VALUES('D2000093B', FALSE, 'CS2100', 'AY 16/17 Sem 2');
INSERT INTO studentPlans VALUES('D2000093B', FALSE, 'CS3283', 'AY 17/18 Sem 1');
INSERT INTO studentPlans VALUES('D2000093B', FALSE, 'CP3202', 'AY 17/18 Sem 1');
INSERT INTO studentPlans VALUES('D2000093B', FALSE, 'CS3249', 'AY 17/18 Sem 1');
INSERT INTO studentPlans VALUES('D2000093B', FALSE, 'CP3209', 'AY 17/18 Sem 1');
INSERT INTO studentPlans VALUES('D2000093B', FALSE, 'CS3243', 'AY 17/18 Sem 1');
INSERT INTO studentPlans VALUES('D2000093B', FALSE, 'CS3217', 'AY 17/18 Sem 2');
INSERT INTO studentPlans VALUES('D2000093B', FALSE, 'CS3219', 'AY 17/18 Sem 2');
INSERT INTO studentPlans VALUES('D2000093B', FALSE, 'CP3101A', 'AY 17/18 Sem 2');
INSERT INTO studentPlans VALUES('D2000093B', FALSE, 'CS3215', 'AY 17/18 Sem 2');
INSERT INTO studentPlans VALUES('D2000093B', FALSE, 'CS3216', 'AY 17/18 Sem 2');

INSERT INTO student VALUES('D2000094B', 2);
INSERT INTO takesFocusArea VALUES('D2000094B', 'Interactive Media', NULL);
INSERT INTO studentPlans VALUES('D2000094B', TRUE, 'IT2002', 'AY 16/17 Sem 1');
INSERT INTO studentPlans VALUES('D2000094B', TRUE, 'CS2010', 'AY 16/17 Sem 1');
INSERT INTO studentPlans VALUES('D2000094B', TRUE, 'CS2281', 'AY 16/17 Sem 1');
INSERT INTO studentPlans VALUES('D2000094B', TRUE, 'CS2309', 'AY 16/17 Sem 1');
INSERT INTO studentPlans VALUES('D2000094B', TRUE, 'CS2103', 'AY 16/17 Sem 1');
INSERT INTO studentPlans VALUES('D2000094B', FALSE, 'CS2103T', 'AY 16/17 Sem 2');
INSERT INTO studentPlans VALUES('D2000094B', FALSE, 'CS2107', 'AY 16/17 Sem 2');
INSERT INTO studentPlans VALUES('D2000094B', FALSE, 'CS2105', 'AY 16/17 Sem 2');
INSERT INTO studentPlans VALUES('D2000094B', FALSE, 'CS2102', 'AY 16/17 Sem 2');
INSERT INTO studentPlans VALUES('D2000094B', FALSE, 'CS2108', 'AY 16/17 Sem 2');
INSERT INTO studentPlans VALUES('D2000094B', FALSE, 'CS3234', 'AY 17/18 Sem 1');
INSERT INTO studentPlans VALUES('D2000094B', FALSE, 'CS3246', 'AY 17/18 Sem 1');
INSERT INTO studentPlans VALUES('D2000094B', FALSE, 'CS3283', 'AY 17/18 Sem 1');
INSERT INTO studentPlans VALUES('D2000094B', FALSE, 'CS3243', 'AY 17/18 Sem 1');
INSERT INTO studentPlans VALUES('D2000094B', FALSE, 'CP3201', 'AY 17/18 Sem 1');
INSERT INTO studentPlans VALUES('D2000094B', FALSE, 'CP3880', 'AY 17/18 Sem 2');
INSERT INTO studentPlans VALUES('D2000094B', FALSE, 'CP3109', 'AY 17/18 Sem 2');
INSERT INTO studentPlans VALUES('D2000094B', FALSE, 'CS3223', 'AY 17/18 Sem 2');
INSERT INTO studentPlans VALUES('D2000094B', FALSE, 'CS3242', 'AY 17/18 Sem 2');
INSERT INTO studentPlans VALUES('D2000094B', FALSE, 'CS3230', 'AY 17/18 Sem 2');

INSERT INTO student VALUES('D2000095B', 2);
INSERT INTO takesFocusArea VALUES('D2000095B', 'Algorithms & Theory', NULL);
INSERT INTO studentPlans VALUES('D2000095B', TRUE, 'CS2107', 'AY 16/17 Sem 1');
INSERT INTO studentPlans VALUES('D2000095B', TRUE, 'CS2104', 'AY 16/17 Sem 1');
INSERT INTO studentPlans VALUES('D2000095B', TRUE, 'CS2271', 'AY 16/17 Sem 1');
INSERT INTO studentPlans VALUES('D2000095B', TRUE, 'CS2105', 'AY 16/17 Sem 1');
INSERT INTO studentPlans VALUES('D2000095B', TRUE, 'CS2100', 'AY 16/17 Sem 1');
INSERT INTO studentPlans VALUES('D2000095B', FALSE, 'CS2309', 'AY 16/17 Sem 2');
INSERT INTO studentPlans VALUES('D2000095B', FALSE, 'CS2108', 'AY 16/17 Sem 2');
INSERT INTO studentPlans VALUES('D2000095B', FALSE, 'IT2002', 'AY 16/17 Sem 2');
INSERT INTO studentPlans VALUES('D2000095B', FALSE, 'CS2281', 'AY 16/17 Sem 2');
INSERT INTO studentPlans VALUES('D2000095B', FALSE, 'CS2102', 'AY 16/17 Sem 2');
INSERT INTO studentPlans VALUES('D2000095B', FALSE, 'CS3226', 'AY 17/18 Sem 1');
INSERT INTO studentPlans VALUES('D2000095B', FALSE, 'CS3246', 'AY 17/18 Sem 1');
INSERT INTO studentPlans VALUES('D2000095B', FALSE, 'CP3108A', 'AY 17/18 Sem 1');
INSERT INTO studentPlans VALUES('D2000095B', FALSE, 'CP3880', 'AY 17/18 Sem 1');
INSERT INTO studentPlans VALUES('D2000095B', FALSE, 'CP3200', 'AY 17/18 Sem 1');
INSERT INTO studentPlans VALUES('D2000095B', FALSE, 'CP3101', 'AY 17/18 Sem 2');
INSERT INTO studentPlans VALUES('D2000095B', FALSE, 'CS3271', 'AY 17/18 Sem 2');
INSERT INTO studentPlans VALUES('D2000095B', FALSE, 'CP3108B', 'AY 17/18 Sem 2');
INSERT INTO studentPlans VALUES('D2000095B', FALSE, 'CS3216', 'AY 17/18 Sem 2');
INSERT INTO studentPlans VALUES('D2000095B', FALSE, 'CS3243', 'AY 17/18 Sem 2');

INSERT INTO student VALUES('D2000096B', 2);
INSERT INTO takesFocusArea VALUES('D2000096B', 'Visual Computing', NULL);
INSERT INTO studentPlans VALUES('D2000096B', TRUE, 'CG2271', 'AY 16/17 Sem 1');
INSERT INTO studentPlans VALUES('D2000096B', TRUE, 'CS2020', 'AY 16/17 Sem 1');
INSERT INTO studentPlans VALUES('D2000096B', TRUE, 'CS2271', 'AY 16/17 Sem 1');
INSERT INTO studentPlans VALUES('D2000096B', TRUE, 'CS2108', 'AY 16/17 Sem 1');
INSERT INTO studentPlans VALUES('D2000096B', TRUE, 'CS2106', 'AY 16/17 Sem 1');
INSERT INTO studentPlans VALUES('D2000096B', FALSE, 'CS2105', 'AY 16/17 Sem 2');
INSERT INTO studentPlans VALUES('D2000096B', FALSE, 'CS2103', 'AY 16/17 Sem 2');
INSERT INTO studentPlans VALUES('D2000096B', FALSE, 'CS2104', 'AY 16/17 Sem 2');
INSERT INTO studentPlans VALUES('D2000096B', FALSE, 'CS2220', 'AY 16/17 Sem 2');
INSERT INTO studentPlans VALUES('D2000096B', FALSE, 'CP2201', 'AY 16/17 Sem 2');
INSERT INTO studentPlans VALUES('D2000096B', FALSE, 'CS3283', 'AY 17/18 Sem 1');
INSERT INTO studentPlans VALUES('D2000096B', FALSE, 'CS3210', 'AY 17/18 Sem 1');
INSERT INTO studentPlans VALUES('D2000096B', FALSE, 'CS3233', 'AY 17/18 Sem 1');
INSERT INTO studentPlans VALUES('D2000096B', FALSE, 'CS3223', 'AY 17/18 Sem 1');
INSERT INTO studentPlans VALUES('D2000096B', FALSE, 'CS3202', 'AY 17/18 Sem 1');
INSERT INTO studentPlans VALUES('D2000096B', FALSE, 'CP3108B', 'AY 17/18 Sem 2');
INSERT INTO studentPlans VALUES('D2000096B', FALSE, 'CP3109', 'AY 17/18 Sem 2');
INSERT INTO studentPlans VALUES('D2000096B', FALSE, 'CS3271', 'AY 17/18 Sem 2');
INSERT INTO studentPlans VALUES('D2000096B', FALSE, 'CS3240', 'AY 17/18 Sem 2');
INSERT INTO studentPlans VALUES('D2000096B', FALSE, 'CS3216', 'AY 17/18 Sem 2');

INSERT INTO student VALUES('D2000097B', 2);
INSERT INTO takesFocusArea VALUES('D2000097B', 'Computer Security', NULL);
INSERT INTO studentPlans VALUES('D2000097B', TRUE, 'CS2020', 'AY 16/17 Sem 1');
INSERT INTO studentPlans VALUES('D2000097B', TRUE, 'CS2106', 'AY 16/17 Sem 1');
INSERT INTO studentPlans VALUES('D2000097B', TRUE, 'CS2102', 'AY 16/17 Sem 1');
INSERT INTO studentPlans VALUES('D2000097B', TRUE, 'CS2104', 'AY 16/17 Sem 1');
INSERT INTO studentPlans VALUES('D2000097B', TRUE, 'CS2271', 'AY 16/17 Sem 1');
INSERT INTO studentPlans VALUES('D2000097B', FALSE, 'CS2309', 'AY 16/17 Sem 2');
INSERT INTO studentPlans VALUES('D2000097B', FALSE, 'CS2103T', 'AY 16/17 Sem 2');
INSERT INTO studentPlans VALUES('D2000097B', FALSE, 'CS2107', 'AY 16/17 Sem 2');
INSERT INTO studentPlans VALUES('D2000097B', FALSE, 'CS2103', 'AY 16/17 Sem 2');
INSERT INTO studentPlans VALUES('D2000097B', FALSE, 'CS2105', 'AY 16/17 Sem 2');
INSERT INTO studentPlans VALUES('D2000097B', FALSE, 'CP3101', 'AY 17/18 Sem 1');
INSERT INTO studentPlans VALUES('D2000097B', FALSE, 'CS3243', 'AY 17/18 Sem 1');
INSERT INTO studentPlans VALUES('D2000097B', FALSE, 'CS3242', 'AY 17/18 Sem 1');
INSERT INTO studentPlans VALUES('D2000097B', FALSE, 'CP3880', 'AY 17/18 Sem 1');
INSERT INTO studentPlans VALUES('D2000097B', FALSE, 'CS3202', 'AY 17/18 Sem 1');
INSERT INTO studentPlans VALUES('D2000097B', FALSE, 'CP3201', 'AY 17/18 Sem 2');
INSERT INTO studentPlans VALUES('D2000097B', FALSE, 'CS3215', 'AY 17/18 Sem 2');
INSERT INTO studentPlans VALUES('D2000097B', FALSE, 'CS3221', 'AY 17/18 Sem 2');
INSERT INTO studentPlans VALUES('D2000097B', FALSE, 'CS3230', 'AY 17/18 Sem 2');
INSERT INTO studentPlans VALUES('D2000097B', FALSE, 'CS3244', 'AY 17/18 Sem 2');

INSERT INTO student VALUES('D2000098B', 2);
INSERT INTO takesFocusArea VALUES('D2000098B', 'Algorithms & Theory', NULL);
INSERT INTO studentPlans VALUES('D2000098B', TRUE, 'CS2100', 'AY 16/17 Sem 1');
INSERT INTO studentPlans VALUES('D2000098B', TRUE, 'CS2105', 'AY 16/17 Sem 1');
INSERT INTO studentPlans VALUES('D2000098B', TRUE, 'CS2010', 'AY 16/17 Sem 1');
INSERT INTO studentPlans VALUES('D2000098B', TRUE, 'CS2309', 'AY 16/17 Sem 1');
INSERT INTO studentPlans VALUES('D2000098B', TRUE, 'CS2102', 'AY 16/17 Sem 1');
INSERT INTO studentPlans VALUES('D2000098B', FALSE, 'CS2107', 'AY 16/17 Sem 2');
INSERT INTO studentPlans VALUES('D2000098B', FALSE, 'CG2271', 'AY 16/17 Sem 2');
INSERT INTO studentPlans VALUES('D2000098B', FALSE, 'CS2103T', 'AY 16/17 Sem 2');
INSERT INTO studentPlans VALUES('D2000098B', FALSE, 'CP2201', 'AY 16/17 Sem 2');
INSERT INTO studentPlans VALUES('D2000098B', FALSE, 'CS2104', 'AY 16/17 Sem 2');
INSERT INTO studentPlans VALUES('D2000098B', FALSE, 'CS3236', 'AY 17/18 Sem 1');
INSERT INTO studentPlans VALUES('D2000098B', FALSE, 'CS3226', 'AY 17/18 Sem 1');
INSERT INTO studentPlans VALUES('D2000098B', FALSE, 'CS3282', 'AY 17/18 Sem 1');
INSERT INTO studentPlans VALUES('D2000098B', FALSE, 'CP3101A', 'AY 17/18 Sem 1');
INSERT INTO studentPlans VALUES('D2000098B', FALSE, 'CS3217', 'AY 17/18 Sem 1');
INSERT INTO studentPlans VALUES('D2000098B', FALSE, 'CS3212', 'AY 17/18 Sem 2');
INSERT INTO studentPlans VALUES('D2000098B', FALSE, 'CS3230', 'AY 17/18 Sem 2');
INSERT INTO studentPlans VALUES('D2000098B', FALSE, 'CP3109', 'AY 17/18 Sem 2');
INSERT INTO studentPlans VALUES('D2000098B', FALSE, 'CS3215', 'AY 17/18 Sem 2');
INSERT INTO studentPlans VALUES('D2000098B', FALSE, 'CP3106', 'AY 17/18 Sem 2');

INSERT INTO student VALUES('D2000099B', 2);
INSERT INTO takesFocusArea VALUES('D2000099B', 'Programming Languages', NULL);
INSERT INTO studentPlans VALUES('D2000099B', TRUE, 'CS2105', 'AY 16/17 Sem 1');
INSERT INTO studentPlans VALUES('D2000099B', TRUE, 'CS2220', 'AY 16/17 Sem 1');
INSERT INTO studentPlans VALUES('D2000099B', TRUE, 'CG2271', 'AY 16/17 Sem 1');
INSERT INTO studentPlans VALUES('D2000099B', TRUE, 'CS2108', 'AY 16/17 Sem 1');
INSERT INTO studentPlans VALUES('D2000099B', TRUE, 'IT2002', 'AY 16/17 Sem 1');
INSERT INTO studentPlans VALUES('D2000099B', FALSE, 'CS2103', 'AY 16/17 Sem 2');
INSERT INTO studentPlans VALUES('D2000099B', FALSE, 'CS2103T', 'AY 16/17 Sem 2');
INSERT INTO studentPlans VALUES('D2000099B', FALSE, 'IT2001', 'AY 16/17 Sem 2');
INSERT INTO studentPlans VALUES('D2000099B', FALSE, 'CS2107', 'AY 16/17 Sem 2');
INSERT INTO studentPlans VALUES('D2000099B', FALSE, 'CS2101', 'AY 16/17 Sem 2');
INSERT INTO studentPlans VALUES('D2000099B', FALSE, 'CS3234', 'AY 17/18 Sem 1');
INSERT INTO studentPlans VALUES('D2000099B', FALSE, 'CS3882', 'AY 17/18 Sem 1');
INSERT INTO studentPlans VALUES('D2000099B', FALSE, 'CP3208', 'AY 17/18 Sem 1');
INSERT INTO studentPlans VALUES('D2000099B', FALSE, 'CS3236', 'AY 17/18 Sem 1');
INSERT INTO studentPlans VALUES('D2000099B', FALSE, 'CP3108A', 'AY 17/18 Sem 1');
INSERT INTO studentPlans VALUES('D2000099B', FALSE, 'CP3881', 'AY 17/18 Sem 2');
INSERT INTO studentPlans VALUES('D2000099B', FALSE, 'CS3219', 'AY 17/18 Sem 2');
INSERT INTO studentPlans VALUES('D2000099B', FALSE, 'CS3230', 'AY 17/18 Sem 2');
INSERT INTO studentPlans VALUES('D2000099B', FALSE, 'CP3101A', 'AY 17/18 Sem 2');
INSERT INTO studentPlans VALUES('D2000099B', FALSE, 'CS3213', 'AY 17/18 Sem 2');

INSERT INTO student VALUES('D3000000B', 3);
INSERT INTO takesFocusArea VALUES('D3000000B', 'Programming Languages', NULL);
INSERT INTO studentPlans VALUES('D3000000B', TRUE, 'CS3282', 'AY 16/17 Sem 1');
INSERT INTO studentPlans VALUES('D3000000B', TRUE, 'CS3220', 'AY 16/17 Sem 1');
INSERT INTO studentPlans VALUES('D3000000B', TRUE, 'CS3202', 'AY 16/17 Sem 1');
INSERT INTO studentPlans VALUES('D3000000B', TRUE, 'CP3881', 'AY 16/17 Sem 1');
INSERT INTO studentPlans VALUES('D3000000B', TRUE, 'CP3106', 'AY 16/17 Sem 1');
INSERT INTO studentPlans VALUES('D3000000B', FALSE, 'CP3202', 'AY 16/17 Sem 2');
INSERT INTO studentPlans VALUES('D3000000B', FALSE, 'CS3103L', 'AY 16/17 Sem 2');
INSERT INTO studentPlans VALUES('D3000000B', FALSE, 'CS3249', 'AY 16/17 Sem 2');
INSERT INTO studentPlans VALUES('D3000000B', FALSE, 'CS3343', 'AY 16/17 Sem 2');
INSERT INTO studentPlans VALUES('D3000000B', FALSE, 'CS3103', 'AY 16/17 Sem 2');
INSERT INTO studentPlans VALUES('D3000000B', FALSE, 'CS4223', 'AY 17/18 Sem 1');
INSERT INTO studentPlans VALUES('D3000000B', FALSE, 'CS4242', 'AY 17/18 Sem 1');
INSERT INTO studentPlans VALUES('D3000000B', FALSE, 'CS4350', 'AY 17/18 Sem 1');
INSERT INTO studentPlans VALUES('D3000000B', FALSE, 'CS4237', 'AY 17/18 Sem 1');
INSERT INTO studentPlans VALUES('D3000000B', FALSE, 'CS4345', 'AY 17/18 Sem 1');
INSERT INTO studentPlans VALUES('D3000000B', FALSE, 'CS4249', 'AY 17/18 Sem 2');
INSERT INTO studentPlans VALUES('D3000000B', FALSE, 'XFC4101', 'AY 17/18 Sem 2');
INSERT INTO studentPlans VALUES('D3000000B', FALSE, 'CS4211', 'AY 17/18 Sem 2');
INSERT INTO studentPlans VALUES('D3000000B', FALSE, 'CS4243', 'AY 17/18 Sem 2');
INSERT INTO studentPlans VALUES('D3000000B', FALSE, 'CS4241', 'AY 17/18 Sem 2');

INSERT INTO student VALUES('D3000001B', 3);
INSERT INTO takesFocusArea VALUES('D3000001B', 'Computer Security', NULL);
INSERT INTO studentPlans VALUES('D3000001B', TRUE, 'CS3245', 'AY 16/17 Sem 1');
INSERT INTO studentPlans VALUES('D3000001B', TRUE, 'CS3103L', 'AY 16/17 Sem 1');
INSERT INTO studentPlans VALUES('D3000001B', TRUE, 'CP3101', 'AY 16/17 Sem 1');
INSERT INTO studentPlans VALUES('D3000001B', TRUE, 'CP3109', 'AY 16/17 Sem 1');
INSERT INTO studentPlans VALUES('D3000001B', TRUE, 'CS3243', 'AY 16/17 Sem 1');
INSERT INTO studentPlans VALUES('D3000001B', FALSE, 'CP3208', 'AY 16/17 Sem 2');
INSERT INTO studentPlans VALUES('D3000001B', FALSE, 'CS3236', 'AY 16/17 Sem 2');
INSERT INTO studentPlans VALUES('D3000001B', FALSE, 'CS3241', 'AY 16/17 Sem 2');
INSERT INTO studentPlans VALUES('D3000001B', FALSE, 'CS3283', 'AY 16/17 Sem 2');
INSERT INTO studentPlans VALUES('D3000001B', FALSE, 'CP3200', 'AY 16/17 Sem 2');
INSERT INTO studentPlans VALUES('D3000001B', FALSE, 'CS4271', 'AY 17/18 Sem 1');
INSERT INTO studentPlans VALUES('D3000001B', FALSE, 'CS4214', 'AY 17/18 Sem 1');
INSERT INTO studentPlans VALUES('D3000001B', FALSE, 'CS4235', 'AY 17/18 Sem 1');
INSERT INTO studentPlans VALUES('D3000001B', FALSE, 'CS4223', 'AY 17/18 Sem 1');
INSERT INTO studentPlans VALUES('D3000001B', FALSE, 'CS4221', 'AY 17/18 Sem 1');
INSERT INTO studentPlans VALUES('D3000001B', FALSE, 'CS4218', 'AY 17/18 Sem 2');
INSERT INTO studentPlans VALUES('D3000001B', FALSE, 'CS4226', 'AY 17/18 Sem 2');
INSERT INTO studentPlans VALUES('D3000001B', FALSE, 'CS4350', 'AY 17/18 Sem 2');
INSERT INTO studentPlans VALUES('D3000001B', FALSE, 'CS4234', 'AY 17/18 Sem 2');
INSERT INTO studentPlans VALUES('D3000001B', FALSE, 'CS4212', 'AY 17/18 Sem 2');

INSERT INTO student VALUES('D3000002B', 3);
INSERT INTO takesFocusArea VALUES('D3000002B', 'Software Engineering', NULL);
INSERT INTO studentPlans VALUES('D3000002B', TRUE, 'CS3242', 'AY 16/17 Sem 1');
INSERT INTO studentPlans VALUES('D3000002B', TRUE, 'CS3201', 'AY 16/17 Sem 1');
INSERT INTO studentPlans VALUES('D3000002B', TRUE, 'CS3220', 'AY 16/17 Sem 1');
INSERT INTO studentPlans VALUES('D3000002B', TRUE, 'CS3230', 'AY 16/17 Sem 1');
INSERT INTO studentPlans VALUES('D3000002B', TRUE, 'CS3243', 'AY 16/17 Sem 1');
INSERT INTO studentPlans VALUES('D3000002B', FALSE, 'CS3246', 'AY 16/17 Sem 2');
INSERT INTO studentPlans VALUES('D3000002B', FALSE, 'CP3101', 'AY 16/17 Sem 2');
INSERT INTO studentPlans VALUES('D3000002B', FALSE, 'CS3236', 'AY 16/17 Sem 2');
INSERT INTO studentPlans VALUES('D3000002B', FALSE, 'CS3218', 'AY 16/17 Sem 2');
INSERT INTO studentPlans VALUES('D3000002B', FALSE, 'CS3225', 'AY 16/17 Sem 2');
INSERT INTO studentPlans VALUES('D3000002B', FALSE, 'CS4880', 'AY 17/18 Sem 1');
INSERT INTO studentPlans VALUES('D3000002B', FALSE, 'CS4224', 'AY 17/18 Sem 1');
INSERT INTO studentPlans VALUES('D3000002B', FALSE, 'CS4238', 'AY 17/18 Sem 1');
INSERT INTO studentPlans VALUES('D3000002B', FALSE, 'CS4220', 'AY 17/18 Sem 1');
INSERT INTO studentPlans VALUES('D3000002B', FALSE, 'CS4244', 'AY 17/18 Sem 1');
INSERT INTO studentPlans VALUES('D3000002B', FALSE, 'CS4222', 'AY 17/18 Sem 2');
INSERT INTO studentPlans VALUES('D3000002B', FALSE, 'CS4243', 'AY 17/18 Sem 2');
INSERT INTO studentPlans VALUES('D3000002B', FALSE, 'CS4214', 'AY 17/18 Sem 2');
INSERT INTO studentPlans VALUES('D3000002B', FALSE, 'CS4217', 'AY 17/18 Sem 2');
INSERT INTO studentPlans VALUES('D3000002B', FALSE, 'CS4225', 'AY 17/18 Sem 2');

INSERT INTO student VALUES('D3000003B', 3);
INSERT INTO takesFocusArea VALUES('D3000003B', 'Computer Security', NULL);
INSERT INTO studentPlans VALUES('D3000003B', TRUE, 'CS3221', 'AY 16/17 Sem 1');
INSERT INTO studentPlans VALUES('D3000003B', TRUE, 'CS3235', 'AY 16/17 Sem 1');
INSERT INTO studentPlans VALUES('D3000003B', TRUE, 'CS3343', 'AY 16/17 Sem 1');
INSERT INTO studentPlans VALUES('D3000003B', TRUE, 'CS3243', 'AY 16/17 Sem 1');
INSERT INTO studentPlans VALUES('D3000003B', TRUE, 'CS3103L', 'AY 16/17 Sem 1');
INSERT INTO studentPlans VALUES('D3000003B', FALSE, 'CS3201', 'AY 16/17 Sem 2');
INSERT INTO studentPlans VALUES('D3000003B', FALSE, 'CS3230', 'AY 16/17 Sem 2');
INSERT INTO studentPlans VALUES('D3000003B', FALSE, 'CS3233', 'AY 16/17 Sem 2');
INSERT INTO studentPlans VALUES('D3000003B', FALSE, 'CS3246', 'AY 16/17 Sem 2');
INSERT INTO studentPlans VALUES('D3000003B', FALSE, 'CS3242', 'AY 16/17 Sem 2');
INSERT INTO studentPlans VALUES('D3000003B', FALSE, 'CS4231', 'AY 17/18 Sem 1');
INSERT INTO studentPlans VALUES('D3000003B', FALSE, 'CS4244', 'AY 17/18 Sem 1');
INSERT INTO studentPlans VALUES('D3000003B', FALSE, 'CS4215', 'AY 17/18 Sem 1');
INSERT INTO studentPlans VALUES('D3000003B', FALSE, 'CS4347', 'AY 17/18 Sem 1');
INSERT INTO studentPlans VALUES('D3000003B', FALSE, 'CS4242', 'AY 17/18 Sem 1');
INSERT INTO studentPlans VALUES('D3000003B', FALSE, 'CS4221', 'AY 17/18 Sem 2');
INSERT INTO studentPlans VALUES('D3000003B', FALSE, 'CS4344', 'AY 17/18 Sem 2');
INSERT INTO studentPlans VALUES('D3000003B', FALSE, 'CP4101', 'AY 17/18 Sem 2');
INSERT INTO studentPlans VALUES('D3000003B', FALSE, 'CS4248', 'AY 17/18 Sem 2');
INSERT INTO studentPlans VALUES('D3000003B', FALSE, 'CS4223', 'AY 17/18 Sem 2');

INSERT INTO student VALUES('D3000004B', 3);
INSERT INTO takesFocusArea VALUES('D3000004B', 'Computer Security', NULL);
INSERT INTO studentPlans VALUES('D3000004B', TRUE, 'CP3108B', 'AY 16/17 Sem 1');
INSERT INTO studentPlans VALUES('D3000004B', TRUE, 'CS3220', 'AY 16/17 Sem 1');
INSERT INTO studentPlans VALUES('D3000004B', TRUE, 'CS3213', 'AY 16/17 Sem 1');
INSERT INTO studentPlans VALUES('D3000004B', TRUE, 'CP3880', 'AY 16/17 Sem 1');
INSERT INTO studentPlans VALUES('D3000004B', TRUE, 'CS3219', 'AY 16/17 Sem 1');
INSERT INTO studentPlans VALUES('D3000004B', FALSE, 'CS3283', 'AY 16/17 Sem 2');
INSERT INTO studentPlans VALUES('D3000004B', FALSE, 'CP3106', 'AY 16/17 Sem 2');
INSERT INTO studentPlans VALUES('D3000004B', FALSE, 'CS3245', 'AY 16/17 Sem 2');
INSERT INTO studentPlans VALUES('D3000004B', FALSE, 'CP3101', 'AY 16/17 Sem 2');
INSERT INTO studentPlans VALUES('D3000004B', FALSE, 'CS3240', 'AY 16/17 Sem 2');
INSERT INTO studentPlans VALUES('D3000004B', FALSE, 'CS4248', 'AY 17/18 Sem 1');
INSERT INTO studentPlans VALUES('D3000004B', FALSE, 'CS4247', 'AY 17/18 Sem 1');
INSERT INTO studentPlans VALUES('D3000004B', FALSE, 'CS4344', 'AY 17/18 Sem 1');
INSERT INTO studentPlans VALUES('D3000004B', FALSE, 'CS4216', 'AY 17/18 Sem 1');
INSERT INTO studentPlans VALUES('D3000004B', FALSE, 'CS4243', 'AY 17/18 Sem 1');
INSERT INTO studentPlans VALUES('D3000004B', FALSE, 'CS4222', 'AY 17/18 Sem 2');
INSERT INTO studentPlans VALUES('D3000004B', FALSE, 'CS4212', 'AY 17/18 Sem 2');
INSERT INTO studentPlans VALUES('D3000004B', FALSE, 'CS4244', 'AY 17/18 Sem 2');
INSERT INTO studentPlans VALUES('D3000004B', FALSE, 'CS4232', 'AY 17/18 Sem 2');
INSERT INTO studentPlans VALUES('D3000004B', FALSE, 'CS4347', 'AY 17/18 Sem 2');

INSERT INTO student VALUES('D3000005B', 3);
INSERT INTO takesFocusArea VALUES('D3000005B', 'Programming Languages', NULL);
INSERT INTO studentPlans VALUES('D3000005B', TRUE, 'CS3216', 'AY 16/17 Sem 1');
INSERT INTO studentPlans VALUES('D3000005B', TRUE, 'CS3218', 'AY 16/17 Sem 1');
INSERT INTO studentPlans VALUES('D3000005B', TRUE, 'CS3244', 'AY 16/17 Sem 1');
INSERT INTO studentPlans VALUES('D3000005B', TRUE, 'CS3241', 'AY 16/17 Sem 1');
INSERT INTO studentPlans VALUES('D3000005B', TRUE, 'CS3220', 'AY 16/17 Sem 1');
INSERT INTO studentPlans VALUES('D3000005B', FALSE, 'CS3219', 'AY 16/17 Sem 2');
INSERT INTO studentPlans VALUES('D3000005B', FALSE, 'CS3245', 'AY 16/17 Sem 2');
INSERT INTO studentPlans VALUES('D3000005B', FALSE, 'CS3213', 'AY 16/17 Sem 2');
INSERT INTO studentPlans VALUES('D3000005B', FALSE, 'CS3283', 'AY 16/17 Sem 2');
INSERT INTO studentPlans VALUES('D3000005B', FALSE, 'CS3240', 'AY 16/17 Sem 2');
INSERT INTO studentPlans VALUES('D3000005B', FALSE, 'CS4271', 'AY 17/18 Sem 1');
INSERT INTO studentPlans VALUES('D3000005B', FALSE, 'CS4235', 'AY 17/18 Sem 1');
INSERT INTO studentPlans VALUES('D3000005B', FALSE, 'CS4211', 'AY 17/18 Sem 1');
INSERT INTO studentPlans VALUES('D3000005B', FALSE, 'CS4242', 'AY 17/18 Sem 1');
INSERT INTO studentPlans VALUES('D3000005B', FALSE, 'CS4238', 'AY 17/18 Sem 1');
INSERT INTO studentPlans VALUES('D3000005B', FALSE, 'CS4224', 'AY 17/18 Sem 2');
INSERT INTO studentPlans VALUES('D3000005B', FALSE, 'CS4340', 'AY 17/18 Sem 2');
INSERT INTO studentPlans VALUES('D3000005B', FALSE, 'CS4347', 'AY 17/18 Sem 2');
INSERT INTO studentPlans VALUES('D3000005B', FALSE, 'CS4247', 'AY 17/18 Sem 2');
INSERT INTO studentPlans VALUES('D3000005B', FALSE, 'CS4345', 'AY 17/18 Sem 2');

INSERT INTO student VALUES('D3000006B', 3);
INSERT INTO takesFocusArea VALUES('D3000006B', 'Computer Security', NULL);
INSERT INTO studentPlans VALUES('D3000006B', TRUE, 'CS3241', 'AY 16/17 Sem 1');
INSERT INTO studentPlans VALUES('D3000006B', TRUE, 'CS3212', 'AY 16/17 Sem 1');
INSERT INTO studentPlans VALUES('D3000006B', TRUE, 'CS3213', 'AY 16/17 Sem 1');
INSERT INTO studentPlans VALUES('D3000006B', TRUE, 'CS3245', 'AY 16/17 Sem 1');
INSERT INTO studentPlans VALUES('D3000006B', TRUE, 'CP3200', 'AY 16/17 Sem 1');
INSERT INTO studentPlans VALUES('D3000006B', FALSE, 'CS3882', 'AY 16/17 Sem 2');
INSERT INTO studentPlans VALUES('D3000006B', FALSE, 'CS3215', 'AY 16/17 Sem 2');
INSERT INTO studentPlans VALUES('D3000006B', FALSE, 'CS3234', 'AY 16/17 Sem 2');
INSERT INTO studentPlans VALUES('D3000006B', FALSE, 'CS3242', 'AY 16/17 Sem 2');
INSERT INTO studentPlans VALUES('D3000006B', FALSE, 'CG3204L', 'AY 16/17 Sem 2');
INSERT INTO studentPlans VALUES('D3000006B', FALSE, 'CS4249', 'AY 17/18 Sem 1');
INSERT INTO studentPlans VALUES('D3000006B', FALSE, 'CS4218', 'AY 17/18 Sem 1');
INSERT INTO studentPlans VALUES('D3000006B', FALSE, 'CS4243', 'AY 17/18 Sem 1');
INSERT INTO studentPlans VALUES('D3000006B', FALSE, 'XFC4101', 'AY 17/18 Sem 1');
INSERT INTO studentPlans VALUES('D3000006B', FALSE, 'CS4215', 'AY 17/18 Sem 1');
INSERT INTO studentPlans VALUES('D3000006B', FALSE, 'CS4224', 'AY 17/18 Sem 2');
INSERT INTO studentPlans VALUES('D3000006B', FALSE, 'CS4238', 'AY 17/18 Sem 2');
INSERT INTO studentPlans VALUES('D3000006B', FALSE, 'CS4237', 'AY 17/18 Sem 2');
INSERT INTO studentPlans VALUES('D3000006B', FALSE, 'CS4217', 'AY 17/18 Sem 2');
INSERT INTO studentPlans VALUES('D3000006B', FALSE, 'CS4340', 'AY 17/18 Sem 2');

INSERT INTO student VALUES('D3000007B', 3);
INSERT INTO takesFocusArea VALUES('D3000007B', 'Artificial Intelligence', NULL);
INSERT INTO studentPlans VALUES('D3000007B', TRUE, 'CP3201', 'AY 16/17 Sem 1');
INSERT INTO studentPlans VALUES('D3000007B', TRUE, 'CS3245', 'AY 16/17 Sem 1');
INSERT INTO studentPlans VALUES('D3000007B', TRUE, 'CS3244', 'AY 16/17 Sem 1');
INSERT INTO studentPlans VALUES('D3000007B', TRUE, 'CP3200', 'AY 16/17 Sem 1');
INSERT INTO studentPlans VALUES('D3000007B', TRUE, 'CS3225', 'AY 16/17 Sem 1');
INSERT INTO studentPlans VALUES('D3000007B', FALSE, 'CS3202', 'AY 16/17 Sem 2');
INSERT INTO studentPlans VALUES('D3000007B', FALSE, 'CS3226', 'AY 16/17 Sem 2');
INSERT INTO studentPlans VALUES('D3000007B', FALSE, 'CS3235', 'AY 16/17 Sem 2');
INSERT INTO studentPlans VALUES('D3000007B', FALSE, 'CS3882', 'AY 16/17 Sem 2');
INSERT INTO studentPlans VALUES('D3000007B', FALSE, 'CS3230', 'AY 16/17 Sem 2');
INSERT INTO studentPlans VALUES('D3000007B', FALSE, 'CS4239', 'AY 17/18 Sem 1');
INSERT INTO studentPlans VALUES('D3000007B', FALSE, 'CS4240', 'AY 17/18 Sem 1');
INSERT INTO studentPlans VALUES('D3000007B', FALSE, 'CS4224', 'AY 17/18 Sem 1');
INSERT INTO studentPlans VALUES('D3000007B', FALSE, 'CS4226', 'AY 17/18 Sem 1');
INSERT INTO studentPlans VALUES('D3000007B', FALSE, 'CS4340', 'AY 17/18 Sem 1');
INSERT INTO studentPlans VALUES('D3000007B', FALSE, 'CS4235', 'AY 17/18 Sem 2');
INSERT INTO studentPlans VALUES('D3000007B', FALSE, 'CS4249', 'AY 17/18 Sem 2');
INSERT INTO studentPlans VALUES('D3000007B', FALSE, 'CS4247', 'AY 17/18 Sem 2');
INSERT INTO studentPlans VALUES('D3000007B', FALSE, 'CS4242', 'AY 17/18 Sem 2');
INSERT INTO studentPlans VALUES('D3000007B', FALSE, 'CS4347', 'AY 17/18 Sem 2');

INSERT INTO student VALUES('D3000008B', 3);
INSERT INTO takesFocusArea VALUES('D3000008B', 'Computer Security', NULL);
INSERT INTO studentPlans VALUES('D3000008B', TRUE, 'CS3240', 'AY 16/17 Sem 1');
INSERT INTO studentPlans VALUES('D3000008B', TRUE, 'CS3234', 'AY 16/17 Sem 1');
INSERT INTO studentPlans VALUES('D3000008B', TRUE, 'CP3208', 'AY 16/17 Sem 1');
INSERT INTO studentPlans VALUES('D3000008B', TRUE, 'CS3220', 'AY 16/17 Sem 1');
INSERT INTO studentPlans VALUES('D3000008B', TRUE, 'CS3210', 'AY 16/17 Sem 1');
INSERT INTO studentPlans VALUES('D3000008B', FALSE, 'CP3101C', 'AY 16/17 Sem 2');
INSERT INTO studentPlans VALUES('D3000008B', FALSE, 'CG3002', 'AY 16/17 Sem 2');
INSERT INTO studentPlans VALUES('D3000008B', FALSE, 'CS3241', 'AY 16/17 Sem 2');
INSERT INTO studentPlans VALUES('D3000008B', FALSE, 'CP3109', 'AY 16/17 Sem 2');
INSERT INTO studentPlans VALUES('D3000008B', FALSE, 'CS3281', 'AY 16/17 Sem 2');
INSERT INTO studentPlans VALUES('D3000008B', FALSE, 'CS4248', 'AY 17/18 Sem 1');
INSERT INTO studentPlans VALUES('D3000008B', FALSE, 'CS4212', 'AY 17/18 Sem 1');
INSERT INTO studentPlans VALUES('D3000008B', FALSE, 'CS4218', 'AY 17/18 Sem 1');
INSERT INTO studentPlans VALUES('D3000008B', FALSE, 'CS4235', 'AY 17/18 Sem 1');
INSERT INTO studentPlans VALUES('D3000008B', FALSE, 'CS4222', 'AY 17/18 Sem 1');
INSERT INTO studentPlans VALUES('D3000008B', FALSE, 'CS4247', 'AY 17/18 Sem 2');
INSERT INTO studentPlans VALUES('D3000008B', FALSE, 'CS4344', 'AY 17/18 Sem 2');
INSERT INTO studentPlans VALUES('D3000008B', FALSE, 'CS4246', 'AY 17/18 Sem 2');
INSERT INTO studentPlans VALUES('D3000008B', FALSE, 'CS4223', 'AY 17/18 Sem 2');
INSERT INTO studentPlans VALUES('D3000008B', FALSE, 'CS4220', 'AY 17/18 Sem 2');

INSERT INTO student VALUES('D3000009B', 3);
INSERT INTO takesFocusArea VALUES('D3000009B', 'Programming Languages', NULL);
INSERT INTO studentPlans VALUES('D3000009B', TRUE, 'CS3882', 'AY 16/17 Sem 1');
INSERT INTO studentPlans VALUES('D3000009B', TRUE, 'CS3244', 'AY 16/17 Sem 1');
INSERT INTO studentPlans VALUES('D3000009B', TRUE, 'CS3242', 'AY 16/17 Sem 1');
INSERT INTO studentPlans VALUES('D3000009B', TRUE, 'CP3201', 'AY 16/17 Sem 1');
INSERT INTO studentPlans VALUES('D3000009B', TRUE, 'CS3205', 'AY 16/17 Sem 1');
INSERT INTO studentPlans VALUES('D3000009B', FALSE, 'CP3108A', 'AY 16/17 Sem 2');
INSERT INTO studentPlans VALUES('D3000009B', FALSE, 'CS3213', 'AY 16/17 Sem 2');
INSERT INTO studentPlans VALUES('D3000009B', FALSE, 'CP3106', 'AY 16/17 Sem 2');
INSERT INTO studentPlans VALUES('D3000009B', FALSE, 'CP3108B', 'AY 16/17 Sem 2');
INSERT INTO studentPlans VALUES('D3000009B', FALSE, 'CS3226', 'AY 16/17 Sem 2');
INSERT INTO studentPlans VALUES('D3000009B', FALSE, 'CS4347', 'AY 17/18 Sem 1');
INSERT INTO studentPlans VALUES('D3000009B', FALSE, 'CS4215', 'AY 17/18 Sem 1');
INSERT INTO studentPlans VALUES('D3000009B', FALSE, 'CS4226', 'AY 17/18 Sem 1');
INSERT INTO studentPlans VALUES('D3000009B', FALSE, 'CS4217', 'AY 17/18 Sem 1');
INSERT INTO studentPlans VALUES('D3000009B', FALSE, 'CS4222', 'AY 17/18 Sem 1');
INSERT INTO studentPlans VALUES('D3000009B', FALSE, 'CS4880', 'AY 17/18 Sem 2');
INSERT INTO studentPlans VALUES('D3000009B', FALSE, 'CS4225', 'AY 17/18 Sem 2');
INSERT INTO studentPlans VALUES('D3000009B', FALSE, 'CS4243', 'AY 17/18 Sem 2');
INSERT INTO studentPlans VALUES('D3000009B', FALSE, 'CS4220', 'AY 17/18 Sem 2');
INSERT INTO studentPlans VALUES('D3000009B', FALSE, 'CS4241', 'AY 17/18 Sem 2');

INSERT INTO student VALUES('D3000010B', 3);
INSERT INTO takesFocusArea VALUES('D3000010B', 'Computer Graphics and Games', NULL);
INSERT INTO studentPlans VALUES('D3000010B', TRUE, 'CP3200', 'AY 16/17 Sem 1');
INSERT INTO studentPlans VALUES('D3000010B', TRUE, 'CS3202', 'AY 16/17 Sem 1');
INSERT INTO studentPlans VALUES('D3000010B', TRUE, 'CS3211', 'AY 16/17 Sem 1');
INSERT INTO studentPlans VALUES('D3000010B', TRUE, 'CS3243', 'AY 16/17 Sem 1');
INSERT INTO studentPlans VALUES('D3000010B', TRUE, 'CS3220', 'AY 16/17 Sem 1');
INSERT INTO studentPlans VALUES('D3000010B', FALSE, 'CS3282', 'AY 16/17 Sem 2');
INSERT INTO studentPlans VALUES('D3000010B', FALSE, 'CP3880', 'AY 16/17 Sem 2');
INSERT INTO studentPlans VALUES('D3000010B', FALSE, 'CS3215', 'AY 16/17 Sem 2');
INSERT INTO studentPlans VALUES('D3000010B', FALSE, 'CP3108B', 'AY 16/17 Sem 2');
INSERT INTO studentPlans VALUES('D3000010B', FALSE, 'CS3230', 'AY 16/17 Sem 2');
INSERT INTO studentPlans VALUES('D3000010B', FALSE, 'CS4239', 'AY 17/18 Sem 1');
INSERT INTO studentPlans VALUES('D3000010B', FALSE, 'CS4248', 'AY 17/18 Sem 1');
INSERT INTO studentPlans VALUES('D3000010B', FALSE, 'CS4222', 'AY 17/18 Sem 1');
INSERT INTO studentPlans VALUES('D3000010B', FALSE, 'CS4237', 'AY 17/18 Sem 1');
INSERT INTO studentPlans VALUES('D3000010B', FALSE, 'CS4212', 'AY 17/18 Sem 1');
INSERT INTO studentPlans VALUES('D3000010B', FALSE, 'CS4220', 'AY 17/18 Sem 2');
INSERT INTO studentPlans VALUES('D3000010B', FALSE, 'XFC4101', 'AY 17/18 Sem 2');
INSERT INTO studentPlans VALUES('D3000010B', FALSE, 'CS4241', 'AY 17/18 Sem 2');
INSERT INTO studentPlans VALUES('D3000010B', FALSE, 'CS4214', 'AY 17/18 Sem 2');
INSERT INTO studentPlans VALUES('D3000010B', FALSE, 'CS4246', 'AY 17/18 Sem 2');

INSERT INTO student VALUES('D3000011B', 3);
INSERT INTO takesFocusArea VALUES('D3000011B', 'Database Systems', NULL);
INSERT INTO studentPlans VALUES('D3000011B', TRUE, 'CS3103', 'AY 16/17 Sem 1');
INSERT INTO studentPlans VALUES('D3000011B', TRUE, 'CS3241', 'AY 16/17 Sem 1');
INSERT INTO studentPlans VALUES('D3000011B', TRUE, 'CS3247', 'AY 16/17 Sem 1');
INSERT INTO studentPlans VALUES('D3000011B', TRUE, 'CP3200', 'AY 16/17 Sem 1');
INSERT INTO studentPlans VALUES('D3000011B', TRUE, 'CS3201', 'AY 16/17 Sem 1');
INSERT INTO studentPlans VALUES('D3000011B', FALSE, 'CP3201', 'AY 16/17 Sem 2');
INSERT INTO studentPlans VALUES('D3000011B', FALSE, 'CS3271', 'AY 16/17 Sem 2');
INSERT INTO studentPlans VALUES('D3000011B', FALSE, 'CP3209', 'AY 16/17 Sem 2');
INSERT INTO studentPlans VALUES('D3000011B', FALSE, 'CS3246', 'AY 16/17 Sem 2');
INSERT INTO studentPlans VALUES('D3000011B', FALSE, 'CS3218', 'AY 16/17 Sem 2');
INSERT INTO studentPlans VALUES('D3000011B', FALSE, 'CS4347', 'AY 17/18 Sem 1');
INSERT INTO studentPlans VALUES('D3000011B', FALSE, 'CS4231', 'AY 17/18 Sem 1');
INSERT INTO studentPlans VALUES('D3000011B', FALSE, 'CP4101', 'AY 17/18 Sem 1');
INSERT INTO studentPlans VALUES('D3000011B', FALSE, 'CS4238', 'AY 17/18 Sem 1');
INSERT INTO studentPlans VALUES('D3000011B', FALSE, 'CS4247', 'AY 17/18 Sem 1');
INSERT INTO studentPlans VALUES('D3000011B', FALSE, 'CS4218', 'AY 17/18 Sem 2');
INSERT INTO studentPlans VALUES('D3000011B', FALSE, 'CS4246', 'AY 17/18 Sem 2');
INSERT INTO studentPlans VALUES('D3000011B', FALSE, 'CS4216', 'AY 17/18 Sem 2');
INSERT INTO studentPlans VALUES('D3000011B', FALSE, 'CS4240', 'AY 17/18 Sem 2');
INSERT INTO studentPlans VALUES('D3000011B', FALSE, 'CS4211', 'AY 17/18 Sem 2');

INSERT INTO student VALUES('D3000012B', 3);
INSERT INTO takesFocusArea VALUES('D3000012B', 'Networking and Distributed Systems', NULL);
INSERT INTO studentPlans VALUES('D3000012B', TRUE, 'CP3101A', 'AY 16/17 Sem 1');
INSERT INTO studentPlans VALUES('D3000012B', TRUE, 'CS3283', 'AY 16/17 Sem 1');
INSERT INTO studentPlans VALUES('D3000012B', TRUE, 'CS3241', 'AY 16/17 Sem 1');
INSERT INTO studentPlans VALUES('D3000012B', TRUE, 'CP3109', 'AY 16/17 Sem 1');
INSERT INTO studentPlans VALUES('D3000012B', TRUE, 'CS3230', 'AY 16/17 Sem 1');
INSERT INTO studentPlans VALUES('D3000012B', FALSE, 'CP3108A', 'AY 16/17 Sem 2');
INSERT INTO studentPlans VALUES('D3000012B', FALSE, 'CS3219', 'AY 16/17 Sem 2');
INSERT INTO studentPlans VALUES('D3000012B', FALSE, 'CS3240', 'AY 16/17 Sem 2');
INSERT INTO studentPlans VALUES('D3000012B', FALSE, 'CS3226', 'AY 16/17 Sem 2');
INSERT INTO studentPlans VALUES('D3000012B', FALSE, 'CP3201', 'AY 16/17 Sem 2');
INSERT INTO studentPlans VALUES('D3000012B', FALSE, 'CS4350', 'AY 17/18 Sem 1');
INSERT INTO studentPlans VALUES('D3000012B', FALSE, 'CS4224', 'AY 17/18 Sem 1');
INSERT INTO studentPlans VALUES('D3000012B', FALSE, 'CS4222', 'AY 17/18 Sem 1');
INSERT INTO studentPlans VALUES('D3000012B', FALSE, 'CS4246', 'AY 17/18 Sem 1');
INSERT INTO studentPlans VALUES('D3000012B', FALSE, 'CS4225', 'AY 17/18 Sem 1');
INSERT INTO studentPlans VALUES('D3000012B', FALSE, 'CS4271', 'AY 17/18 Sem 2');
INSERT INTO studentPlans VALUES('D3000012B', FALSE, 'CS4218', 'AY 17/18 Sem 2');
INSERT INTO studentPlans VALUES('D3000012B', FALSE, 'CS4231', 'AY 17/18 Sem 2');
INSERT INTO studentPlans VALUES('D3000012B', FALSE, 'CS4214', 'AY 17/18 Sem 2');
INSERT INTO studentPlans VALUES('D3000012B', FALSE, 'CS4223', 'AY 17/18 Sem 2');

INSERT INTO student VALUES('D3000013B', 3);
INSERT INTO takesFocusArea VALUES('D3000013B', 'Parallel Computing', NULL);
INSERT INTO studentPlans VALUES('D3000013B', TRUE, 'CS3216', 'AY 16/17 Sem 1');
INSERT INTO studentPlans VALUES('D3000013B', TRUE, 'CP3101A', 'AY 16/17 Sem 1');
INSERT INTO studentPlans VALUES('D3000013B', TRUE, 'CP3106', 'AY 16/17 Sem 1');
INSERT INTO studentPlans VALUES('D3000013B', TRUE, 'CS3242', 'AY 16/17 Sem 1');
INSERT INTO studentPlans VALUES('D3000013B', TRUE, 'CS3201', 'AY 16/17 Sem 1');
INSERT INTO studentPlans VALUES('D3000013B', FALSE, 'CS3244', 'AY 16/17 Sem 2');
INSERT INTO studentPlans VALUES('D3000013B', FALSE, 'CS3283', 'AY 16/17 Sem 2');
INSERT INTO studentPlans VALUES('D3000013B', FALSE, 'CS3247', 'AY 16/17 Sem 2');
INSERT INTO studentPlans VALUES('D3000013B', FALSE, 'CS3236', 'AY 16/17 Sem 2');
INSERT INTO studentPlans VALUES('D3000013B', FALSE, 'CP3200', 'AY 16/17 Sem 2');
INSERT INTO studentPlans VALUES('D3000013B', FALSE, 'CS4225', 'AY 17/18 Sem 1');
INSERT INTO studentPlans VALUES('D3000013B', FALSE, 'CS4226', 'AY 17/18 Sem 1');
INSERT INTO studentPlans VALUES('D3000013B', FALSE, 'CS4239', 'AY 17/18 Sem 1');
INSERT INTO studentPlans VALUES('D3000013B', FALSE, 'CS4880', 'AY 17/18 Sem 1');
INSERT INTO studentPlans VALUES('D3000013B', FALSE, 'CS4243', 'AY 17/18 Sem 1');
INSERT INTO studentPlans VALUES('D3000013B', FALSE, 'CS4235', 'AY 17/18 Sem 2');
INSERT INTO studentPlans VALUES('D3000013B', FALSE, 'CS4212', 'AY 17/18 Sem 2');
INSERT INTO studentPlans VALUES('D3000013B', FALSE, 'CS4236', 'AY 17/18 Sem 2');
INSERT INTO studentPlans VALUES('D3000013B', FALSE, 'CS4211', 'AY 17/18 Sem 2');
INSERT INTO studentPlans VALUES('D3000013B', FALSE, 'CS4242', 'AY 17/18 Sem 2');

INSERT INTO student VALUES('D3000014B', 3);
INSERT INTO takesFocusArea VALUES('D3000014B', 'Networking and Distributed Systems', NULL);
INSERT INTO studentPlans VALUES('D3000014B', TRUE, 'CS3213', 'AY 16/17 Sem 1');
INSERT INTO studentPlans VALUES('D3000014B', TRUE, 'CS3241', 'AY 16/17 Sem 1');
INSERT INTO studentPlans VALUES('D3000014B', TRUE, 'CS3201', 'AY 16/17 Sem 1');
INSERT INTO studentPlans VALUES('D3000014B', TRUE, 'CG3002', 'AY 16/17 Sem 1');
INSERT INTO studentPlans VALUES('D3000014B', TRUE, 'CP3880', 'AY 16/17 Sem 1');
INSERT INTO studentPlans VALUES('D3000014B', FALSE, 'CS3235', 'AY 16/17 Sem 2');
INSERT INTO studentPlans VALUES('D3000014B', FALSE, 'CS3233', 'AY 16/17 Sem 2');
INSERT INTO studentPlans VALUES('D3000014B', FALSE, 'CS3281', 'AY 16/17 Sem 2');
INSERT INTO studentPlans VALUES('D3000014B', FALSE, 'CS3343', 'AY 16/17 Sem 2');
INSERT INTO studentPlans VALUES('D3000014B', FALSE, 'CS3205', 'AY 16/17 Sem 2');
INSERT INTO studentPlans VALUES('D3000014B', FALSE, 'CP4101', 'AY 17/18 Sem 1');
INSERT INTO studentPlans VALUES('D3000014B', FALSE, 'CS4248', 'AY 17/18 Sem 1');
INSERT INTO studentPlans VALUES('D3000014B', FALSE, 'CS4225', 'AY 17/18 Sem 1');
INSERT INTO studentPlans VALUES('D3000014B', FALSE, 'CS4340', 'AY 17/18 Sem 1');
INSERT INTO studentPlans VALUES('D3000014B', FALSE, 'CS4236', 'AY 17/18 Sem 1');
INSERT INTO studentPlans VALUES('D3000014B', FALSE, 'CS4880', 'AY 17/18 Sem 2');
INSERT INTO studentPlans VALUES('D3000014B', FALSE, 'CS4217', 'AY 17/18 Sem 2');
INSERT INTO studentPlans VALUES('D3000014B', FALSE, 'CS4242', 'AY 17/18 Sem 2');
INSERT INTO studentPlans VALUES('D3000014B', FALSE, 'CS4344', 'AY 17/18 Sem 2');
INSERT INTO studentPlans VALUES('D3000014B', FALSE, 'CS4218', 'AY 17/18 Sem 2');

INSERT INTO student VALUES('D3000015B', 3);
INSERT INTO takesFocusArea VALUES('D3000015B', 'Database Systems', NULL);
INSERT INTO studentPlans VALUES('D3000015B', TRUE, 'CS3217', 'AY 16/17 Sem 1');
INSERT INTO studentPlans VALUES('D3000015B', TRUE, 'CS3230', 'AY 16/17 Sem 1');
INSERT INTO studentPlans VALUES('D3000015B', TRUE, 'CP3109', 'AY 16/17 Sem 1');
INSERT INTO studentPlans VALUES('D3000015B', TRUE, 'CS3219', 'AY 16/17 Sem 1');
INSERT INTO studentPlans VALUES('D3000015B', TRUE, 'CP3881', 'AY 16/17 Sem 1');
INSERT INTO studentPlans VALUES('D3000015B', FALSE, 'CS3210', 'AY 16/17 Sem 2');
INSERT INTO studentPlans VALUES('D3000015B', FALSE, 'CS3213', 'AY 16/17 Sem 2');
INSERT INTO studentPlans VALUES('D3000015B', FALSE, 'CS3235', 'AY 16/17 Sem 2');
INSERT INTO studentPlans VALUES('D3000015B', FALSE, 'CP3209', 'AY 16/17 Sem 2');
INSERT INTO studentPlans VALUES('D3000015B', FALSE, 'CS3236', 'AY 16/17 Sem 2');
INSERT INTO studentPlans VALUES('D3000015B', FALSE, 'CS4232', 'AY 17/18 Sem 1');
INSERT INTO studentPlans VALUES('D3000015B', FALSE, 'CS4246', 'AY 17/18 Sem 1');
INSERT INTO studentPlans VALUES('D3000015B', FALSE, 'CS4216', 'AY 17/18 Sem 1');
INSERT INTO studentPlans VALUES('D3000015B', FALSE, 'CS4220', 'AY 17/18 Sem 1');
INSERT INTO studentPlans VALUES('D3000015B', FALSE, 'CP4101', 'AY 17/18 Sem 1');
INSERT INTO studentPlans VALUES('D3000015B', FALSE, 'CS4225', 'AY 17/18 Sem 2');
INSERT INTO studentPlans VALUES('D3000015B', FALSE, 'CS4237', 'AY 17/18 Sem 2');
INSERT INTO studentPlans VALUES('D3000015B', FALSE, 'CS4249', 'AY 17/18 Sem 2');
INSERT INTO studentPlans VALUES('D3000015B', FALSE, 'CS4241', 'AY 17/18 Sem 2');
INSERT INTO studentPlans VALUES('D3000015B', FALSE, 'CS4240', 'AY 17/18 Sem 2');

INSERT INTO student VALUES('D3000016B', 3);
INSERT INTO takesFocusArea VALUES('D3000016B', 'Software Engineering', NULL);
INSERT INTO studentPlans VALUES('D3000016B', TRUE, 'CS3236', 'AY 16/17 Sem 1');
INSERT INTO studentPlans VALUES('D3000016B', TRUE, 'CP3208', 'AY 16/17 Sem 1');
INSERT INTO studentPlans VALUES('D3000016B', TRUE, 'CS3234', 'AY 16/17 Sem 1');
INSERT INTO studentPlans VALUES('D3000016B', TRUE, 'CG3002', 'AY 16/17 Sem 1');
INSERT INTO studentPlans VALUES('D3000016B', TRUE, 'CS3271', 'AY 16/17 Sem 1');
INSERT INTO studentPlans VALUES('D3000016B', FALSE, 'CS3235', 'AY 16/17 Sem 2');
INSERT INTO studentPlans VALUES('D3000016B', FALSE, 'CS3215', 'AY 16/17 Sem 2');
INSERT INTO studentPlans VALUES('D3000016B', FALSE, 'CS3282', 'AY 16/17 Sem 2');
INSERT INTO studentPlans VALUES('D3000016B', FALSE, 'CS3219', 'AY 16/17 Sem 2');
INSERT INTO studentPlans VALUES('D3000016B', FALSE, 'CS3242', 'AY 16/17 Sem 2');
INSERT INTO studentPlans VALUES('D3000016B', FALSE, 'CS4275', 'AY 17/18 Sem 1');
INSERT INTO studentPlans VALUES('D3000016B', FALSE, 'CS4347', 'AY 17/18 Sem 1');
INSERT INTO studentPlans VALUES('D3000016B', FALSE, 'CS4235', 'AY 17/18 Sem 1');
INSERT INTO studentPlans VALUES('D3000016B', FALSE, 'CS4212', 'AY 17/18 Sem 1');
INSERT INTO studentPlans VALUES('D3000016B', FALSE, 'CS4218', 'AY 17/18 Sem 1');
INSERT INTO studentPlans VALUES('D3000016B', FALSE, 'CS4211', 'AY 17/18 Sem 2');
INSERT INTO studentPlans VALUES('D3000016B', FALSE, 'CS4223', 'AY 17/18 Sem 2');
INSERT INTO studentPlans VALUES('D3000016B', FALSE, 'CS4234', 'AY 17/18 Sem 2');
INSERT INTO studentPlans VALUES('D3000016B', FALSE, 'CS4225', 'AY 17/18 Sem 2');
INSERT INTO studentPlans VALUES('D3000016B', FALSE, 'CS4216', 'AY 17/18 Sem 2');

INSERT INTO student VALUES('D3000017B', 3);
INSERT INTO takesFocusArea VALUES('D3000017B', 'Multimedia Information Retrieval', NULL);
INSERT INTO studentPlans VALUES('D3000017B', TRUE, 'CS3219', 'AY 16/17 Sem 1');
INSERT INTO studentPlans VALUES('D3000017B', TRUE, 'CS3249', 'AY 16/17 Sem 1');
INSERT INTO studentPlans VALUES('D3000017B', TRUE, 'CP3109', 'AY 16/17 Sem 1');
INSERT INTO studentPlans VALUES('D3000017B', TRUE, 'CS3201', 'AY 16/17 Sem 1');
INSERT INTO studentPlans VALUES('D3000017B', TRUE, 'CP3101C', 'AY 16/17 Sem 1');
INSERT INTO studentPlans VALUES('D3000017B', FALSE, 'CP3108B', 'AY 16/17 Sem 2');
INSERT INTO studentPlans VALUES('D3000017B', FALSE, 'CS3244', 'AY 16/17 Sem 2');
INSERT INTO studentPlans VALUES('D3000017B', FALSE, 'CP3201', 'AY 16/17 Sem 2');
INSERT INTO studentPlans VALUES('D3000017B', FALSE, 'CS3284', 'AY 16/17 Sem 2');
INSERT INTO studentPlans VALUES('D3000017B', FALSE, 'CS3246', 'AY 16/17 Sem 2');
INSERT INTO studentPlans VALUES('D3000017B', FALSE, 'CS4241', 'AY 17/18 Sem 1');
INSERT INTO studentPlans VALUES('D3000017B', FALSE, 'CS4218', 'AY 17/18 Sem 1');
INSERT INTO studentPlans VALUES('D3000017B', FALSE, 'CS4222', 'AY 17/18 Sem 1');
INSERT INTO studentPlans VALUES('D3000017B', FALSE, 'CS4235', 'AY 17/18 Sem 1');
INSERT INTO studentPlans VALUES('D3000017B', FALSE, 'CS4216', 'AY 17/18 Sem 1');
INSERT INTO studentPlans VALUES('D3000017B', FALSE, 'CP4101', 'AY 17/18 Sem 2');
INSERT INTO studentPlans VALUES('D3000017B', FALSE, 'CS4234', 'AY 17/18 Sem 2');
INSERT INTO studentPlans VALUES('D3000017B', FALSE, 'CS4225', 'AY 17/18 Sem 2');
INSERT INTO studentPlans VALUES('D3000017B', FALSE, 'CS4246', 'AY 17/18 Sem 2');
INSERT INTO studentPlans VALUES('D3000017B', FALSE, 'CS4237', 'AY 17/18 Sem 2');

INSERT INTO student VALUES('D3000018B', 3);
INSERT INTO takesFocusArea VALUES('D3000018B', 'Database Systems', NULL);
INSERT INTO studentPlans VALUES('D3000018B', TRUE, 'CS3103', 'AY 16/17 Sem 1');
INSERT INTO studentPlans VALUES('D3000018B', TRUE, 'CP3881', 'AY 16/17 Sem 1');
INSERT INTO studentPlans VALUES('D3000018B', TRUE, 'CS3212', 'AY 16/17 Sem 1');
INSERT INTO studentPlans VALUES('D3000018B', TRUE, 'CS3234', 'AY 16/17 Sem 1');
INSERT INTO studentPlans VALUES('D3000018B', TRUE, 'CS3216', 'AY 16/17 Sem 1');
INSERT INTO studentPlans VALUES('D3000018B', FALSE, 'CS3223', 'AY 16/17 Sem 2');
INSERT INTO studentPlans VALUES('D3000018B', FALSE, 'CS3103L', 'AY 16/17 Sem 2');
INSERT INTO studentPlans VALUES('D3000018B', FALSE, 'CS3217', 'AY 16/17 Sem 2');
INSERT INTO studentPlans VALUES('D3000018B', FALSE, 'CS3236', 'AY 16/17 Sem 2');
INSERT INTO studentPlans VALUES('D3000018B', FALSE, 'CS3343', 'AY 16/17 Sem 2');
INSERT INTO studentPlans VALUES('D3000018B', FALSE, 'CS4880', 'AY 17/18 Sem 1');
INSERT INTO studentPlans VALUES('D3000018B', FALSE, 'CS4239', 'AY 17/18 Sem 1');
INSERT INTO studentPlans VALUES('D3000018B', FALSE, 'CS4248', 'AY 17/18 Sem 1');
INSERT INTO studentPlans VALUES('D3000018B', FALSE, 'CS4224', 'AY 17/18 Sem 1');
INSERT INTO studentPlans VALUES('D3000018B', FALSE, 'CS4347', 'AY 17/18 Sem 1');
INSERT INTO studentPlans VALUES('D3000018B', FALSE, 'CS4345', 'AY 17/18 Sem 2');
INSERT INTO studentPlans VALUES('D3000018B', FALSE, 'CP4101', 'AY 17/18 Sem 2');
INSERT INTO studentPlans VALUES('D3000018B', FALSE, 'CS4237', 'AY 17/18 Sem 2');
INSERT INTO studentPlans VALUES('D3000018B', FALSE, 'XFC4101', 'AY 17/18 Sem 2');
INSERT INTO studentPlans VALUES('D3000018B', FALSE, 'CS4215', 'AY 17/18 Sem 2');

INSERT INTO student VALUES('D3000019B', 3);
INSERT INTO takesFocusArea VALUES('D3000019B', 'Interactive Media', NULL);
INSERT INTO studentPlans VALUES('D3000019B', TRUE, 'CP3101', 'AY 16/17 Sem 1');
INSERT INTO studentPlans VALUES('D3000019B', TRUE, 'CS3343', 'AY 16/17 Sem 1');
INSERT INTO studentPlans VALUES('D3000019B', TRUE, 'CS3201', 'AY 16/17 Sem 1');
INSERT INTO studentPlans VALUES('D3000019B', TRUE, 'CS3233', 'AY 16/17 Sem 1');
INSERT INTO studentPlans VALUES('D3000019B', TRUE, 'CG3204L', 'AY 16/17 Sem 1');
INSERT INTO studentPlans VALUES('D3000019B', FALSE, 'CS3284', 'AY 16/17 Sem 2');
INSERT INTO studentPlans VALUES('D3000019B', FALSE, 'CP3101A', 'AY 16/17 Sem 2');
INSERT INTO studentPlans VALUES('D3000019B', FALSE, 'CS3235', 'AY 16/17 Sem 2');
INSERT INTO studentPlans VALUES('D3000019B', FALSE, 'CP3106', 'AY 16/17 Sem 2');
INSERT INTO studentPlans VALUES('D3000019B', FALSE, 'CS3219', 'AY 16/17 Sem 2');
INSERT INTO studentPlans VALUES('D3000019B', FALSE, 'CS4344', 'AY 17/18 Sem 1');
INSERT INTO studentPlans VALUES('D3000019B', FALSE, 'CS4224', 'AY 17/18 Sem 1');
INSERT INTO studentPlans VALUES('D3000019B', FALSE, 'CS4880', 'AY 17/18 Sem 1');
INSERT INTO studentPlans VALUES('D3000019B', FALSE, 'CS4231', 'AY 17/18 Sem 1');
INSERT INTO studentPlans VALUES('D3000019B', FALSE, 'CS4226', 'AY 17/18 Sem 1');
INSERT INTO studentPlans VALUES('D3000019B', FALSE, 'CS4218', 'AY 17/18 Sem 2');
INSERT INTO studentPlans VALUES('D3000019B', FALSE, 'CS4236', 'AY 17/18 Sem 2');
INSERT INTO studentPlans VALUES('D3000019B', FALSE, 'CS4243', 'AY 17/18 Sem 2');
INSERT INTO studentPlans VALUES('D3000019B', FALSE, 'CS4244', 'AY 17/18 Sem 2');
INSERT INTO studentPlans VALUES('D3000019B', FALSE, 'CS4242', 'AY 17/18 Sem 2');

INSERT INTO student VALUES('D3000020B', 3);
INSERT INTO takesFocusArea VALUES('D3000020B', 'Computer Graphics and Games', NULL);
INSERT INTO studentPlans VALUES('D3000020B', TRUE, 'CS3226', 'AY 16/17 Sem 1');
INSERT INTO studentPlans VALUES('D3000020B', TRUE, 'CP3101C', 'AY 16/17 Sem 1');
INSERT INTO studentPlans VALUES('D3000020B', TRUE, 'CS3882', 'AY 16/17 Sem 1');
INSERT INTO studentPlans VALUES('D3000020B', TRUE, 'CP3109', 'AY 16/17 Sem 1');
INSERT INTO studentPlans VALUES('D3000020B', TRUE, 'CS3234', 'AY 16/17 Sem 1');
INSERT INTO studentPlans VALUES('D3000020B', FALSE, 'CS3215', 'AY 16/17 Sem 2');
INSERT INTO studentPlans VALUES('D3000020B', FALSE, 'CG3002', 'AY 16/17 Sem 2');
INSERT INTO studentPlans VALUES('D3000020B', FALSE, 'CS3235', 'AY 16/17 Sem 2');
INSERT INTO studentPlans VALUES('D3000020B', FALSE, 'CS3216', 'AY 16/17 Sem 2');
INSERT INTO studentPlans VALUES('D3000020B', FALSE, 'CS3233', 'AY 16/17 Sem 2');
INSERT INTO studentPlans VALUES('D3000020B', FALSE, 'CS4221', 'AY 17/18 Sem 1');
INSERT INTO studentPlans VALUES('D3000020B', FALSE, 'CS4236', 'AY 17/18 Sem 1');
INSERT INTO studentPlans VALUES('D3000020B', FALSE, 'CS4275', 'AY 17/18 Sem 1');
INSERT INTO studentPlans VALUES('D3000020B', FALSE, 'CS4243', 'AY 17/18 Sem 1');
INSERT INTO studentPlans VALUES('D3000020B', FALSE, 'CS4244', 'AY 17/18 Sem 1');
INSERT INTO studentPlans VALUES('D3000020B', FALSE, 'CS4211', 'AY 17/18 Sem 2');
INSERT INTO studentPlans VALUES('D3000020B', FALSE, 'CS4217', 'AY 17/18 Sem 2');
INSERT INTO studentPlans VALUES('D3000020B', FALSE, 'CS4271', 'AY 17/18 Sem 2');
INSERT INTO studentPlans VALUES('D3000020B', FALSE, 'CS4347', 'AY 17/18 Sem 2');
INSERT INTO studentPlans VALUES('D3000020B', FALSE, 'CS4226', 'AY 17/18 Sem 2');

INSERT INTO student VALUES('D3000021B', 3);
INSERT INTO takesFocusArea VALUES('D3000021B', 'Visual Computing', NULL);
INSERT INTO studentPlans VALUES('D3000021B', TRUE, 'CS3216', 'AY 16/17 Sem 1');
INSERT INTO studentPlans VALUES('D3000021B', TRUE, 'CS3283', 'AY 16/17 Sem 1');
INSERT INTO studentPlans VALUES('D3000021B', TRUE, 'CP3109', 'AY 16/17 Sem 1');
INSERT INTO studentPlans VALUES('D3000021B', TRUE, 'CS3220', 'AY 16/17 Sem 1');
INSERT INTO studentPlans VALUES('D3000021B', TRUE, 'CS3215', 'AY 16/17 Sem 1');
INSERT INTO studentPlans VALUES('D3000021B', FALSE, 'CS3233', 'AY 16/17 Sem 2');
INSERT INTO studentPlans VALUES('D3000021B', FALSE, 'CP3108A', 'AY 16/17 Sem 2');
INSERT INTO studentPlans VALUES('D3000021B', FALSE, 'CS3103', 'AY 16/17 Sem 2');
INSERT INTO studentPlans VALUES('D3000021B', FALSE, 'CS3225', 'AY 16/17 Sem 2');
INSERT INTO studentPlans VALUES('D3000021B', FALSE, 'CS3240', 'AY 16/17 Sem 2');
INSERT INTO studentPlans VALUES('D3000021B', FALSE, 'CS4217', 'AY 17/18 Sem 1');
INSERT INTO studentPlans VALUES('D3000021B', FALSE, 'CS4239', 'AY 17/18 Sem 1');
INSERT INTO studentPlans VALUES('D3000021B', FALSE, 'CS4226', 'AY 17/18 Sem 1');
INSERT INTO studentPlans VALUES('D3000021B', FALSE, 'CS4231', 'AY 17/18 Sem 1');
INSERT INTO studentPlans VALUES('D3000021B', FALSE, 'CS4244', 'AY 17/18 Sem 1');
INSERT INTO studentPlans VALUES('D3000021B', FALSE, 'CS4271', 'AY 17/18 Sem 2');
INSERT INTO studentPlans VALUES('D3000021B', FALSE, 'CS4212', 'AY 17/18 Sem 2');
INSERT INTO studentPlans VALUES('D3000021B', FALSE, 'CS4238', 'AY 17/18 Sem 2');
INSERT INTO studentPlans VALUES('D3000021B', FALSE, 'CS4211', 'AY 17/18 Sem 2');
INSERT INTO studentPlans VALUES('D3000021B', FALSE, 'CS4223', 'AY 17/18 Sem 2');

INSERT INTO student VALUES('D3000022B', 3);
INSERT INTO takesFocusArea VALUES('D3000022B', 'Computer Graphics and Games', NULL);
INSERT INTO studentPlans VALUES('D3000022B', TRUE, 'CS3249', 'AY 16/17 Sem 1');
INSERT INTO studentPlans VALUES('D3000022B', TRUE, 'CS3281', 'AY 16/17 Sem 1');
INSERT INTO studentPlans VALUES('D3000022B', TRUE, 'CS3202', 'AY 16/17 Sem 1');
INSERT INTO studentPlans VALUES('D3000022B', TRUE, 'CP3106', 'AY 16/17 Sem 1');
INSERT INTO studentPlans VALUES('D3000022B', TRUE, 'CP3209', 'AY 16/17 Sem 1');
INSERT INTO studentPlans VALUES('D3000022B', FALSE, 'CS3236', 'AY 16/17 Sem 2');
INSERT INTO studentPlans VALUES('D3000022B', FALSE, 'CS3244', 'AY 16/17 Sem 2');
INSERT INTO studentPlans VALUES('D3000022B', FALSE, 'CP3108B', 'AY 16/17 Sem 2');
INSERT INTO studentPlans VALUES('D3000022B', FALSE, 'CS3284', 'AY 16/17 Sem 2');
INSERT INTO studentPlans VALUES('D3000022B', FALSE, 'CS3235', 'AY 16/17 Sem 2');
INSERT INTO studentPlans VALUES('D3000022B', FALSE, 'CS4248', 'AY 17/18 Sem 1');
INSERT INTO studentPlans VALUES('D3000022B', FALSE, 'CS4238', 'AY 17/18 Sem 1');
INSERT INTO studentPlans VALUES('D3000022B', FALSE, 'CS4350', 'AY 17/18 Sem 1');
INSERT INTO studentPlans VALUES('D3000022B', FALSE, 'CS4275', 'AY 17/18 Sem 1');
INSERT INTO studentPlans VALUES('D3000022B', FALSE, 'CS4216', 'AY 17/18 Sem 1');
INSERT INTO studentPlans VALUES('D3000022B', FALSE, 'CS4241', 'AY 17/18 Sem 2');
INSERT INTO studentPlans VALUES('D3000022B', FALSE, 'CS4249', 'AY 17/18 Sem 2');
INSERT INTO studentPlans VALUES('D3000022B', FALSE, 'CS4236', 'AY 17/18 Sem 2');
INSERT INTO studentPlans VALUES('D3000022B', FALSE, 'CS4223', 'AY 17/18 Sem 2');
INSERT INTO studentPlans VALUES('D3000022B', FALSE, 'CS4237', 'AY 17/18 Sem 2');

INSERT INTO student VALUES('D3000023B', 3);
INSERT INTO takesFocusArea VALUES('D3000023B', 'Multimedia Information Retrieval', NULL);
INSERT INTO studentPlans VALUES('D3000023B', TRUE, 'CS3212', 'AY 16/17 Sem 1');
INSERT INTO studentPlans VALUES('D3000023B', TRUE, 'CS3247', 'AY 16/17 Sem 1');
INSERT INTO studentPlans VALUES('D3000023B', TRUE, 'CS3241', 'AY 16/17 Sem 1');
INSERT INTO studentPlans VALUES('D3000023B', TRUE, 'CP3101A', 'AY 16/17 Sem 1');
INSERT INTO studentPlans VALUES('D3000023B', TRUE, 'CS3213', 'AY 16/17 Sem 1');
INSERT INTO studentPlans VALUES('D3000023B', FALSE, 'CS3234', 'AY 16/17 Sem 2');
INSERT INTO studentPlans VALUES('D3000023B', FALSE, 'CS3235', 'AY 16/17 Sem 2');
INSERT INTO studentPlans VALUES('D3000023B', FALSE, 'CP3209', 'AY 16/17 Sem 2');
INSERT INTO studentPlans VALUES('D3000023B', FALSE, 'CG3002', 'AY 16/17 Sem 2');
INSERT INTO studentPlans VALUES('D3000023B', FALSE, 'CS3343', 'AY 16/17 Sem 2');
INSERT INTO studentPlans VALUES('D3000023B', FALSE, 'CS4239', 'AY 17/18 Sem 1');
INSERT INTO studentPlans VALUES('D3000023B', FALSE, 'CS4212', 'AY 17/18 Sem 1');
INSERT INTO studentPlans VALUES('D3000023B', FALSE, 'CS4222', 'AY 17/18 Sem 1');
INSERT INTO studentPlans VALUES('D3000023B', FALSE, 'CS4223', 'AY 17/18 Sem 1');
INSERT INTO studentPlans VALUES('D3000023B', FALSE, 'CS4221', 'AY 17/18 Sem 1');
INSERT INTO studentPlans VALUES('D3000023B', FALSE, 'CS4220', 'AY 17/18 Sem 2');
INSERT INTO studentPlans VALUES('D3000023B', FALSE, 'CS4249', 'AY 17/18 Sem 2');
INSERT INTO studentPlans VALUES('D3000023B', FALSE, 'CS4271', 'AY 17/18 Sem 2');
INSERT INTO studentPlans VALUES('D3000023B', FALSE, 'CS4224', 'AY 17/18 Sem 2');
INSERT INTO studentPlans VALUES('D3000023B', FALSE, 'CS4231', 'AY 17/18 Sem 2');

INSERT INTO student VALUES('D3000024B', 3);
INSERT INTO takesFocusArea VALUES('D3000024B', 'Computer Security', NULL);
INSERT INTO studentPlans VALUES('D3000024B', TRUE, 'CS3235', 'AY 16/17 Sem 1');
INSERT INTO studentPlans VALUES('D3000024B', TRUE, 'CP3209', 'AY 16/17 Sem 1');
INSERT INTO studentPlans VALUES('D3000024B', TRUE, 'CS3282', 'AY 16/17 Sem 1');
INSERT INTO studentPlans VALUES('D3000024B', TRUE, 'CS3271', 'AY 16/17 Sem 1');
INSERT INTO studentPlans VALUES('D3000024B', TRUE, 'CS3244', 'AY 16/17 Sem 1');
INSERT INTO studentPlans VALUES('D3000024B', FALSE, 'CP3880', 'AY 16/17 Sem 2');
INSERT INTO studentPlans VALUES('D3000024B', FALSE, 'CS3241', 'AY 16/17 Sem 2');
INSERT INTO studentPlans VALUES('D3000024B', FALSE, 'CS3221', 'AY 16/17 Sem 2');
INSERT INTO studentPlans VALUES('D3000024B', FALSE, 'CS3218', 'AY 16/17 Sem 2');
INSERT INTO studentPlans VALUES('D3000024B', FALSE, 'CS3249', 'AY 16/17 Sem 2');
INSERT INTO studentPlans VALUES('D3000024B', FALSE, 'CS4217', 'AY 17/18 Sem 1');
INSERT INTO studentPlans VALUES('D3000024B', FALSE, 'CS4246', 'AY 17/18 Sem 1');
INSERT INTO studentPlans VALUES('D3000024B', FALSE, 'CS4239', 'AY 17/18 Sem 1');
INSERT INTO studentPlans VALUES('D3000024B', FALSE, 'CS4247', 'AY 17/18 Sem 1');
INSERT INTO studentPlans VALUES('D3000024B', FALSE, 'CS4216', 'AY 17/18 Sem 1');
INSERT INTO studentPlans VALUES('D3000024B', FALSE, 'CS4345', 'AY 17/18 Sem 2');
INSERT INTO studentPlans VALUES('D3000024B', FALSE, 'CS4271', 'AY 17/18 Sem 2');
INSERT INTO studentPlans VALUES('D3000024B', FALSE, 'CS4214', 'AY 17/18 Sem 2');
INSERT INTO studentPlans VALUES('D3000024B', FALSE, 'CS4244', 'AY 17/18 Sem 2');
INSERT INTO studentPlans VALUES('D3000024B', FALSE, 'CS4223', 'AY 17/18 Sem 2');

INSERT INTO student VALUES('D3000025B', 3);
INSERT INTO takesFocusArea VALUES('D3000025B', 'Programming Languages', NULL);
INSERT INTO studentPlans VALUES('D3000025B', TRUE, 'CS3215', 'AY 16/17 Sem 1');
INSERT INTO studentPlans VALUES('D3000025B', TRUE, 'CS3882', 'AY 16/17 Sem 1');
INSERT INTO studentPlans VALUES('D3000025B', TRUE, 'CS3217', 'AY 16/17 Sem 1');
INSERT INTO studentPlans VALUES('D3000025B', TRUE, 'CP3101C', 'AY 16/17 Sem 1');
INSERT INTO studentPlans VALUES('D3000025B', TRUE, 'CS3221', 'AY 16/17 Sem 1');
INSERT INTO studentPlans VALUES('D3000025B', FALSE, 'CS3212', 'AY 16/17 Sem 2');
INSERT INTO studentPlans VALUES('D3000025B', FALSE, 'CS3230', 'AY 16/17 Sem 2');
INSERT INTO studentPlans VALUES('D3000025B', FALSE, 'CS3219', 'AY 16/17 Sem 2');
INSERT INTO studentPlans VALUES('D3000025B', FALSE, 'CP3880', 'AY 16/17 Sem 2');
INSERT INTO studentPlans VALUES('D3000025B', FALSE, 'CS3216', 'AY 16/17 Sem 2');
INSERT INTO studentPlans VALUES('D3000025B', FALSE, 'CS4211', 'AY 17/18 Sem 1');
INSERT INTO studentPlans VALUES('D3000025B', FALSE, 'CS4234', 'AY 17/18 Sem 1');
INSERT INTO studentPlans VALUES('D3000025B', FALSE, 'XFC4101', 'AY 17/18 Sem 1');
INSERT INTO studentPlans VALUES('D3000025B', FALSE, 'CS4220', 'AY 17/18 Sem 1');
INSERT INTO studentPlans VALUES('D3000025B', FALSE, 'CS4225', 'AY 17/18 Sem 1');
INSERT INTO studentPlans VALUES('D3000025B', FALSE, 'CS4347', 'AY 17/18 Sem 2');
INSERT INTO studentPlans VALUES('D3000025B', FALSE, 'CS4224', 'AY 17/18 Sem 2');
INSERT INTO studentPlans VALUES('D3000025B', FALSE, 'CS4215', 'AY 17/18 Sem 2');
INSERT INTO studentPlans VALUES('D3000025B', FALSE, 'CS4880', 'AY 17/18 Sem 2');
INSERT INTO studentPlans VALUES('D3000025B', FALSE, 'CS4242', 'AY 17/18 Sem 2');

INSERT INTO student VALUES('D3000026B', 3);
INSERT INTO takesFocusArea VALUES('D3000026B', 'Interactive Media', NULL);
INSERT INTO studentPlans VALUES('D3000026B', TRUE, 'CS3219', 'AY 16/17 Sem 1');
INSERT INTO studentPlans VALUES('D3000026B', TRUE, 'CS3242', 'AY 16/17 Sem 1');
INSERT INTO studentPlans VALUES('D3000026B', TRUE, 'CS3281', 'AY 16/17 Sem 1');
INSERT INTO studentPlans VALUES('D3000026B', TRUE, 'CS3211', 'AY 16/17 Sem 1');
INSERT INTO studentPlans VALUES('D3000026B', TRUE, 'CP3881', 'AY 16/17 Sem 1');
INSERT INTO studentPlans VALUES('D3000026B', FALSE, 'CS3882', 'AY 16/17 Sem 2');
INSERT INTO studentPlans VALUES('D3000026B', FALSE, 'CP3106', 'AY 16/17 Sem 2');
INSERT INTO studentPlans VALUES('D3000026B', FALSE, 'CS3247', 'AY 16/17 Sem 2');
INSERT INTO studentPlans VALUES('D3000026B', FALSE, 'CP3101', 'AY 16/17 Sem 2');
INSERT INTO studentPlans VALUES('D3000026B', FALSE, 'CS3202', 'AY 16/17 Sem 2');
INSERT INTO studentPlans VALUES('D3000026B', FALSE, 'CS4244', 'AY 17/18 Sem 1');
INSERT INTO studentPlans VALUES('D3000026B', FALSE, 'CS4240', 'AY 17/18 Sem 1');
INSERT INTO studentPlans VALUES('D3000026B', FALSE, 'CS4345', 'AY 17/18 Sem 1');
INSERT INTO studentPlans VALUES('D3000026B', FALSE, 'CS4225', 'AY 17/18 Sem 1');
INSERT INTO studentPlans VALUES('D3000026B', FALSE, 'CS4212', 'AY 17/18 Sem 1');
INSERT INTO studentPlans VALUES('D3000026B', FALSE, 'CS4241', 'AY 17/18 Sem 2');
INSERT INTO studentPlans VALUES('D3000026B', FALSE, 'CS4211', 'AY 17/18 Sem 2');
INSERT INTO studentPlans VALUES('D3000026B', FALSE, 'CS4235', 'AY 17/18 Sem 2');
INSERT INTO studentPlans VALUES('D3000026B', FALSE, 'CS4248', 'AY 17/18 Sem 2');
INSERT INTO studentPlans VALUES('D3000026B', FALSE, 'CS4223', 'AY 17/18 Sem 2');

INSERT INTO student VALUES('D3000027B', 3);
INSERT INTO takesFocusArea VALUES('D3000027B', 'Computer Graphics and Games', NULL);
INSERT INTO studentPlans VALUES('D3000027B', TRUE, 'CS3103', 'AY 16/17 Sem 1');
INSERT INTO studentPlans VALUES('D3000027B', TRUE, 'CS3281', 'AY 16/17 Sem 1');
INSERT INTO studentPlans VALUES('D3000027B', TRUE, 'CP3101', 'AY 16/17 Sem 1');
INSERT INTO studentPlans VALUES('D3000027B', TRUE, 'CS3343', 'AY 16/17 Sem 1');
INSERT INTO studentPlans VALUES('D3000027B', TRUE, 'CP3208', 'AY 16/17 Sem 1');
INSERT INTO studentPlans VALUES('D3000027B', FALSE, 'CP3109', 'AY 16/17 Sem 2');
INSERT INTO studentPlans VALUES('D3000027B', FALSE, 'CS3283', 'AY 16/17 Sem 2');
INSERT INTO studentPlans VALUES('D3000027B', FALSE, 'CS3245', 'AY 16/17 Sem 2');
INSERT INTO studentPlans VALUES('D3000027B', FALSE, 'CP3202', 'AY 16/17 Sem 2');
INSERT INTO studentPlans VALUES('D3000027B', FALSE, 'CS3211', 'AY 16/17 Sem 2');
INSERT INTO studentPlans VALUES('D3000027B', FALSE, 'CS4223', 'AY 17/18 Sem 1');
INSERT INTO studentPlans VALUES('D3000027B', FALSE, 'CS4275', 'AY 17/18 Sem 1');
INSERT INTO studentPlans VALUES('D3000027B', FALSE, 'CS4243', 'AY 17/18 Sem 1');
INSERT INTO studentPlans VALUES('D3000027B', FALSE, 'CS4218', 'AY 17/18 Sem 1');
INSERT INTO studentPlans VALUES('D3000027B', FALSE, 'CS4347', 'AY 17/18 Sem 1');
INSERT INTO studentPlans VALUES('D3000027B', FALSE, 'CS4217', 'AY 17/18 Sem 2');
INSERT INTO studentPlans VALUES('D3000027B', FALSE, 'CS4340', 'AY 17/18 Sem 2');
INSERT INTO studentPlans VALUES('D3000027B', FALSE, 'CS4216', 'AY 17/18 Sem 2');
INSERT INTO studentPlans VALUES('D3000027B', FALSE, 'CS4247', 'AY 17/18 Sem 2');
INSERT INTO studentPlans VALUES('D3000027B', FALSE, 'CS4235', 'AY 17/18 Sem 2');

INSERT INTO student VALUES('D3000028B', 3);
INSERT INTO takesFocusArea VALUES('D3000028B', 'Interactive Media', NULL);
INSERT INTO studentPlans VALUES('D3000028B', TRUE, 'CS3220', 'AY 16/17 Sem 1');
INSERT INTO studentPlans VALUES('D3000028B', TRUE, 'CS3212', 'AY 16/17 Sem 1');
INSERT INTO studentPlans VALUES('D3000028B', TRUE, 'CP3881', 'AY 16/17 Sem 1');
INSERT INTO studentPlans VALUES('D3000028B', TRUE, 'CP3101', 'AY 16/17 Sem 1');
INSERT INTO studentPlans VALUES('D3000028B', TRUE, 'CS3223', 'AY 16/17 Sem 1');
INSERT INTO studentPlans VALUES('D3000028B', FALSE, 'CS3882', 'AY 16/17 Sem 2');
INSERT INTO studentPlans VALUES('D3000028B', FALSE, 'CS3218', 'AY 16/17 Sem 2');
INSERT INTO studentPlans VALUES('D3000028B', FALSE, 'CS3219', 'AY 16/17 Sem 2');
INSERT INTO studentPlans VALUES('D3000028B', FALSE, 'CS3245', 'AY 16/17 Sem 2');
INSERT INTO studentPlans VALUES('D3000028B', FALSE, 'CP3108B', 'AY 16/17 Sem 2');
INSERT INTO studentPlans VALUES('D3000028B', FALSE, 'CS4271', 'AY 17/18 Sem 1');
INSERT INTO studentPlans VALUES('D3000028B', FALSE, 'CS4350', 'AY 17/18 Sem 1');
INSERT INTO studentPlans VALUES('D3000028B', FALSE, 'CS4226', 'AY 17/18 Sem 1');
INSERT INTO studentPlans VALUES('D3000028B', FALSE, 'CS4248', 'AY 17/18 Sem 1');
INSERT INTO studentPlans VALUES('D3000028B', FALSE, 'CS4215', 'AY 17/18 Sem 1');
INSERT INTO studentPlans VALUES('D3000028B', FALSE, 'CS4223', 'AY 17/18 Sem 2');
INSERT INTO studentPlans VALUES('D3000028B', FALSE, 'CS4340', 'AY 17/18 Sem 2');
INSERT INTO studentPlans VALUES('D3000028B', FALSE, 'CS4345', 'AY 17/18 Sem 2');
INSERT INTO studentPlans VALUES('D3000028B', FALSE, 'CS4218', 'AY 17/18 Sem 2');
INSERT INTO studentPlans VALUES('D3000028B', FALSE, 'CS4239', 'AY 17/18 Sem 2');

INSERT INTO student VALUES('D3000029B', 3);
INSERT INTO takesFocusArea VALUES('D3000029B', 'Parallel Computing', NULL);
INSERT INTO studentPlans VALUES('D3000029B', TRUE, 'CS3202', 'AY 16/17 Sem 1');
INSERT INTO studentPlans VALUES('D3000029B', TRUE, 'CS3215', 'AY 16/17 Sem 1');
INSERT INTO studentPlans VALUES('D3000029B', TRUE, 'CS3243', 'AY 16/17 Sem 1');
INSERT INTO studentPlans VALUES('D3000029B', TRUE, 'CP3108A', 'AY 16/17 Sem 1');
INSERT INTO studentPlans VALUES('D3000029B', TRUE, 'CS3245', 'AY 16/17 Sem 1');
INSERT INTO studentPlans VALUES('D3000029B', FALSE, 'CP3208', 'AY 16/17 Sem 2');
INSERT INTO studentPlans VALUES('D3000029B', FALSE, 'CS3212', 'AY 16/17 Sem 2');
INSERT INTO studentPlans VALUES('D3000029B', FALSE, 'CS3226', 'AY 16/17 Sem 2');
INSERT INTO studentPlans VALUES('D3000029B', FALSE, 'CS3205', 'AY 16/17 Sem 2');
INSERT INTO studentPlans VALUES('D3000029B', FALSE, 'CS3236', 'AY 16/17 Sem 2');
INSERT INTO studentPlans VALUES('D3000029B', FALSE, 'CS4275', 'AY 17/18 Sem 1');
INSERT INTO studentPlans VALUES('D3000029B', FALSE, 'CS4247', 'AY 17/18 Sem 1');
INSERT INTO studentPlans VALUES('D3000029B', FALSE, 'CS4231', 'AY 17/18 Sem 1');
INSERT INTO studentPlans VALUES('D3000029B', FALSE, 'CS4340', 'AY 17/18 Sem 1');
INSERT INTO studentPlans VALUES('D3000029B', FALSE, 'CS4216', 'AY 17/18 Sem 1');
INSERT INTO studentPlans VALUES('D3000029B', FALSE, 'CS4880', 'AY 17/18 Sem 2');
INSERT INTO studentPlans VALUES('D3000029B', FALSE, 'CS4271', 'AY 17/18 Sem 2');
INSERT INTO studentPlans VALUES('D3000029B', FALSE, 'CS4236', 'AY 17/18 Sem 2');
INSERT INTO studentPlans VALUES('D3000029B', FALSE, 'CS4242', 'AY 17/18 Sem 2');
INSERT INTO studentPlans VALUES('D3000029B', FALSE, 'CS4223', 'AY 17/18 Sem 2');

INSERT INTO student VALUES('D3000030B', 3);
INSERT INTO takesFocusArea VALUES('D3000030B', 'Parallel Computing', NULL);
INSERT INTO studentPlans VALUES('D3000030B', TRUE, 'CS3216', 'AY 16/17 Sem 1');
INSERT INTO studentPlans VALUES('D3000030B', TRUE, 'CP3108B', 'AY 16/17 Sem 1');
INSERT INTO studentPlans VALUES('D3000030B', TRUE, 'CS3284', 'AY 16/17 Sem 1');
INSERT INTO studentPlans VALUES('D3000030B', TRUE, 'CS3226', 'AY 16/17 Sem 1');
INSERT INTO studentPlans VALUES('D3000030B', TRUE, 'CP3101A', 'AY 16/17 Sem 1');
INSERT INTO studentPlans VALUES('D3000030B', FALSE, 'CP3880', 'AY 16/17 Sem 2');
INSERT INTO studentPlans VALUES('D3000030B', FALSE, 'CS3882', 'AY 16/17 Sem 2');
INSERT INTO studentPlans VALUES('D3000030B', FALSE, 'CS3217', 'AY 16/17 Sem 2');
INSERT INTO studentPlans VALUES('D3000030B', FALSE, 'CS3223', 'AY 16/17 Sem 2');
INSERT INTO studentPlans VALUES('D3000030B', FALSE, 'CS3212', 'AY 16/17 Sem 2');
INSERT INTO studentPlans VALUES('D3000030B', FALSE, 'CS4215', 'AY 17/18 Sem 1');
INSERT INTO studentPlans VALUES('D3000030B', FALSE, 'CS4218', 'AY 17/18 Sem 1');
INSERT INTO studentPlans VALUES('D3000030B', FALSE, 'XFC4101', 'AY 17/18 Sem 1');
INSERT INTO studentPlans VALUES('D3000030B', FALSE, 'CS4350', 'AY 17/18 Sem 1');
INSERT INTO studentPlans VALUES('D3000030B', FALSE, 'CS4243', 'AY 17/18 Sem 1');
INSERT INTO studentPlans VALUES('D3000030B', FALSE, 'CS4247', 'AY 17/18 Sem 2');
INSERT INTO studentPlans VALUES('D3000030B', FALSE, 'CS4223', 'AY 17/18 Sem 2');
INSERT INTO studentPlans VALUES('D3000030B', FALSE, 'CS4248', 'AY 17/18 Sem 2');
INSERT INTO studentPlans VALUES('D3000030B', FALSE, 'CS4236', 'AY 17/18 Sem 2');
INSERT INTO studentPlans VALUES('D3000030B', FALSE, 'CS4232', 'AY 17/18 Sem 2');

INSERT INTO student VALUES('D3000031B', 3);
INSERT INTO takesFocusArea VALUES('D3000031B', 'Programming Languages', NULL);
INSERT INTO studentPlans VALUES('D3000031B', TRUE, 'CS3244', 'AY 16/17 Sem 1');
INSERT INTO studentPlans VALUES('D3000031B', TRUE, 'CS3219', 'AY 16/17 Sem 1');
INSERT INTO studentPlans VALUES('D3000031B', TRUE, 'CS3246', 'AY 16/17 Sem 1');
INSERT INTO studentPlans VALUES('D3000031B', TRUE, 'CP3200', 'AY 16/17 Sem 1');
INSERT INTO studentPlans VALUES('D3000031B', TRUE, 'CS3201', 'AY 16/17 Sem 1');
INSERT INTO studentPlans VALUES('D3000031B', FALSE, 'CS3241', 'AY 16/17 Sem 2');
INSERT INTO studentPlans VALUES('D3000031B', FALSE, 'CP3106', 'AY 16/17 Sem 2');
INSERT INTO studentPlans VALUES('D3000031B', FALSE, 'CS3234', 'AY 16/17 Sem 2');
INSERT INTO studentPlans VALUES('D3000031B', FALSE, 'CS3247', 'AY 16/17 Sem 2');
INSERT INTO studentPlans VALUES('D3000031B', FALSE, 'CS3230', 'AY 16/17 Sem 2');
INSERT INTO studentPlans VALUES('D3000031B', FALSE, 'CS4246', 'AY 17/18 Sem 1');
INSERT INTO studentPlans VALUES('D3000031B', FALSE, 'CS4275', 'AY 17/18 Sem 1');
INSERT INTO studentPlans VALUES('D3000031B', FALSE, 'CS4239', 'AY 17/18 Sem 1');
INSERT INTO studentPlans VALUES('D3000031B', FALSE, 'CS4347', 'AY 17/18 Sem 1');
INSERT INTO studentPlans VALUES('D3000031B', FALSE, 'CS4214', 'AY 17/18 Sem 1');
INSERT INTO studentPlans VALUES('D3000031B', FALSE, 'CS4234', 'AY 17/18 Sem 2');
INSERT INTO studentPlans VALUES('D3000031B', FALSE, 'CS4216', 'AY 17/18 Sem 2');
INSERT INTO studentPlans VALUES('D3000031B', FALSE, 'CS4244', 'AY 17/18 Sem 2');
INSERT INTO studentPlans VALUES('D3000031B', FALSE, 'CS4235', 'AY 17/18 Sem 2');
INSERT INTO studentPlans VALUES('D3000031B', FALSE, 'CS4236', 'AY 17/18 Sem 2');

INSERT INTO student VALUES('D3000032B', 3);
INSERT INTO takesFocusArea VALUES('D3000032B', 'Visual Computing', NULL);
INSERT INTO studentPlans VALUES('D3000032B', TRUE, 'CS3236', 'AY 16/17 Sem 1');
INSERT INTO studentPlans VALUES('D3000032B', TRUE, 'CS3205', 'AY 16/17 Sem 1');
INSERT INTO studentPlans VALUES('D3000032B', TRUE, 'CS3235', 'AY 16/17 Sem 1');
INSERT INTO studentPlans VALUES('D3000032B', TRUE, 'CS3244', 'AY 16/17 Sem 1');
INSERT INTO studentPlans VALUES('D3000032B', TRUE, 'CS3103', 'AY 16/17 Sem 1');
INSERT INTO studentPlans VALUES('D3000032B', FALSE, 'CS3233', 'AY 16/17 Sem 2');
INSERT INTO studentPlans VALUES('D3000032B', FALSE, 'CS3240', 'AY 16/17 Sem 2');
INSERT INTO studentPlans VALUES('D3000032B', FALSE, 'CP3108A', 'AY 16/17 Sem 2');
INSERT INTO studentPlans VALUES('D3000032B', FALSE, 'CP3202', 'AY 16/17 Sem 2');
INSERT INTO studentPlans VALUES('D3000032B', FALSE, 'CS3212', 'AY 16/17 Sem 2');
INSERT INTO studentPlans VALUES('D3000032B', FALSE, 'CS4221', 'AY 17/18 Sem 1');
INSERT INTO studentPlans VALUES('D3000032B', FALSE, 'CS4220', 'AY 17/18 Sem 1');
INSERT INTO studentPlans VALUES('D3000032B', FALSE, 'CS4236', 'AY 17/18 Sem 1');
INSERT INTO studentPlans VALUES('D3000032B', FALSE, 'CS4345', 'AY 17/18 Sem 1');
INSERT INTO studentPlans VALUES('D3000032B', FALSE, 'CS4246', 'AY 17/18 Sem 1');
INSERT INTO studentPlans VALUES('D3000032B', FALSE, 'CS4218', 'AY 17/18 Sem 2');
INSERT INTO studentPlans VALUES('D3000032B', FALSE, 'CS4217', 'AY 17/18 Sem 2');
INSERT INTO studentPlans VALUES('D3000032B', FALSE, 'CS4248', 'AY 17/18 Sem 2');
INSERT INTO studentPlans VALUES('D3000032B', FALSE, 'CS4243', 'AY 17/18 Sem 2');
INSERT INTO studentPlans VALUES('D3000032B', FALSE, 'CS4271', 'AY 17/18 Sem 2');

INSERT INTO student VALUES('D3000033B', 3);
INSERT INTO takesFocusArea VALUES('D3000033B', 'Programming Languages', NULL);
INSERT INTO studentPlans VALUES('D3000033B', TRUE, 'CS3249', 'AY 16/17 Sem 1');
INSERT INTO studentPlans VALUES('D3000033B', TRUE, 'CS3283', 'AY 16/17 Sem 1');
INSERT INTO studentPlans VALUES('D3000033B', TRUE, 'CS3245', 'AY 16/17 Sem 1');
INSERT INTO studentPlans VALUES('D3000033B', TRUE, 'CP3200', 'AY 16/17 Sem 1');
INSERT INTO studentPlans VALUES('D3000033B', TRUE, 'CS3103L', 'AY 16/17 Sem 1');
INSERT INTO studentPlans VALUES('D3000033B', FALSE, 'CS3218', 'AY 16/17 Sem 2');
INSERT INTO studentPlans VALUES('D3000033B', FALSE, 'CS3235', 'AY 16/17 Sem 2');
INSERT INTO studentPlans VALUES('D3000033B', FALSE, 'CP3101A', 'AY 16/17 Sem 2');
INSERT INTO studentPlans VALUES('D3000033B', FALSE, 'CS3223', 'AY 16/17 Sem 2');
INSERT INTO studentPlans VALUES('D3000033B', FALSE, 'CS3219', 'AY 16/17 Sem 2');
INSERT INTO studentPlans VALUES('D3000033B', FALSE, 'CS4231', 'AY 17/18 Sem 1');
INSERT INTO studentPlans VALUES('D3000033B', FALSE, 'CS4243', 'AY 17/18 Sem 1');
INSERT INTO studentPlans VALUES('D3000033B', FALSE, 'CP4101', 'AY 17/18 Sem 1');
INSERT INTO studentPlans VALUES('D3000033B', FALSE, 'CS4224', 'AY 17/18 Sem 1');
INSERT INTO studentPlans VALUES('D3000033B', FALSE, 'CS4271', 'AY 17/18 Sem 1');
INSERT INTO studentPlans VALUES('D3000033B', FALSE, 'CS4275', 'AY 17/18 Sem 2');
INSERT INTO studentPlans VALUES('D3000033B', FALSE, 'CS4222', 'AY 17/18 Sem 2');
INSERT INTO studentPlans VALUES('D3000033B', FALSE, 'CS4236', 'AY 17/18 Sem 2');
INSERT INTO studentPlans VALUES('D3000033B', FALSE, 'CS4234', 'AY 17/18 Sem 2');
INSERT INTO studentPlans VALUES('D3000033B', FALSE, 'CS4241', 'AY 17/18 Sem 2');

INSERT INTO student VALUES('D3000034B', 3);
INSERT INTO takesFocusArea VALUES('D3000034B', 'Computer Graphics and Games', NULL);
INSERT INTO studentPlans VALUES('D3000034B', TRUE, 'CP3101', 'AY 16/17 Sem 1');
INSERT INTO studentPlans VALUES('D3000034B', TRUE, 'CS3218', 'AY 16/17 Sem 1');
INSERT INTO studentPlans VALUES('D3000034B', TRUE, 'CS3211', 'AY 16/17 Sem 1');
INSERT INTO studentPlans VALUES('D3000034B', TRUE, 'CS3242', 'AY 16/17 Sem 1');
INSERT INTO studentPlans VALUES('D3000034B', TRUE, 'CP3109', 'AY 16/17 Sem 1');
INSERT INTO studentPlans VALUES('D3000034B', FALSE, 'CP3108B', 'AY 16/17 Sem 2');
INSERT INTO studentPlans VALUES('D3000034B', FALSE, 'CS3243', 'AY 16/17 Sem 2');
INSERT INTO studentPlans VALUES('D3000034B', FALSE, 'CS3210', 'AY 16/17 Sem 2');
INSERT INTO studentPlans VALUES('D3000034B', FALSE, 'CP3108A', 'AY 16/17 Sem 2');
INSERT INTO studentPlans VALUES('D3000034B', FALSE, 'CS3202', 'AY 16/17 Sem 2');
INSERT INTO studentPlans VALUES('D3000034B', FALSE, 'CS4222', 'AY 17/18 Sem 1');
INSERT INTO studentPlans VALUES('D3000034B', FALSE, 'CS4214', 'AY 17/18 Sem 1');
INSERT INTO studentPlans VALUES('D3000034B', FALSE, 'CS4236', 'AY 17/18 Sem 1');
INSERT INTO studentPlans VALUES('D3000034B', FALSE, 'CS4223', 'AY 17/18 Sem 1');
INSERT INTO studentPlans VALUES('D3000034B', FALSE, 'CS4216', 'AY 17/18 Sem 1');
INSERT INTO studentPlans VALUES('D3000034B', FALSE, 'CS4240', 'AY 17/18 Sem 2');
INSERT INTO studentPlans VALUES('D3000034B', FALSE, 'CS4242', 'AY 17/18 Sem 2');
INSERT INTO studentPlans VALUES('D3000034B', FALSE, 'CS4212', 'AY 17/18 Sem 2');
INSERT INTO studentPlans VALUES('D3000034B', FALSE, 'CS4225', 'AY 17/18 Sem 2');
INSERT INTO studentPlans VALUES('D3000034B', FALSE, 'CS4241', 'AY 17/18 Sem 2');

INSERT INTO student VALUES('D3000035B', 3);
INSERT INTO takesFocusArea VALUES('D3000035B', 'Algorithms & Theory', NULL);
INSERT INTO studentPlans VALUES('D3000035B', TRUE, 'CS3246', 'AY 16/17 Sem 1');
INSERT INTO studentPlans VALUES('D3000035B', TRUE, 'CS3210', 'AY 16/17 Sem 1');
INSERT INTO studentPlans VALUES('D3000035B', TRUE, 'CG3002', 'AY 16/17 Sem 1');
INSERT INTO studentPlans VALUES('D3000035B', TRUE, 'CP3101A', 'AY 16/17 Sem 1');
INSERT INTO studentPlans VALUES('D3000035B', TRUE, 'CP3108A', 'AY 16/17 Sem 1');
INSERT INTO studentPlans VALUES('D3000035B', FALSE, 'CS3216', 'AY 16/17 Sem 2');
INSERT INTO studentPlans VALUES('D3000035B', FALSE, 'CS3103L', 'AY 16/17 Sem 2');
INSERT INTO studentPlans VALUES('D3000035B', FALSE, 'CP3209', 'AY 16/17 Sem 2');
INSERT INTO studentPlans VALUES('D3000035B', FALSE, 'CS3284', 'AY 16/17 Sem 2');
INSERT INTO studentPlans VALUES('D3000035B', FALSE, 'CS3245', 'AY 16/17 Sem 2');
INSERT INTO studentPlans VALUES('D3000035B', FALSE, 'CS4241', 'AY 17/18 Sem 1');
INSERT INTO studentPlans VALUES('D3000035B', FALSE, 'CS4212', 'AY 17/18 Sem 1');
INSERT INTO studentPlans VALUES('D3000035B', FALSE, 'CS4243', 'AY 17/18 Sem 1');
INSERT INTO studentPlans VALUES('D3000035B', FALSE, 'CS4223', 'AY 17/18 Sem 1');
INSERT INTO studentPlans VALUES('D3000035B', FALSE, 'CS4226', 'AY 17/18 Sem 1');
INSERT INTO studentPlans VALUES('D3000035B', FALSE, 'CS4238', 'AY 17/18 Sem 2');
INSERT INTO studentPlans VALUES('D3000035B', FALSE, 'CS4340', 'AY 17/18 Sem 2');
INSERT INTO studentPlans VALUES('D3000035B', FALSE, 'CS4211', 'AY 17/18 Sem 2');
INSERT INTO studentPlans VALUES('D3000035B', FALSE, 'CS4221', 'AY 17/18 Sem 2');
INSERT INTO studentPlans VALUES('D3000035B', FALSE, 'CS4218', 'AY 17/18 Sem 2');

INSERT INTO student VALUES('D3000036B', 3);
INSERT INTO takesFocusArea VALUES('D3000036B', 'Computer Graphics and Games', NULL);
INSERT INTO studentPlans VALUES('D3000036B', TRUE, 'CP3881', 'AY 16/17 Sem 1');
INSERT INTO studentPlans VALUES('D3000036B', TRUE, 'CS3223', 'AY 16/17 Sem 1');
INSERT INTO studentPlans VALUES('D3000036B', TRUE, 'CP3202', 'AY 16/17 Sem 1');
INSERT INTO studentPlans VALUES('D3000036B', TRUE, 'CS3343', 'AY 16/17 Sem 1');
INSERT INTO studentPlans VALUES('D3000036B', TRUE, 'CS3211', 'AY 16/17 Sem 1');
INSERT INTO studentPlans VALUES('D3000036B', FALSE, 'CP3200', 'AY 16/17 Sem 2');
INSERT INTO studentPlans VALUES('D3000036B', FALSE, 'CS3216', 'AY 16/17 Sem 2');
INSERT INTO studentPlans VALUES('D3000036B', FALSE, 'CP3106', 'AY 16/17 Sem 2');
INSERT INTO studentPlans VALUES('D3000036B', FALSE, 'CS3221', 'AY 16/17 Sem 2');
INSERT INTO studentPlans VALUES('D3000036B', FALSE, 'CP3101C', 'AY 16/17 Sem 2');
INSERT INTO studentPlans VALUES('D3000036B', FALSE, 'CS4241', 'AY 17/18 Sem 1');
INSERT INTO studentPlans VALUES('D3000036B', FALSE, 'CS4340', 'AY 17/18 Sem 1');
INSERT INTO studentPlans VALUES('D3000036B', FALSE, 'CS4271', 'AY 17/18 Sem 1');
INSERT INTO studentPlans VALUES('D3000036B', FALSE, 'CS4235', 'AY 17/18 Sem 1');
INSERT INTO studentPlans VALUES('D3000036B', FALSE, 'XFC4101', 'AY 17/18 Sem 1');
INSERT INTO studentPlans VALUES('D3000036B', FALSE, 'CS4236', 'AY 17/18 Sem 2');
INSERT INTO studentPlans VALUES('D3000036B', FALSE, 'CS4223', 'AY 17/18 Sem 2');
INSERT INTO studentPlans VALUES('D3000036B', FALSE, 'CS4247', 'AY 17/18 Sem 2');
INSERT INTO studentPlans VALUES('D3000036B', FALSE, 'CS4226', 'AY 17/18 Sem 2');
INSERT INTO studentPlans VALUES('D3000036B', FALSE, 'CS4220', 'AY 17/18 Sem 2');

INSERT INTO student VALUES('D3000037B', 3);
INSERT INTO takesFocusArea VALUES('D3000037B', 'Database Systems', NULL);
INSERT INTO studentPlans VALUES('D3000037B', TRUE, 'CS3221', 'AY 16/17 Sem 1');
INSERT INTO studentPlans VALUES('D3000037B', TRUE, 'CS3242', 'AY 16/17 Sem 1');
INSERT INTO studentPlans VALUES('D3000037B', TRUE, 'CS3215', 'AY 16/17 Sem 1');
INSERT INTO studentPlans VALUES('D3000037B', TRUE, 'CS3271', 'AY 16/17 Sem 1');
INSERT INTO studentPlans VALUES('D3000037B', TRUE, 'CS3241', 'AY 16/17 Sem 1');
INSERT INTO studentPlans VALUES('D3000037B', FALSE, 'CP3881', 'AY 16/17 Sem 2');
INSERT INTO studentPlans VALUES('D3000037B', FALSE, 'CS3217', 'AY 16/17 Sem 2');
INSERT INTO studentPlans VALUES('D3000037B', FALSE, 'CG3204L', 'AY 16/17 Sem 2');
INSERT INTO studentPlans VALUES('D3000037B', FALSE, 'CS3223', 'AY 16/17 Sem 2');
INSERT INTO studentPlans VALUES('D3000037B', FALSE, 'CS3249', 'AY 16/17 Sem 2');
INSERT INTO studentPlans VALUES('D3000037B', FALSE, 'CS4235', 'AY 17/18 Sem 1');
INSERT INTO studentPlans VALUES('D3000037B', FALSE, 'CS4241', 'AY 17/18 Sem 1');
INSERT INTO studentPlans VALUES('D3000037B', FALSE, 'CS4340', 'AY 17/18 Sem 1');
INSERT INTO studentPlans VALUES('D3000037B', FALSE, 'CS4217', 'AY 17/18 Sem 1');
INSERT INTO studentPlans VALUES('D3000037B', FALSE, 'CS4215', 'AY 17/18 Sem 1');
INSERT INTO studentPlans VALUES('D3000037B', FALSE, 'CS4211', 'AY 17/18 Sem 2');
INSERT INTO studentPlans VALUES('D3000037B', FALSE, 'CS4344', 'AY 17/18 Sem 2');
INSERT INTO studentPlans VALUES('D3000037B', FALSE, 'CS4238', 'AY 17/18 Sem 2');
INSERT INTO studentPlans VALUES('D3000037B', FALSE, 'CS4242', 'AY 17/18 Sem 2');
INSERT INTO studentPlans VALUES('D3000037B', FALSE, 'CS4231', 'AY 17/18 Sem 2');

INSERT INTO student VALUES('D3000038B', 3);
INSERT INTO takesFocusArea VALUES('D3000038B', 'Database Systems', NULL);
INSERT INTO studentPlans VALUES('D3000038B', TRUE, 'CS3246', 'AY 16/17 Sem 1');
INSERT INTO studentPlans VALUES('D3000038B', TRUE, 'CS3219', 'AY 16/17 Sem 1');
INSERT INTO studentPlans VALUES('D3000038B', TRUE, 'CS3282', 'AY 16/17 Sem 1');
INSERT INTO studentPlans VALUES('D3000038B', TRUE, 'CP3208', 'AY 16/17 Sem 1');
INSERT INTO studentPlans VALUES('D3000038B', TRUE, 'CS3233', 'AY 16/17 Sem 1');
INSERT INTO studentPlans VALUES('D3000038B', FALSE, 'CS3283', 'AY 16/17 Sem 2');
INSERT INTO studentPlans VALUES('D3000038B', FALSE, 'CS3221', 'AY 16/17 Sem 2');
INSERT INTO studentPlans VALUES('D3000038B', FALSE, 'CS3211', 'AY 16/17 Sem 2');
INSERT INTO studentPlans VALUES('D3000038B', FALSE, 'CP3108B', 'AY 16/17 Sem 2');
INSERT INTO studentPlans VALUES('D3000038B', FALSE, 'CS3236', 'AY 16/17 Sem 2');
INSERT INTO studentPlans VALUES('D3000038B', FALSE, 'CS4221', 'AY 17/18 Sem 1');
INSERT INTO studentPlans VALUES('D3000038B', FALSE, 'CS4234', 'AY 17/18 Sem 1');
INSERT INTO studentPlans VALUES('D3000038B', FALSE, 'CS4214', 'AY 17/18 Sem 1');
INSERT INTO studentPlans VALUES('D3000038B', FALSE, 'CS4248', 'AY 17/18 Sem 1');
INSERT INTO studentPlans VALUES('D3000038B', FALSE, 'CS4226', 'AY 17/18 Sem 1');
INSERT INTO studentPlans VALUES('D3000038B', FALSE, 'CS4242', 'AY 17/18 Sem 2');
INSERT INTO studentPlans VALUES('D3000038B', FALSE, 'CS4340', 'AY 17/18 Sem 2');
INSERT INTO studentPlans VALUES('D3000038B', FALSE, 'CS4271', 'AY 17/18 Sem 2');
INSERT INTO studentPlans VALUES('D3000038B', FALSE, 'CS4211', 'AY 17/18 Sem 2');
INSERT INTO studentPlans VALUES('D3000038B', FALSE, 'CS4232', 'AY 17/18 Sem 2');

INSERT INTO student VALUES('D3000039B', 3);
INSERT INTO takesFocusArea VALUES('D3000039B', 'Multimedia Information Retrieval', NULL);
INSERT INTO studentPlans VALUES('D3000039B', TRUE, 'CS3245', 'AY 16/17 Sem 1');
INSERT INTO studentPlans VALUES('D3000039B', TRUE, 'CS3205', 'AY 16/17 Sem 1');
INSERT INTO studentPlans VALUES('D3000039B', TRUE, 'CS3223', 'AY 16/17 Sem 1');
INSERT INTO studentPlans VALUES('D3000039B', TRUE, 'CS3103', 'AY 16/17 Sem 1');
INSERT INTO studentPlans VALUES('D3000039B', TRUE, 'CS3210', 'AY 16/17 Sem 1');
INSERT INTO studentPlans VALUES('D3000039B', FALSE, 'CS3233', 'AY 16/17 Sem 2');
INSERT INTO studentPlans VALUES('D3000039B', FALSE, 'CS3215', 'AY 16/17 Sem 2');
INSERT INTO studentPlans VALUES('D3000039B', FALSE, 'CS3230', 'AY 16/17 Sem 2');
INSERT INTO studentPlans VALUES('D3000039B', FALSE, 'CS3225', 'AY 16/17 Sem 2');
INSERT INTO studentPlans VALUES('D3000039B', FALSE, 'CS3283', 'AY 16/17 Sem 2');
INSERT INTO studentPlans VALUES('D3000039B', FALSE, 'CS4231', 'AY 17/18 Sem 1');
INSERT INTO studentPlans VALUES('D3000039B', FALSE, 'XFC4101', 'AY 17/18 Sem 1');
INSERT INTO studentPlans VALUES('D3000039B', FALSE, 'CP4101', 'AY 17/18 Sem 1');
INSERT INTO studentPlans VALUES('D3000039B', FALSE, 'CS4226', 'AY 17/18 Sem 1');
INSERT INTO studentPlans VALUES('D3000039B', FALSE, 'CS4232', 'AY 17/18 Sem 1');
INSERT INTO studentPlans VALUES('D3000039B', FALSE, 'CS4215', 'AY 17/18 Sem 2');
INSERT INTO studentPlans VALUES('D3000039B', FALSE, 'CS4211', 'AY 17/18 Sem 2');
INSERT INTO studentPlans VALUES('D3000039B', FALSE, 'CS4242', 'AY 17/18 Sem 2');
INSERT INTO studentPlans VALUES('D3000039B', FALSE, 'CS4240', 'AY 17/18 Sem 2');
INSERT INTO studentPlans VALUES('D3000039B', FALSE, 'CS4224', 'AY 17/18 Sem 2');

INSERT INTO student VALUES('D3000040B', 3);
INSERT INTO takesFocusArea VALUES('D3000040B', 'Visual Computing', NULL);
INSERT INTO studentPlans VALUES('D3000040B', TRUE, 'CS3242', 'AY 16/17 Sem 1');
INSERT INTO studentPlans VALUES('D3000040B', TRUE, 'CS3216', 'AY 16/17 Sem 1');
INSERT INTO studentPlans VALUES('D3000040B', TRUE, 'CS3205', 'AY 16/17 Sem 1');
INSERT INTO studentPlans VALUES('D3000040B', TRUE, 'CS3271', 'AY 16/17 Sem 1');
INSERT INTO studentPlans VALUES('D3000040B', TRUE, 'CS3282', 'AY 16/17 Sem 1');
INSERT INTO studentPlans VALUES('D3000040B', FALSE, 'CS3245', 'AY 16/17 Sem 2');
INSERT INTO studentPlans VALUES('D3000040B', FALSE, 'CP3880', 'AY 16/17 Sem 2');
INSERT INTO studentPlans VALUES('D3000040B', FALSE, 'CS3215', 'AY 16/17 Sem 2');
INSERT INTO studentPlans VALUES('D3000040B', FALSE, 'CP3109', 'AY 16/17 Sem 2');
INSERT INTO studentPlans VALUES('D3000040B', FALSE, 'CS3213', 'AY 16/17 Sem 2');
INSERT INTO studentPlans VALUES('D3000040B', FALSE, 'CS4214', 'AY 17/18 Sem 1');
INSERT INTO studentPlans VALUES('D3000040B', FALSE, 'CS4240', 'AY 17/18 Sem 1');
INSERT INTO studentPlans VALUES('D3000040B', FALSE, 'CS4217', 'AY 17/18 Sem 1');
INSERT INTO studentPlans VALUES('D3000040B', FALSE, 'CS4237', 'AY 17/18 Sem 1');
INSERT INTO studentPlans VALUES('D3000040B', FALSE, 'CS4345', 'AY 17/18 Sem 1');
INSERT INTO studentPlans VALUES('D3000040B', FALSE, 'CS4275', 'AY 17/18 Sem 2');
INSERT INTO studentPlans VALUES('D3000040B', FALSE, 'CS4232', 'AY 17/18 Sem 2');
INSERT INTO studentPlans VALUES('D3000040B', FALSE, 'CS4223', 'AY 17/18 Sem 2');
INSERT INTO studentPlans VALUES('D3000040B', FALSE, 'CS4222', 'AY 17/18 Sem 2');
INSERT INTO studentPlans VALUES('D3000040B', FALSE, 'CS4249', 'AY 17/18 Sem 2');

INSERT INTO student VALUES('D3000041B', 3);
INSERT INTO takesFocusArea VALUES('D3000041B', 'Programming Languages', NULL);
INSERT INTO studentPlans VALUES('D3000041B', TRUE, 'CS3236', 'AY 16/17 Sem 1');
INSERT INTO studentPlans VALUES('D3000041B', TRUE, 'CP3101C', 'AY 16/17 Sem 1');
INSERT INTO studentPlans VALUES('D3000041B', TRUE, 'CS3233', 'AY 16/17 Sem 1');
INSERT INTO studentPlans VALUES('D3000041B', TRUE, 'CP3201', 'AY 16/17 Sem 1');
INSERT INTO studentPlans VALUES('D3000041B', TRUE, 'CP3106', 'AY 16/17 Sem 1');
INSERT INTO studentPlans VALUES('D3000041B', FALSE, 'CS3202', 'AY 16/17 Sem 2');
INSERT INTO studentPlans VALUES('D3000041B', FALSE, 'CS3225', 'AY 16/17 Sem 2');
INSERT INTO studentPlans VALUES('D3000041B', FALSE, 'CS3212', 'AY 16/17 Sem 2');
INSERT INTO studentPlans VALUES('D3000041B', FALSE, 'CP3108A', 'AY 16/17 Sem 2');
INSERT INTO studentPlans VALUES('D3000041B', FALSE, 'CS3240', 'AY 16/17 Sem 2');
INSERT INTO studentPlans VALUES('D3000041B', FALSE, 'CS4225', 'AY 17/18 Sem 1');
INSERT INTO studentPlans VALUES('D3000041B', FALSE, 'CS4350', 'AY 17/18 Sem 1');
INSERT INTO studentPlans VALUES('D3000041B', FALSE, 'CS4244', 'AY 17/18 Sem 1');
INSERT INTO studentPlans VALUES('D3000041B', FALSE, 'CS4241', 'AY 17/18 Sem 1');
INSERT INTO studentPlans VALUES('D3000041B', FALSE, 'CS4249', 'AY 17/18 Sem 1');
INSERT INTO studentPlans VALUES('D3000041B', FALSE, 'CS4226', 'AY 17/18 Sem 2');
INSERT INTO studentPlans VALUES('D3000041B', FALSE, 'CS4232', 'AY 17/18 Sem 2');
INSERT INTO studentPlans VALUES('D3000041B', FALSE, 'CS4212', 'AY 17/18 Sem 2');
INSERT INTO studentPlans VALUES('D3000041B', FALSE, 'CS4211', 'AY 17/18 Sem 2');
INSERT INTO studentPlans VALUES('D3000041B', FALSE, 'CS4239', 'AY 17/18 Sem 2');

INSERT INTO student VALUES('D3000042B', 3);
INSERT INTO takesFocusArea VALUES('D3000042B', 'Software Engineering', NULL);
INSERT INTO studentPlans VALUES('D3000042B', TRUE, 'CS3215', 'AY 16/17 Sem 1');
INSERT INTO studentPlans VALUES('D3000042B', TRUE, 'CS3211', 'AY 16/17 Sem 1');
INSERT INTO studentPlans VALUES('D3000042B', TRUE, 'CS3202', 'AY 16/17 Sem 1');
INSERT INTO studentPlans VALUES('D3000042B', TRUE, 'CP3201', 'AY 16/17 Sem 1');
INSERT INTO studentPlans VALUES('D3000042B', TRUE, 'CP3101A', 'AY 16/17 Sem 1');
INSERT INTO studentPlans VALUES('D3000042B', FALSE, 'CS3249', 'AY 16/17 Sem 2');
INSERT INTO studentPlans VALUES('D3000042B', FALSE, 'CS3281', 'AY 16/17 Sem 2');
INSERT INTO studentPlans VALUES('D3000042B', FALSE, 'CS3201', 'AY 16/17 Sem 2');
INSERT INTO studentPlans VALUES('D3000042B', FALSE, 'CG3002', 'AY 16/17 Sem 2');
INSERT INTO studentPlans VALUES('D3000042B', FALSE, 'CS3244', 'AY 16/17 Sem 2');
INSERT INTO studentPlans VALUES('D3000042B', FALSE, 'CS4350', 'AY 17/18 Sem 1');
INSERT INTO studentPlans VALUES('D3000042B', FALSE, 'CP4101', 'AY 17/18 Sem 1');
INSERT INTO studentPlans VALUES('D3000042B', FALSE, 'CS4340', 'AY 17/18 Sem 1');
INSERT INTO studentPlans VALUES('D3000042B', FALSE, 'CS4240', 'AY 17/18 Sem 1');
INSERT INTO studentPlans VALUES('D3000042B', FALSE, 'CS4222', 'AY 17/18 Sem 1');
INSERT INTO studentPlans VALUES('D3000042B', FALSE, 'CS4347', 'AY 17/18 Sem 2');
INSERT INTO studentPlans VALUES('D3000042B', FALSE, 'CS4215', 'AY 17/18 Sem 2');
INSERT INTO studentPlans VALUES('D3000042B', FALSE, 'CS4271', 'AY 17/18 Sem 2');
INSERT INTO studentPlans VALUES('D3000042B', FALSE, 'CS4216', 'AY 17/18 Sem 2');
INSERT INTO studentPlans VALUES('D3000042B', FALSE, 'CS4220', 'AY 17/18 Sem 2');

INSERT INTO student VALUES('D3000043B', 3);
INSERT INTO takesFocusArea VALUES('D3000043B', 'Algorithms & Theory', NULL);
INSERT INTO studentPlans VALUES('D3000043B', TRUE, 'CP3881', 'AY 16/17 Sem 1');
INSERT INTO studentPlans VALUES('D3000043B', TRUE, 'CS3217', 'AY 16/17 Sem 1');
INSERT INTO studentPlans VALUES('D3000043B', TRUE, 'CS3234', 'AY 16/17 Sem 1');
INSERT INTO studentPlans VALUES('D3000043B', TRUE, 'CS3283', 'AY 16/17 Sem 1');
INSERT INTO studentPlans VALUES('D3000043B', TRUE, 'CP3101C', 'AY 16/17 Sem 1');
INSERT INTO studentPlans VALUES('D3000043B', FALSE, 'CS3882', 'AY 16/17 Sem 2');
INSERT INTO studentPlans VALUES('D3000043B', FALSE, 'CS3271', 'AY 16/17 Sem 2');
INSERT INTO studentPlans VALUES('D3000043B', FALSE, 'CP3200', 'AY 16/17 Sem 2');
INSERT INTO studentPlans VALUES('D3000043B', FALSE, 'CG3002', 'AY 16/17 Sem 2');
INSERT INTO studentPlans VALUES('D3000043B', FALSE, 'CS3236', 'AY 16/17 Sem 2');
INSERT INTO studentPlans VALUES('D3000043B', FALSE, 'CS4345', 'AY 17/18 Sem 1');
INSERT INTO studentPlans VALUES('D3000043B', FALSE, 'CS4216', 'AY 17/18 Sem 1');
INSERT INTO studentPlans VALUES('D3000043B', FALSE, 'CS4239', 'AY 17/18 Sem 1');
INSERT INTO studentPlans VALUES('D3000043B', FALSE, 'CS4223', 'AY 17/18 Sem 1');
INSERT INTO studentPlans VALUES('D3000043B', FALSE, 'CS4240', 'AY 17/18 Sem 1');
INSERT INTO studentPlans VALUES('D3000043B', FALSE, 'CS4212', 'AY 17/18 Sem 2');
INSERT INTO studentPlans VALUES('D3000043B', FALSE, 'XFC4101', 'AY 17/18 Sem 2');
INSERT INTO studentPlans VALUES('D3000043B', FALSE, 'CS4224', 'AY 17/18 Sem 2');
INSERT INTO studentPlans VALUES('D3000043B', FALSE, 'CS4231', 'AY 17/18 Sem 2');
INSERT INTO studentPlans VALUES('D3000043B', FALSE, 'CS4248', 'AY 17/18 Sem 2');

INSERT INTO student VALUES('D3000044B', 3);
INSERT INTO takesFocusArea VALUES('D3000044B', 'Multimedia Information Retrieval', NULL);
INSERT INTO studentPlans VALUES('D3000044B', TRUE, 'CS3271', 'AY 16/17 Sem 1');
INSERT INTO studentPlans VALUES('D3000044B', TRUE, 'CS3241', 'AY 16/17 Sem 1');
INSERT INTO studentPlans VALUES('D3000044B', TRUE, 'CS3216', 'AY 16/17 Sem 1');
INSERT INTO studentPlans VALUES('D3000044B', TRUE, 'CG3002', 'AY 16/17 Sem 1');
INSERT INTO studentPlans VALUES('D3000044B', TRUE, 'CS3223', 'AY 16/17 Sem 1');
INSERT INTO studentPlans VALUES('D3000044B', FALSE, 'CP3101C', 'AY 16/17 Sem 2');
INSERT INTO studentPlans VALUES('D3000044B', FALSE, 'CP3101', 'AY 16/17 Sem 2');
INSERT INTO studentPlans VALUES('D3000044B', FALSE, 'CS3210', 'AY 16/17 Sem 2');
INSERT INTO studentPlans VALUES('D3000044B', FALSE, 'CS3244', 'AY 16/17 Sem 2');
INSERT INTO studentPlans VALUES('D3000044B', FALSE, 'CP3200', 'AY 16/17 Sem 2');
INSERT INTO studentPlans VALUES('D3000044B', FALSE, 'CS4214', 'AY 17/18 Sem 1');
INSERT INTO studentPlans VALUES('D3000044B', FALSE, 'CS4880', 'AY 17/18 Sem 1');
INSERT INTO studentPlans VALUES('D3000044B', FALSE, 'CS4217', 'AY 17/18 Sem 1');
INSERT INTO studentPlans VALUES('D3000044B', FALSE, 'CS4239', 'AY 17/18 Sem 1');
INSERT INTO studentPlans VALUES('D3000044B', FALSE, 'CS4223', 'AY 17/18 Sem 1');
INSERT INTO studentPlans VALUES('D3000044B', FALSE, 'CS4247', 'AY 17/18 Sem 2');
INSERT INTO studentPlans VALUES('D3000044B', FALSE, 'CS4238', 'AY 17/18 Sem 2');
INSERT INTO studentPlans VALUES('D3000044B', FALSE, 'CS4242', 'AY 17/18 Sem 2');
INSERT INTO studentPlans VALUES('D3000044B', FALSE, 'CS4211', 'AY 17/18 Sem 2');
INSERT INTO studentPlans VALUES('D3000044B', FALSE, 'CS4225', 'AY 17/18 Sem 2');

INSERT INTO student VALUES('D3000045B', 3);
INSERT INTO takesFocusArea VALUES('D3000045B', 'Interactive Media', NULL);
INSERT INTO studentPlans VALUES('D3000045B', TRUE, 'CS3219', 'AY 16/17 Sem 1');
INSERT INTO studentPlans VALUES('D3000045B', TRUE, 'CG3002', 'AY 16/17 Sem 1');
INSERT INTO studentPlans VALUES('D3000045B', TRUE, 'CS3210', 'AY 16/17 Sem 1');
INSERT INTO studentPlans VALUES('D3000045B', TRUE, 'CS3271', 'AY 16/17 Sem 1');
INSERT INTO studentPlans VALUES('D3000045B', TRUE, 'CS3236', 'AY 16/17 Sem 1');
INSERT INTO studentPlans VALUES('D3000045B', FALSE, 'CS3212', 'AY 16/17 Sem 2');
INSERT INTO studentPlans VALUES('D3000045B', FALSE, 'CS3247', 'AY 16/17 Sem 2');
INSERT INTO studentPlans VALUES('D3000045B', FALSE, 'CS3246', 'AY 16/17 Sem 2');
INSERT INTO studentPlans VALUES('D3000045B', FALSE, 'CP3109', 'AY 16/17 Sem 2');
INSERT INTO studentPlans VALUES('D3000045B', FALSE, 'CS3226', 'AY 16/17 Sem 2');
INSERT INTO studentPlans VALUES('D3000045B', FALSE, 'CS4248', 'AY 17/18 Sem 1');
INSERT INTO studentPlans VALUES('D3000045B', FALSE, 'CS4347', 'AY 17/18 Sem 1');
INSERT INTO studentPlans VALUES('D3000045B', FALSE, 'CS4350', 'AY 17/18 Sem 1');
INSERT INTO studentPlans VALUES('D3000045B', FALSE, 'CS4239', 'AY 17/18 Sem 1');
INSERT INTO studentPlans VALUES('D3000045B', FALSE, 'CS4212', 'AY 17/18 Sem 1');
INSERT INTO studentPlans VALUES('D3000045B', FALSE, 'CS4218', 'AY 17/18 Sem 2');
INSERT INTO studentPlans VALUES('D3000045B', FALSE, 'CP4101', 'AY 17/18 Sem 2');
INSERT INTO studentPlans VALUES('D3000045B', FALSE, 'CS4247', 'AY 17/18 Sem 2');
INSERT INTO studentPlans VALUES('D3000045B', FALSE, 'CS4222', 'AY 17/18 Sem 2');
INSERT INTO studentPlans VALUES('D3000045B', FALSE, 'CS4240', 'AY 17/18 Sem 2');

INSERT INTO student VALUES('D3000046B', 3);
INSERT INTO takesFocusArea VALUES('D3000046B', 'Interactive Media', NULL);
INSERT INTO studentPlans VALUES('D3000046B', TRUE, 'CS3202', 'AY 16/17 Sem 1');
INSERT INTO studentPlans VALUES('D3000046B', TRUE, 'CP3108B', 'AY 16/17 Sem 1');
INSERT INTO studentPlans VALUES('D3000046B', TRUE, 'CS3281', 'AY 16/17 Sem 1');
INSERT INTO studentPlans VALUES('D3000046B', TRUE, 'CS3103', 'AY 16/17 Sem 1');
INSERT INTO studentPlans VALUES('D3000046B', TRUE, 'CS3233', 'AY 16/17 Sem 1');
INSERT INTO studentPlans VALUES('D3000046B', FALSE, 'CG3002', 'AY 16/17 Sem 2');
INSERT INTO studentPlans VALUES('D3000046B', FALSE, 'CS3223', 'AY 16/17 Sem 2');
INSERT INTO studentPlans VALUES('D3000046B', FALSE, 'CS3240', 'AY 16/17 Sem 2');
INSERT INTO studentPlans VALUES('D3000046B', FALSE, 'CP3109', 'AY 16/17 Sem 2');
INSERT INTO studentPlans VALUES('D3000046B', FALSE, 'CS3217', 'AY 16/17 Sem 2');
INSERT INTO studentPlans VALUES('D3000046B', FALSE, 'CS4236', 'AY 17/18 Sem 1');
INSERT INTO studentPlans VALUES('D3000046B', FALSE, 'CS4214', 'AY 17/18 Sem 1');
INSERT INTO studentPlans VALUES('D3000046B', FALSE, 'CS4231', 'AY 17/18 Sem 1');
INSERT INTO studentPlans VALUES('D3000046B', FALSE, 'CS4212', 'AY 17/18 Sem 1');
INSERT INTO studentPlans VALUES('D3000046B', FALSE, 'CS4350', 'AY 17/18 Sem 1');
INSERT INTO studentPlans VALUES('D3000046B', FALSE, 'CS4237', 'AY 17/18 Sem 2');
INSERT INTO studentPlans VALUES('D3000046B', FALSE, 'CS4217', 'AY 17/18 Sem 2');
INSERT INTO studentPlans VALUES('D3000046B', FALSE, 'CS4221', 'AY 17/18 Sem 2');
INSERT INTO studentPlans VALUES('D3000046B', FALSE, 'CS4232', 'AY 17/18 Sem 2');
INSERT INTO studentPlans VALUES('D3000046B', FALSE, 'CS4238', 'AY 17/18 Sem 2');

INSERT INTO student VALUES('D3000047B', 3);
INSERT INTO takesFocusArea VALUES('D3000047B', 'Multimedia Information Retrieval', NULL);
INSERT INTO studentPlans VALUES('D3000047B', TRUE, 'CS3223', 'AY 16/17 Sem 1');
INSERT INTO studentPlans VALUES('D3000047B', TRUE, 'CS3233', 'AY 16/17 Sem 1');
INSERT INTO studentPlans VALUES('D3000047B', TRUE, 'CP3101', 'AY 16/17 Sem 1');
INSERT INTO studentPlans VALUES('D3000047B', TRUE, 'CP3109', 'AY 16/17 Sem 1');
INSERT INTO studentPlans VALUES('D3000047B', TRUE, 'CS3249', 'AY 16/17 Sem 1');
INSERT INTO studentPlans VALUES('D3000047B', FALSE, 'CS3241', 'AY 16/17 Sem 2');
INSERT INTO studentPlans VALUES('D3000047B', FALSE, 'CP3209', 'AY 16/17 Sem 2');
INSERT INTO studentPlans VALUES('D3000047B', FALSE, 'CS3213', 'AY 16/17 Sem 2');
INSERT INTO studentPlans VALUES('D3000047B', FALSE, 'CS3284', 'AY 16/17 Sem 2');
INSERT INTO studentPlans VALUES('D3000047B', FALSE, 'CP3202', 'AY 16/17 Sem 2');
INSERT INTO studentPlans VALUES('D3000047B', FALSE, 'CS4242', 'AY 17/18 Sem 1');
INSERT INTO studentPlans VALUES('D3000047B', FALSE, 'XFC4101', 'AY 17/18 Sem 1');
INSERT INTO studentPlans VALUES('D3000047B', FALSE, 'CS4231', 'AY 17/18 Sem 1');
INSERT INTO studentPlans VALUES('D3000047B', FALSE, 'CS4236', 'AY 17/18 Sem 1');
INSERT INTO studentPlans VALUES('D3000047B', FALSE, 'CS4344', 'AY 17/18 Sem 1');
INSERT INTO studentPlans VALUES('D3000047B', FALSE, 'CS4275', 'AY 17/18 Sem 2');
INSERT INTO studentPlans VALUES('D3000047B', FALSE, 'CS4224', 'AY 17/18 Sem 2');
INSERT INTO studentPlans VALUES('D3000047B', FALSE, 'CS4225', 'AY 17/18 Sem 2');
INSERT INTO studentPlans VALUES('D3000047B', FALSE, 'CS4217', 'AY 17/18 Sem 2');
INSERT INTO studentPlans VALUES('D3000047B', FALSE, 'CS4244', 'AY 17/18 Sem 2');

INSERT INTO student VALUES('D3000048B', 3);
INSERT INTO takesFocusArea VALUES('D3000048B', 'Computer Graphics and Games', NULL);
INSERT INTO studentPlans VALUES('D3000048B', TRUE, 'CP3108B', 'AY 16/17 Sem 1');
INSERT INTO studentPlans VALUES('D3000048B', TRUE, 'CS3103', 'AY 16/17 Sem 1');
INSERT INTO studentPlans VALUES('D3000048B', TRUE, 'CS3226', 'AY 16/17 Sem 1');
INSERT INTO studentPlans VALUES('D3000048B', TRUE, 'CP3106', 'AY 16/17 Sem 1');
INSERT INTO studentPlans VALUES('D3000048B', TRUE, 'CS3210', 'AY 16/17 Sem 1');
INSERT INTO studentPlans VALUES('D3000048B', FALSE, 'CS3215', 'AY 16/17 Sem 2');
INSERT INTO studentPlans VALUES('D3000048B', FALSE, 'CS3213', 'AY 16/17 Sem 2');
INSERT INTO studentPlans VALUES('D3000048B', FALSE, 'CS3235', 'AY 16/17 Sem 2');
INSERT INTO studentPlans VALUES('D3000048B', FALSE, 'CS3205', 'AY 16/17 Sem 2');
INSERT INTO studentPlans VALUES('D3000048B', FALSE, 'CS3284', 'AY 16/17 Sem 2');
INSERT INTO studentPlans VALUES('D3000048B', FALSE, 'CS4241', 'AY 17/18 Sem 1');
INSERT INTO studentPlans VALUES('D3000048B', FALSE, 'CS4240', 'AY 17/18 Sem 1');
INSERT INTO studentPlans VALUES('D3000048B', FALSE, 'CS4345', 'AY 17/18 Sem 1');
INSERT INTO studentPlans VALUES('D3000048B', FALSE, 'CS4880', 'AY 17/18 Sem 1');
INSERT INTO studentPlans VALUES('D3000048B', FALSE, 'CS4247', 'AY 17/18 Sem 1');
INSERT INTO studentPlans VALUES('D3000048B', FALSE, 'CS4350', 'AY 17/18 Sem 2');
INSERT INTO studentPlans VALUES('D3000048B', FALSE, 'CS4222', 'AY 17/18 Sem 2');
INSERT INTO studentPlans VALUES('D3000048B', FALSE, 'XFC4101', 'AY 17/18 Sem 2');
INSERT INTO studentPlans VALUES('D3000048B', FALSE, 'CS4275', 'AY 17/18 Sem 2');
INSERT INTO studentPlans VALUES('D3000048B', FALSE, 'CS4236', 'AY 17/18 Sem 2');

INSERT INTO student VALUES('D3000049B', 3);
INSERT INTO takesFocusArea VALUES('D3000049B', 'Computer Graphics and Games', NULL);
INSERT INTO studentPlans VALUES('D3000049B', TRUE, 'CS3220', 'AY 16/17 Sem 1');
INSERT INTO studentPlans VALUES('D3000049B', TRUE, 'CS3283', 'AY 16/17 Sem 1');
INSERT INTO studentPlans VALUES('D3000049B', TRUE, 'CS3225', 'AY 16/17 Sem 1');
INSERT INTO studentPlans VALUES('D3000049B', TRUE, 'CP3881', 'AY 16/17 Sem 1');
INSERT INTO studentPlans VALUES('D3000049B', TRUE, 'CS3202', 'AY 16/17 Sem 1');
INSERT INTO studentPlans VALUES('D3000049B', FALSE, 'CS3247', 'AY 16/17 Sem 2');
INSERT INTO studentPlans VALUES('D3000049B', FALSE, 'CS3221', 'AY 16/17 Sem 2');
INSERT INTO studentPlans VALUES('D3000049B', FALSE, 'CS3240', 'AY 16/17 Sem 2');
INSERT INTO studentPlans VALUES('D3000049B', FALSE, 'CS3281', 'AY 16/17 Sem 2');
INSERT INTO studentPlans VALUES('D3000049B', FALSE, 'CP3106', 'AY 16/17 Sem 2');
INSERT INTO studentPlans VALUES('D3000049B', FALSE, 'CS4216', 'AY 17/18 Sem 1');
INSERT INTO studentPlans VALUES('D3000049B', FALSE, 'CS4215', 'AY 17/18 Sem 1');
INSERT INTO studentPlans VALUES('D3000049B', FALSE, 'CS4242', 'AY 17/18 Sem 1');
INSERT INTO studentPlans VALUES('D3000049B', FALSE, 'CS4275', 'AY 17/18 Sem 1');
INSERT INTO studentPlans VALUES('D3000049B', FALSE, 'CS4222', 'AY 17/18 Sem 1');
INSERT INTO studentPlans VALUES('D3000049B', FALSE, 'CS4231', 'AY 17/18 Sem 2');
INSERT INTO studentPlans VALUES('D3000049B', FALSE, 'CS4224', 'AY 17/18 Sem 2');
INSERT INTO studentPlans VALUES('D3000049B', FALSE, 'CS4244', 'AY 17/18 Sem 2');
INSERT INTO studentPlans VALUES('D3000049B', FALSE, 'XFC4101', 'AY 17/18 Sem 2');
INSERT INTO studentPlans VALUES('D3000049B', FALSE, 'CS4271', 'AY 17/18 Sem 2');

INSERT INTO student VALUES('D3000050B', 3);
INSERT INTO takesFocusArea VALUES('D3000050B', 'Networking and Distributed Systems', NULL);
INSERT INTO studentPlans VALUES('D3000050B', TRUE, 'CG3204L', 'AY 16/17 Sem 1');
INSERT INTO studentPlans VALUES('D3000050B', TRUE, 'CP3101A', 'AY 16/17 Sem 1');
INSERT INTO studentPlans VALUES('D3000050B', TRUE, 'CS3216', 'AY 16/17 Sem 1');
INSERT INTO studentPlans VALUES('D3000050B', TRUE, 'CP3880', 'AY 16/17 Sem 1');
INSERT INTO studentPlans VALUES('D3000050B', TRUE, 'CP3209', 'AY 16/17 Sem 1');
INSERT INTO studentPlans VALUES('D3000050B', FALSE, 'CS3283', 'AY 16/17 Sem 2');
INSERT INTO studentPlans VALUES('D3000050B', FALSE, 'CP3109', 'AY 16/17 Sem 2');
INSERT INTO studentPlans VALUES('D3000050B', FALSE, 'CS3244', 'AY 16/17 Sem 2');
INSERT INTO studentPlans VALUES('D3000050B', FALSE, 'CS3245', 'AY 16/17 Sem 2');
INSERT INTO studentPlans VALUES('D3000050B', FALSE, 'CS3246', 'AY 16/17 Sem 2');
INSERT INTO studentPlans VALUES('D3000050B', FALSE, 'CS4238', 'AY 17/18 Sem 1');
INSERT INTO studentPlans VALUES('D3000050B', FALSE, 'CS4880', 'AY 17/18 Sem 1');
INSERT INTO studentPlans VALUES('D3000050B', FALSE, 'CS4235', 'AY 17/18 Sem 1');
INSERT INTO studentPlans VALUES('D3000050B', FALSE, 'CS4344', 'AY 17/18 Sem 1');
INSERT INTO studentPlans VALUES('D3000050B', FALSE, 'CS4350', 'AY 17/18 Sem 1');
INSERT INTO studentPlans VALUES('D3000050B', FALSE, 'CS4216', 'AY 17/18 Sem 2');
INSERT INTO studentPlans VALUES('D3000050B', FALSE, 'CS4347', 'AY 17/18 Sem 2');
INSERT INTO studentPlans VALUES('D3000050B', FALSE, 'CS4244', 'AY 17/18 Sem 2');
INSERT INTO studentPlans VALUES('D3000050B', FALSE, 'CS4225', 'AY 17/18 Sem 2');
INSERT INTO studentPlans VALUES('D3000050B', FALSE, 'CS4232', 'AY 17/18 Sem 2');

INSERT INTO student VALUES('D3000051B', 3);
INSERT INTO takesFocusArea VALUES('D3000051B', 'Software Engineering', NULL);
INSERT INTO studentPlans VALUES('D3000051B', TRUE, 'CP3201', 'AY 16/17 Sem 1');
INSERT INTO studentPlans VALUES('D3000051B', TRUE, 'CS3226', 'AY 16/17 Sem 1');
INSERT INTO studentPlans VALUES('D3000051B', TRUE, 'CP3108B', 'AY 16/17 Sem 1');
INSERT INTO studentPlans VALUES('D3000051B', TRUE, 'CS3235', 'AY 16/17 Sem 1');
INSERT INTO studentPlans VALUES('D3000051B', TRUE, 'CS3882', 'AY 16/17 Sem 1');
INSERT INTO studentPlans VALUES('D3000051B', FALSE, 'CP3101C', 'AY 16/17 Sem 2');
INSERT INTO studentPlans VALUES('D3000051B', FALSE, 'CS3245', 'AY 16/17 Sem 2');
INSERT INTO studentPlans VALUES('D3000051B', FALSE, 'CS3241', 'AY 16/17 Sem 2');
INSERT INTO studentPlans VALUES('D3000051B', FALSE, 'CS3201', 'AY 16/17 Sem 2');
INSERT INTO studentPlans VALUES('D3000051B', FALSE, 'CS3210', 'AY 16/17 Sem 2');
INSERT INTO studentPlans VALUES('D3000051B', FALSE, 'CS4232', 'AY 17/18 Sem 1');
INSERT INTO studentPlans VALUES('D3000051B', FALSE, 'XFC4101', 'AY 17/18 Sem 1');
INSERT INTO studentPlans VALUES('D3000051B', FALSE, 'CS4246', 'AY 17/18 Sem 1');
INSERT INTO studentPlans VALUES('D3000051B', FALSE, 'CS4214', 'AY 17/18 Sem 1');
INSERT INTO studentPlans VALUES('D3000051B', FALSE, 'CS4212', 'AY 17/18 Sem 1');
INSERT INTO studentPlans VALUES('D3000051B', FALSE, 'CS4223', 'AY 17/18 Sem 2');
INSERT INTO studentPlans VALUES('D3000051B', FALSE, 'CS4350', 'AY 17/18 Sem 2');
INSERT INTO studentPlans VALUES('D3000051B', FALSE, 'CS4215', 'AY 17/18 Sem 2');
INSERT INTO studentPlans VALUES('D3000051B', FALSE, 'CS4271', 'AY 17/18 Sem 2');
INSERT INTO studentPlans VALUES('D3000051B', FALSE, 'CS4222', 'AY 17/18 Sem 2');

INSERT INTO student VALUES('D3000052B', 3);
INSERT INTO takesFocusArea VALUES('D3000052B', 'Networking and Distributed Systems', NULL);
INSERT INTO studentPlans VALUES('D3000052B', TRUE, 'CS3103', 'AY 16/17 Sem 1');
INSERT INTO studentPlans VALUES('D3000052B', TRUE, 'CP3208', 'AY 16/17 Sem 1');
INSERT INTO studentPlans VALUES('D3000052B', TRUE, 'CS3212', 'AY 16/17 Sem 1');
INSERT INTO studentPlans VALUES('D3000052B', TRUE, 'CS3201', 'AY 16/17 Sem 1');
INSERT INTO studentPlans VALUES('D3000052B', TRUE, 'CS3247', 'AY 16/17 Sem 1');
INSERT INTO studentPlans VALUES('D3000052B', FALSE, 'CP3200', 'AY 16/17 Sem 2');
INSERT INTO studentPlans VALUES('D3000052B', FALSE, 'CS3235', 'AY 16/17 Sem 2');
INSERT INTO studentPlans VALUES('D3000052B', FALSE, 'CP3101A', 'AY 16/17 Sem 2');
INSERT INTO studentPlans VALUES('D3000052B', FALSE, 'CS3220', 'AY 16/17 Sem 2');
INSERT INTO studentPlans VALUES('D3000052B', FALSE, 'CP3202', 'AY 16/17 Sem 2');
INSERT INTO studentPlans VALUES('D3000052B', FALSE, 'CS4214', 'AY 17/18 Sem 1');
INSERT INTO studentPlans VALUES('D3000052B', FALSE, 'CS4232', 'AY 17/18 Sem 1');
INSERT INTO studentPlans VALUES('D3000052B', FALSE, 'CS4239', 'AY 17/18 Sem 1');
INSERT INTO studentPlans VALUES('D3000052B', FALSE, 'CS4222', 'AY 17/18 Sem 1');
INSERT INTO studentPlans VALUES('D3000052B', FALSE, 'CS4242', 'AY 17/18 Sem 1');
INSERT INTO studentPlans VALUES('D3000052B', FALSE, 'XFC4101', 'AY 17/18 Sem 2');
INSERT INTO studentPlans VALUES('D3000052B', FALSE, 'CS4350', 'AY 17/18 Sem 2');
INSERT INTO studentPlans VALUES('D3000052B', FALSE, 'CS4231', 'AY 17/18 Sem 2');
INSERT INTO studentPlans VALUES('D3000052B', FALSE, 'CS4221', 'AY 17/18 Sem 2');
INSERT INTO studentPlans VALUES('D3000052B', FALSE, 'CS4243', 'AY 17/18 Sem 2');

INSERT INTO student VALUES('D3000053B', 3);
INSERT INTO takesFocusArea VALUES('D3000053B', 'Interactive Media', NULL);
INSERT INTO studentPlans VALUES('D3000053B', TRUE, 'CS3246', 'AY 16/17 Sem 1');
INSERT INTO studentPlans VALUES('D3000053B', TRUE, 'CS3234', 'AY 16/17 Sem 1');
INSERT INTO studentPlans VALUES('D3000053B', TRUE, 'CS3283', 'AY 16/17 Sem 1');
INSERT INTO studentPlans VALUES('D3000053B', TRUE, 'CS3220', 'AY 16/17 Sem 1');
INSERT INTO studentPlans VALUES('D3000053B', TRUE, 'CS3240', 'AY 16/17 Sem 1');
INSERT INTO studentPlans VALUES('D3000053B', FALSE, 'CS3882', 'AY 16/17 Sem 2');
INSERT INTO studentPlans VALUES('D3000053B', FALSE, 'CP3109', 'AY 16/17 Sem 2');
INSERT INTO studentPlans VALUES('D3000053B', FALSE, 'CP3202', 'AY 16/17 Sem 2');
INSERT INTO studentPlans VALUES('D3000053B', FALSE, 'CS3211', 'AY 16/17 Sem 2');
INSERT INTO studentPlans VALUES('D3000053B', FALSE, 'CP3106', 'AY 16/17 Sem 2');
INSERT INTO studentPlans VALUES('D3000053B', FALSE, 'CP4101', 'AY 17/18 Sem 1');
INSERT INTO studentPlans VALUES('D3000053B', FALSE, 'CS4238', 'AY 17/18 Sem 1');
INSERT INTO studentPlans VALUES('D3000053B', FALSE, 'CS4214', 'AY 17/18 Sem 1');
INSERT INTO studentPlans VALUES('D3000053B', FALSE, 'CS4223', 'AY 17/18 Sem 1');
INSERT INTO studentPlans VALUES('D3000053B', FALSE, 'CS4215', 'AY 17/18 Sem 1');
INSERT INTO studentPlans VALUES('D3000053B', FALSE, 'CS4216', 'AY 17/18 Sem 2');
INSERT INTO studentPlans VALUES('D3000053B', FALSE, 'CS4222', 'AY 17/18 Sem 2');
INSERT INTO studentPlans VALUES('D3000053B', FALSE, 'CS4275', 'AY 17/18 Sem 2');
INSERT INTO studentPlans VALUES('D3000053B', FALSE, 'CS4340', 'AY 17/18 Sem 2');
INSERT INTO studentPlans VALUES('D3000053B', FALSE, 'CS4249', 'AY 17/18 Sem 2');

INSERT INTO student VALUES('D3000054B', 3);
INSERT INTO takesFocusArea VALUES('D3000054B', 'Computer Graphics and Games', NULL);
INSERT INTO studentPlans VALUES('D3000054B', TRUE, 'CS3244', 'AY 16/17 Sem 1');
INSERT INTO studentPlans VALUES('D3000054B', TRUE, 'CS3246', 'AY 16/17 Sem 1');
INSERT INTO studentPlans VALUES('D3000054B', TRUE, 'CS3218', 'AY 16/17 Sem 1');
INSERT INTO studentPlans VALUES('D3000054B', TRUE, 'CS3234', 'AY 16/17 Sem 1');
INSERT INTO studentPlans VALUES('D3000054B', TRUE, 'CS3210', 'AY 16/17 Sem 1');
INSERT INTO studentPlans VALUES('D3000054B', FALSE, 'CS3211', 'AY 16/17 Sem 2');
INSERT INTO studentPlans VALUES('D3000054B', FALSE, 'CP3108B', 'AY 16/17 Sem 2');
INSERT INTO studentPlans VALUES('D3000054B', FALSE, 'CS3103L', 'AY 16/17 Sem 2');
INSERT INTO studentPlans VALUES('D3000054B', FALSE, 'CS3213', 'AY 16/17 Sem 2');
INSERT INTO studentPlans VALUES('D3000054B', FALSE, 'CS3201', 'AY 16/17 Sem 2');
INSERT INTO studentPlans VALUES('D3000054B', FALSE, 'CS4234', 'AY 17/18 Sem 1');
INSERT INTO studentPlans VALUES('D3000054B', FALSE, 'CS4241', 'AY 17/18 Sem 1');
INSERT INTO studentPlans VALUES('D3000054B', FALSE, 'CS4249', 'AY 17/18 Sem 1');
INSERT INTO studentPlans VALUES('D3000054B', FALSE, 'CS4220', 'AY 17/18 Sem 1');
INSERT INTO studentPlans VALUES('D3000054B', FALSE, 'CS4216', 'AY 17/18 Sem 1');
INSERT INTO studentPlans VALUES('D3000054B', FALSE, 'CS4340', 'AY 17/18 Sem 2');
INSERT INTO studentPlans VALUES('D3000054B', FALSE, 'CS4224', 'AY 17/18 Sem 2');
INSERT INTO studentPlans VALUES('D3000054B', FALSE, 'CS4222', 'AY 17/18 Sem 2');
INSERT INTO studentPlans VALUES('D3000054B', FALSE, 'CS4247', 'AY 17/18 Sem 2');
INSERT INTO studentPlans VALUES('D3000054B', FALSE, 'CS4223', 'AY 17/18 Sem 2');

INSERT INTO student VALUES('D3000055B', 3);
INSERT INTO takesFocusArea VALUES('D3000055B', 'Parallel Computing', NULL);
INSERT INTO studentPlans VALUES('D3000055B', TRUE, 'CS3241', 'AY 16/17 Sem 1');
INSERT INTO studentPlans VALUES('D3000055B', TRUE, 'CS3220', 'AY 16/17 Sem 1');
INSERT INTO studentPlans VALUES('D3000055B', TRUE, 'CS3211', 'AY 16/17 Sem 1');
INSERT INTO studentPlans VALUES('D3000055B', TRUE, 'CS3245', 'AY 16/17 Sem 1');
INSERT INTO studentPlans VALUES('D3000055B', TRUE, 'CS3215', 'AY 16/17 Sem 1');
INSERT INTO studentPlans VALUES('D3000055B', FALSE, 'CP3202', 'AY 16/17 Sem 2');
INSERT INTO studentPlans VALUES('D3000055B', FALSE, 'CP3108A', 'AY 16/17 Sem 2');
INSERT INTO studentPlans VALUES('D3000055B', FALSE, 'CP3109', 'AY 16/17 Sem 2');
INSERT INTO studentPlans VALUES('D3000055B', FALSE, 'CS3284', 'AY 16/17 Sem 2');
INSERT INTO studentPlans VALUES('D3000055B', FALSE, 'CP3208', 'AY 16/17 Sem 2');
INSERT INTO studentPlans VALUES('D3000055B', FALSE, 'CS4212', 'AY 17/18 Sem 1');
INSERT INTO studentPlans VALUES('D3000055B', FALSE, 'CS4220', 'AY 17/18 Sem 1');
INSERT INTO studentPlans VALUES('D3000055B', FALSE, 'CS4271', 'AY 17/18 Sem 1');
INSERT INTO studentPlans VALUES('D3000055B', FALSE, 'CS4232', 'AY 17/18 Sem 1');
INSERT INTO studentPlans VALUES('D3000055B', FALSE, 'CS4214', 'AY 17/18 Sem 1');
INSERT INTO studentPlans VALUES('D3000055B', FALSE, 'CS4247', 'AY 17/18 Sem 2');
INSERT INTO studentPlans VALUES('D3000055B', FALSE, 'CS4222', 'AY 17/18 Sem 2');
INSERT INTO studentPlans VALUES('D3000055B', FALSE, 'CS4240', 'AY 17/18 Sem 2');
INSERT INTO studentPlans VALUES('D3000055B', FALSE, 'CS4340', 'AY 17/18 Sem 2');
INSERT INTO studentPlans VALUES('D3000055B', FALSE, 'CS4216', 'AY 17/18 Sem 2');

INSERT INTO student VALUES('D3000056B', 3);
INSERT INTO takesFocusArea VALUES('D3000056B', 'Database Systems', NULL);
INSERT INTO studentPlans VALUES('D3000056B', TRUE, 'CP3201', 'AY 16/17 Sem 1');
INSERT INTO studentPlans VALUES('D3000056B', TRUE, 'CS3281', 'AY 16/17 Sem 1');
INSERT INTO studentPlans VALUES('D3000056B', TRUE, 'CS3202', 'AY 16/17 Sem 1');
INSERT INTO studentPlans VALUES('D3000056B', TRUE, 'CS3271', 'AY 16/17 Sem 1');
INSERT INTO studentPlans VALUES('D3000056B', TRUE, 'CS3210', 'AY 16/17 Sem 1');
INSERT INTO studentPlans VALUES('D3000056B', FALSE, 'CS3230', 'AY 16/17 Sem 2');
INSERT INTO studentPlans VALUES('D3000056B', FALSE, 'CS3217', 'AY 16/17 Sem 2');
INSERT INTO studentPlans VALUES('D3000056B', FALSE, 'CS3882', 'AY 16/17 Sem 2');
INSERT INTO studentPlans VALUES('D3000056B', FALSE, 'CP3108B', 'AY 16/17 Sem 2');
INSERT INTO studentPlans VALUES('D3000056B', FALSE, 'CS3284', 'AY 16/17 Sem 2');
INSERT INTO studentPlans VALUES('D3000056B', FALSE, 'CS4232', 'AY 17/18 Sem 1');
INSERT INTO studentPlans VALUES('D3000056B', FALSE, 'CS4221', 'AY 17/18 Sem 1');
INSERT INTO studentPlans VALUES('D3000056B', FALSE, 'CS4350', 'AY 17/18 Sem 1');
INSERT INTO studentPlans VALUES('D3000056B', FALSE, 'CS4240', 'AY 17/18 Sem 1');
INSERT INTO studentPlans VALUES('D3000056B', FALSE, 'CS4216', 'AY 17/18 Sem 1');
INSERT INTO studentPlans VALUES('D3000056B', FALSE, 'CS4234', 'AY 17/18 Sem 2');
INSERT INTO studentPlans VALUES('D3000056B', FALSE, 'CS4242', 'AY 17/18 Sem 2');
INSERT INTO studentPlans VALUES('D3000056B', FALSE, 'CS4218', 'AY 17/18 Sem 2');
INSERT INTO studentPlans VALUES('D3000056B', FALSE, 'CS4249', 'AY 17/18 Sem 2');
INSERT INTO studentPlans VALUES('D3000056B', FALSE, 'CS4225', 'AY 17/18 Sem 2');

INSERT INTO student VALUES('D3000057B', 3);
INSERT INTO takesFocusArea VALUES('D3000057B', 'Computer Graphics and Games', NULL);
INSERT INTO studentPlans VALUES('D3000057B', TRUE, 'CS3216', 'AY 16/17 Sem 1');
INSERT INTO studentPlans VALUES('D3000057B', TRUE, 'CP3208', 'AY 16/17 Sem 1');
INSERT INTO studentPlans VALUES('D3000057B', TRUE, 'CS3223', 'AY 16/17 Sem 1');
INSERT INTO studentPlans VALUES('D3000057B', TRUE, 'CS3343', 'AY 16/17 Sem 1');
INSERT INTO studentPlans VALUES('D3000057B', TRUE, 'CS3218', 'AY 16/17 Sem 1');
INSERT INTO studentPlans VALUES('D3000057B', FALSE, 'CS3244', 'AY 16/17 Sem 2');
INSERT INTO studentPlans VALUES('D3000057B', FALSE, 'CP3209', 'AY 16/17 Sem 2');
INSERT INTO studentPlans VALUES('D3000057B', FALSE, 'CS3213', 'AY 16/17 Sem 2');
INSERT INTO studentPlans VALUES('D3000057B', FALSE, 'CS3233', 'AY 16/17 Sem 2');
INSERT INTO studentPlans VALUES('D3000057B', FALSE, 'CS3249', 'AY 16/17 Sem 2');
INSERT INTO studentPlans VALUES('D3000057B', FALSE, 'CS4247', 'AY 17/18 Sem 1');
INSERT INTO studentPlans VALUES('D3000057B', FALSE, 'CS4220', 'AY 17/18 Sem 1');
INSERT INTO studentPlans VALUES('D3000057B', FALSE, 'CS4271', 'AY 17/18 Sem 1');
INSERT INTO studentPlans VALUES('D3000057B', FALSE, 'CS4243', 'AY 17/18 Sem 1');
INSERT INTO studentPlans VALUES('D3000057B', FALSE, 'CS4248', 'AY 17/18 Sem 1');
INSERT INTO studentPlans VALUES('D3000057B', FALSE, 'CS4235', 'AY 17/18 Sem 2');
INSERT INTO studentPlans VALUES('D3000057B', FALSE, 'XFC4101', 'AY 17/18 Sem 2');
INSERT INTO studentPlans VALUES('D3000057B', FALSE, 'CS4239', 'AY 17/18 Sem 2');
INSERT INTO studentPlans VALUES('D3000057B', FALSE, 'CS4242', 'AY 17/18 Sem 2');
INSERT INTO studentPlans VALUES('D3000057B', FALSE, 'CS4221', 'AY 17/18 Sem 2');

INSERT INTO student VALUES('D3000058B', 3);
INSERT INTO takesFocusArea VALUES('D3000058B', 'Computer Security', NULL);
INSERT INTO studentPlans VALUES('D3000058B', TRUE, 'CS3216', 'AY 16/17 Sem 1');
INSERT INTO studentPlans VALUES('D3000058B', TRUE, 'CS3241', 'AY 16/17 Sem 1');
INSERT INTO studentPlans VALUES('D3000058B', TRUE, 'CP3106', 'AY 16/17 Sem 1');
INSERT INTO studentPlans VALUES('D3000058B', TRUE, 'CS3242', 'AY 16/17 Sem 1');
INSERT INTO studentPlans VALUES('D3000058B', TRUE, 'CS3212', 'AY 16/17 Sem 1');
INSERT INTO studentPlans VALUES('D3000058B', FALSE, 'CP3108A', 'AY 16/17 Sem 2');
INSERT INTO studentPlans VALUES('D3000058B', FALSE, 'CS3221', 'AY 16/17 Sem 2');
INSERT INTO studentPlans VALUES('D3000058B', FALSE, 'CS3230', 'AY 16/17 Sem 2');
INSERT INTO studentPlans VALUES('D3000058B', FALSE, 'CS3249', 'AY 16/17 Sem 2');
INSERT INTO studentPlans VALUES('D3000058B', FALSE, 'CP3108B', 'AY 16/17 Sem 2');
INSERT INTO studentPlans VALUES('D3000058B', FALSE, 'CS4231', 'AY 17/18 Sem 1');
INSERT INTO studentPlans VALUES('D3000058B', FALSE, 'CS4221', 'AY 17/18 Sem 1');
INSERT INTO studentPlans VALUES('D3000058B', FALSE, 'CS4214', 'AY 17/18 Sem 1');
INSERT INTO studentPlans VALUES('D3000058B', FALSE, 'CS4243', 'AY 17/18 Sem 1');
INSERT INTO studentPlans VALUES('D3000058B', FALSE, 'CS4880', 'AY 17/18 Sem 1');
INSERT INTO studentPlans VALUES('D3000058B', FALSE, 'CS4248', 'AY 17/18 Sem 2');
INSERT INTO studentPlans VALUES('D3000058B', FALSE, 'CS4215', 'AY 17/18 Sem 2');
INSERT INTO studentPlans VALUES('D3000058B', FALSE, 'CP4101', 'AY 17/18 Sem 2');
INSERT INTO studentPlans VALUES('D3000058B', FALSE, 'CS4347', 'AY 17/18 Sem 2');
INSERT INTO studentPlans VALUES('D3000058B', FALSE, 'CS4244', 'AY 17/18 Sem 2');

INSERT INTO student VALUES('D3000059B', 3);
INSERT INTO takesFocusArea VALUES('D3000059B', 'Computer Security', NULL);
INSERT INTO studentPlans VALUES('D3000059B', TRUE, 'CS3220', 'AY 16/17 Sem 1');
INSERT INTO studentPlans VALUES('D3000059B', TRUE, 'CS3221', 'AY 16/17 Sem 1');
INSERT INTO studentPlans VALUES('D3000059B', TRUE, 'CS3236', 'AY 16/17 Sem 1');
INSERT INTO studentPlans VALUES('D3000059B', TRUE, 'CG3002', 'AY 16/17 Sem 1');
INSERT INTO studentPlans VALUES('D3000059B', TRUE, 'CS3216', 'AY 16/17 Sem 1');
INSERT INTO studentPlans VALUES('D3000059B', FALSE, 'CP3108B', 'AY 16/17 Sem 2');
INSERT INTO studentPlans VALUES('D3000059B', FALSE, 'CP3108A', 'AY 16/17 Sem 2');
INSERT INTO studentPlans VALUES('D3000059B', FALSE, 'CP3202', 'AY 16/17 Sem 2');
INSERT INTO studentPlans VALUES('D3000059B', FALSE, 'CP3881', 'AY 16/17 Sem 2');
INSERT INTO studentPlans VALUES('D3000059B', FALSE, 'CG3204L', 'AY 16/17 Sem 2');
INSERT INTO studentPlans VALUES('D3000059B', FALSE, 'CS4340', 'AY 17/18 Sem 1');
INSERT INTO studentPlans VALUES('D3000059B', FALSE, 'CS4212', 'AY 17/18 Sem 1');
INSERT INTO studentPlans VALUES('D3000059B', FALSE, 'CS4215', 'AY 17/18 Sem 1');
INSERT INTO studentPlans VALUES('D3000059B', FALSE, 'CS4241', 'AY 17/18 Sem 1');
INSERT INTO studentPlans VALUES('D3000059B', FALSE, 'CS4243', 'AY 17/18 Sem 1');
INSERT INTO studentPlans VALUES('D3000059B', FALSE, 'CS4221', 'AY 17/18 Sem 2');
INSERT INTO studentPlans VALUES('D3000059B', FALSE, 'CS4234', 'AY 17/18 Sem 2');
INSERT INTO studentPlans VALUES('D3000059B', FALSE, 'CS4216', 'AY 17/18 Sem 2');
INSERT INTO studentPlans VALUES('D3000059B', FALSE, 'CS4236', 'AY 17/18 Sem 2');
INSERT INTO studentPlans VALUES('D3000059B', FALSE, 'CS4880', 'AY 17/18 Sem 2');

INSERT INTO student VALUES('D3000060B', 3);
INSERT INTO takesFocusArea VALUES('D3000060B', 'Computer Security', NULL);
INSERT INTO studentPlans VALUES('D3000060B', TRUE, 'CP3101C', 'AY 16/17 Sem 1');
INSERT INTO studentPlans VALUES('D3000060B', TRUE, 'CS3218', 'AY 16/17 Sem 1');
INSERT INTO studentPlans VALUES('D3000060B', TRUE, 'CS3226', 'AY 16/17 Sem 1');
INSERT INTO studentPlans VALUES('D3000060B', TRUE, 'CS3249', 'AY 16/17 Sem 1');
INSERT INTO studentPlans VALUES('D3000060B', TRUE, 'CS3205', 'AY 16/17 Sem 1');
INSERT INTO studentPlans VALUES('D3000060B', FALSE, 'CS3246', 'AY 16/17 Sem 2');
INSERT INTO studentPlans VALUES('D3000060B', FALSE, 'CS3212', 'AY 16/17 Sem 2');
INSERT INTO studentPlans VALUES('D3000060B', FALSE, 'CS3202', 'AY 16/17 Sem 2');
INSERT INTO studentPlans VALUES('D3000060B', FALSE, 'CS3882', 'AY 16/17 Sem 2');
INSERT INTO studentPlans VALUES('D3000060B', FALSE, 'CS3221', 'AY 16/17 Sem 2');
INSERT INTO studentPlans VALUES('D3000060B', FALSE, 'CS4211', 'AY 17/18 Sem 1');
INSERT INTO studentPlans VALUES('D3000060B', FALSE, 'CS4246', 'AY 17/18 Sem 1');
INSERT INTO studentPlans VALUES('D3000060B', FALSE, 'CS4345', 'AY 17/18 Sem 1');
INSERT INTO studentPlans VALUES('D3000060B', FALSE, 'CS4347', 'AY 17/18 Sem 1');
INSERT INTO studentPlans VALUES('D3000060B', FALSE, 'CS4235', 'AY 17/18 Sem 1');
INSERT INTO studentPlans VALUES('D3000060B', FALSE, 'CS4880', 'AY 17/18 Sem 2');
INSERT INTO studentPlans VALUES('D3000060B', FALSE, 'CS4248', 'AY 17/18 Sem 2');
INSERT INTO studentPlans VALUES('D3000060B', FALSE, 'CS4225', 'AY 17/18 Sem 2');
INSERT INTO studentPlans VALUES('D3000060B', FALSE, 'CS4212', 'AY 17/18 Sem 2');
INSERT INTO studentPlans VALUES('D3000060B', FALSE, 'CS4275', 'AY 17/18 Sem 2');

INSERT INTO student VALUES('D3000061B', 3);
INSERT INTO takesFocusArea VALUES('D3000061B', 'Computer Graphics and Games', NULL);
INSERT INTO studentPlans VALUES('D3000061B', TRUE, 'CS3205', 'AY 16/17 Sem 1');
INSERT INTO studentPlans VALUES('D3000061B', TRUE, 'CS3213', 'AY 16/17 Sem 1');
INSERT INTO studentPlans VALUES('D3000061B', TRUE, 'CS3210', 'AY 16/17 Sem 1');
INSERT INTO studentPlans VALUES('D3000061B', TRUE, 'CP3101', 'AY 16/17 Sem 1');
INSERT INTO studentPlans VALUES('D3000061B', TRUE, 'CS3226', 'AY 16/17 Sem 1');
INSERT INTO studentPlans VALUES('D3000061B', FALSE, 'CS3215', 'AY 16/17 Sem 2');
INSERT INTO studentPlans VALUES('D3000061B', FALSE, 'CS3233', 'AY 16/17 Sem 2');
INSERT INTO studentPlans VALUES('D3000061B', FALSE, 'CS3235', 'AY 16/17 Sem 2');
INSERT INTO studentPlans VALUES('D3000061B', FALSE, 'CS3234', 'AY 16/17 Sem 2');
INSERT INTO studentPlans VALUES('D3000061B', FALSE, 'CP3101A', 'AY 16/17 Sem 2');
INSERT INTO studentPlans VALUES('D3000061B', FALSE, 'CS4216', 'AY 17/18 Sem 1');
INSERT INTO studentPlans VALUES('D3000061B', FALSE, 'CS4345', 'AY 17/18 Sem 1');
INSERT INTO studentPlans VALUES('D3000061B', FALSE, 'CS4344', 'AY 17/18 Sem 1');
INSERT INTO studentPlans VALUES('D3000061B', FALSE, 'CS4275', 'AY 17/18 Sem 1');
INSERT INTO studentPlans VALUES('D3000061B', FALSE, 'CP4101', 'AY 17/18 Sem 1');
INSERT INTO studentPlans VALUES('D3000061B', FALSE, 'CS4226', 'AY 17/18 Sem 2');
INSERT INTO studentPlans VALUES('D3000061B', FALSE, 'CS4880', 'AY 17/18 Sem 2');
INSERT INTO studentPlans VALUES('D3000061B', FALSE, 'CS4218', 'AY 17/18 Sem 2');
INSERT INTO studentPlans VALUES('D3000061B', FALSE, 'CS4242', 'AY 17/18 Sem 2');
INSERT INTO studentPlans VALUES('D3000061B', FALSE, 'CS4237', 'AY 17/18 Sem 2');

INSERT INTO student VALUES('D3000062B', 3);
INSERT INTO takesFocusArea VALUES('D3000062B', 'Programming Languages', NULL);
INSERT INTO studentPlans VALUES('D3000062B', TRUE, 'CS3281', 'AY 16/17 Sem 1');
INSERT INTO studentPlans VALUES('D3000062B', TRUE, 'CS3243', 'AY 16/17 Sem 1');
INSERT INTO studentPlans VALUES('D3000062B', TRUE, 'CS3236', 'AY 16/17 Sem 1');
INSERT INTO studentPlans VALUES('D3000062B', TRUE, 'CS3240', 'AY 16/17 Sem 1');
INSERT INTO studentPlans VALUES('D3000062B', TRUE, 'CP3101C', 'AY 16/17 Sem 1');
INSERT INTO studentPlans VALUES('D3000062B', FALSE, 'CS3283', 'AY 16/17 Sem 2');
INSERT INTO studentPlans VALUES('D3000062B', FALSE, 'CS3215', 'AY 16/17 Sem 2');
INSERT INTO studentPlans VALUES('D3000062B', FALSE, 'CP3101A', 'AY 16/17 Sem 2');
INSERT INTO studentPlans VALUES('D3000062B', FALSE, 'CS3282', 'AY 16/17 Sem 2');
INSERT INTO studentPlans VALUES('D3000062B', FALSE, 'CP3109', 'AY 16/17 Sem 2');
INSERT INTO studentPlans VALUES('D3000062B', FALSE, 'CS4226', 'AY 17/18 Sem 1');
INSERT INTO studentPlans VALUES('D3000062B', FALSE, 'CS4238', 'AY 17/18 Sem 1');
INSERT INTO studentPlans VALUES('D3000062B', FALSE, 'CS4225', 'AY 17/18 Sem 1');
INSERT INTO studentPlans VALUES('D3000062B', FALSE, 'CS4215', 'AY 17/18 Sem 1');
INSERT INTO studentPlans VALUES('D3000062B', FALSE, 'CS4218', 'AY 17/18 Sem 1');
INSERT INTO studentPlans VALUES('D3000062B', FALSE, 'CS4246', 'AY 17/18 Sem 2');
INSERT INTO studentPlans VALUES('D3000062B', FALSE, 'CS4242', 'AY 17/18 Sem 2');
INSERT INTO studentPlans VALUES('D3000062B', FALSE, 'CS4880', 'AY 17/18 Sem 2');
INSERT INTO studentPlans VALUES('D3000062B', FALSE, 'CS4236', 'AY 17/18 Sem 2');
INSERT INTO studentPlans VALUES('D3000062B', FALSE, 'CS4248', 'AY 17/18 Sem 2');

INSERT INTO student VALUES('D3000063B', 3);
INSERT INTO takesFocusArea VALUES('D3000063B', 'Visual Computing', NULL);
INSERT INTO studentPlans VALUES('D3000063B', TRUE, 'CS3230', 'AY 16/17 Sem 1');
INSERT INTO studentPlans VALUES('D3000063B', TRUE, 'CS3223', 'AY 16/17 Sem 1');
INSERT INTO studentPlans VALUES('D3000063B', TRUE, 'CG3204L', 'AY 16/17 Sem 1');
INSERT INTO studentPlans VALUES('D3000063B', TRUE, 'CP3200', 'AY 16/17 Sem 1');
INSERT INTO studentPlans VALUES('D3000063B', TRUE, 'CS3213', 'AY 16/17 Sem 1');
INSERT INTO studentPlans VALUES('D3000063B', FALSE, 'CS3212', 'AY 16/17 Sem 2');
INSERT INTO studentPlans VALUES('D3000063B', FALSE, 'CS3220', 'AY 16/17 Sem 2');
INSERT INTO studentPlans VALUES('D3000063B', FALSE, 'CS3216', 'AY 16/17 Sem 2');
INSERT INTO studentPlans VALUES('D3000063B', FALSE, 'CP3101A', 'AY 16/17 Sem 2');
INSERT INTO studentPlans VALUES('D3000063B', FALSE, 'CS3240', 'AY 16/17 Sem 2');
INSERT INTO studentPlans VALUES('D3000063B', FALSE, 'CS4211', 'AY 17/18 Sem 1');
INSERT INTO studentPlans VALUES('D3000063B', FALSE, 'CS4231', 'AY 17/18 Sem 1');
INSERT INTO studentPlans VALUES('D3000063B', FALSE, 'CS4235', 'AY 17/18 Sem 1');
INSERT INTO studentPlans VALUES('D3000063B', FALSE, 'XFC4101', 'AY 17/18 Sem 1');
INSERT INTO studentPlans VALUES('D3000063B', FALSE, 'CS4221', 'AY 17/18 Sem 1');
INSERT INTO studentPlans VALUES('D3000063B', FALSE, 'CS4239', 'AY 17/18 Sem 2');
INSERT INTO studentPlans VALUES('D3000063B', FALSE, 'CS4344', 'AY 17/18 Sem 2');
INSERT INTO studentPlans VALUES('D3000063B', FALSE, 'CS4238', 'AY 17/18 Sem 2');
INSERT INTO studentPlans VALUES('D3000063B', FALSE, 'CS4217', 'AY 17/18 Sem 2');
INSERT INTO studentPlans VALUES('D3000063B', FALSE, 'CS4243', 'AY 17/18 Sem 2');

INSERT INTO student VALUES('D3000064B', 3);
INSERT INTO takesFocusArea VALUES('D3000064B', 'Artificial Intelligence', NULL);
INSERT INTO studentPlans VALUES('D3000064B', TRUE, 'CS3246', 'AY 16/17 Sem 1');
INSERT INTO studentPlans VALUES('D3000064B', TRUE, 'CS3882', 'AY 16/17 Sem 1');
INSERT INTO studentPlans VALUES('D3000064B', TRUE, 'CS3103L', 'AY 16/17 Sem 1');
INSERT INTO studentPlans VALUES('D3000064B', TRUE, 'CP3200', 'AY 16/17 Sem 1');
INSERT INTO studentPlans VALUES('D3000064B', TRUE, 'CS3215', 'AY 16/17 Sem 1');
INSERT INTO studentPlans VALUES('D3000064B', FALSE, 'CS3245', 'AY 16/17 Sem 2');
INSERT INTO studentPlans VALUES('D3000064B', FALSE, 'CS3202', 'AY 16/17 Sem 2');
INSERT INTO studentPlans VALUES('D3000064B', FALSE, 'CS3218', 'AY 16/17 Sem 2');
INSERT INTO studentPlans VALUES('D3000064B', FALSE, 'CS3213', 'AY 16/17 Sem 2');
INSERT INTO studentPlans VALUES('D3000064B', FALSE, 'CS3201', 'AY 16/17 Sem 2');
INSERT INTO studentPlans VALUES('D3000064B', FALSE, 'CS4271', 'AY 17/18 Sem 1');
INSERT INTO studentPlans VALUES('D3000064B', FALSE, 'CS4224', 'AY 17/18 Sem 1');
INSERT INTO studentPlans VALUES('D3000064B', FALSE, 'CS4350', 'AY 17/18 Sem 1');
INSERT INTO studentPlans VALUES('D3000064B', FALSE, 'CS4221', 'AY 17/18 Sem 1');
INSERT INTO studentPlans VALUES('D3000064B', FALSE, 'CS4239', 'AY 17/18 Sem 1');
INSERT INTO studentPlans VALUES('D3000064B', FALSE, 'CS4249', 'AY 17/18 Sem 2');
INSERT INTO studentPlans VALUES('D3000064B', FALSE, 'CS4236', 'AY 17/18 Sem 2');
INSERT INTO studentPlans VALUES('D3000064B', FALSE, 'CS4275', 'AY 17/18 Sem 2');
INSERT INTO studentPlans VALUES('D3000064B', FALSE, 'CS4243', 'AY 17/18 Sem 2');
INSERT INTO studentPlans VALUES('D3000064B', FALSE, 'CS4242', 'AY 17/18 Sem 2');

INSERT INTO student VALUES('D3000065B', 3);
INSERT INTO takesFocusArea VALUES('D3000065B', 'Programming Languages', NULL);
INSERT INTO studentPlans VALUES('D3000065B', TRUE, 'CP3108A', 'AY 16/17 Sem 1');
INSERT INTO studentPlans VALUES('D3000065B', TRUE, 'CS3202', 'AY 16/17 Sem 1');
INSERT INTO studentPlans VALUES('D3000065B', TRUE, 'CS3211', 'AY 16/17 Sem 1');
INSERT INTO studentPlans VALUES('D3000065B', TRUE, 'CG3204L', 'AY 16/17 Sem 1');
INSERT INTO studentPlans VALUES('D3000065B', TRUE, 'CS3242', 'AY 16/17 Sem 1');
INSERT INTO studentPlans VALUES('D3000065B', FALSE, 'CS3210', 'AY 16/17 Sem 2');
INSERT INTO studentPlans VALUES('D3000065B', FALSE, 'CP3106', 'AY 16/17 Sem 2');
INSERT INTO studentPlans VALUES('D3000065B', FALSE, 'CS3240', 'AY 16/17 Sem 2');
INSERT INTO studentPlans VALUES('D3000065B', FALSE, 'CS3283', 'AY 16/17 Sem 2');
INSERT INTO studentPlans VALUES('D3000065B', FALSE, 'CS3245', 'AY 16/17 Sem 2');
INSERT INTO studentPlans VALUES('D3000065B', FALSE, 'CS4242', 'AY 17/18 Sem 1');
INSERT INTO studentPlans VALUES('D3000065B', FALSE, 'CS4226', 'AY 17/18 Sem 1');
INSERT INTO studentPlans VALUES('D3000065B', FALSE, 'CS4240', 'AY 17/18 Sem 1');
INSERT INTO studentPlans VALUES('D3000065B', FALSE, 'CS4238', 'AY 17/18 Sem 1');
INSERT INTO studentPlans VALUES('D3000065B', FALSE, 'CS4275', 'AY 17/18 Sem 1');
INSERT INTO studentPlans VALUES('D3000065B', FALSE, 'CS4216', 'AY 17/18 Sem 2');
INSERT INTO studentPlans VALUES('D3000065B', FALSE, 'CS4244', 'AY 17/18 Sem 2');
INSERT INTO studentPlans VALUES('D3000065B', FALSE, 'CS4237', 'AY 17/18 Sem 2');
INSERT INTO studentPlans VALUES('D3000065B', FALSE, 'CS4214', 'AY 17/18 Sem 2');
INSERT INTO studentPlans VALUES('D3000065B', FALSE, 'CS4239', 'AY 17/18 Sem 2');

INSERT INTO student VALUES('D3000066B', 3);
INSERT INTO takesFocusArea VALUES('D3000066B', 'Parallel Computing', NULL);
INSERT INTO studentPlans VALUES('D3000066B', TRUE, 'CS3212', 'AY 16/17 Sem 1');
INSERT INTO studentPlans VALUES('D3000066B', TRUE, 'CS3213', 'AY 16/17 Sem 1');
INSERT INTO studentPlans VALUES('D3000066B', TRUE, 'CP3201', 'AY 16/17 Sem 1');
INSERT INTO studentPlans VALUES('D3000066B', TRUE, 'CS3284', 'AY 16/17 Sem 1');
INSERT INTO studentPlans VALUES('D3000066B', TRUE, 'CS3245', 'AY 16/17 Sem 1');
INSERT INTO studentPlans VALUES('D3000066B', FALSE, 'CS3235', 'AY 16/17 Sem 2');
INSERT INTO studentPlans VALUES('D3000066B', FALSE, 'CS3211', 'AY 16/17 Sem 2');
INSERT INTO studentPlans VALUES('D3000066B', FALSE, 'CP3106', 'AY 16/17 Sem 2');
INSERT INTO studentPlans VALUES('D3000066B', FALSE, 'CP3108B', 'AY 16/17 Sem 2');
INSERT INTO studentPlans VALUES('D3000066B', FALSE, 'CP3200', 'AY 16/17 Sem 2');
INSERT INTO studentPlans VALUES('D3000066B', FALSE, 'CS4350', 'AY 17/18 Sem 1');
INSERT INTO studentPlans VALUES('D3000066B', FALSE, 'CS4237', 'AY 17/18 Sem 1');
INSERT INTO studentPlans VALUES('D3000066B', FALSE, 'CS4212', 'AY 17/18 Sem 1');
INSERT INTO studentPlans VALUES('D3000066B', FALSE, 'CS4216', 'AY 17/18 Sem 1');
INSERT INTO studentPlans VALUES('D3000066B', FALSE, 'CS4211', 'AY 17/18 Sem 1');
INSERT INTO studentPlans VALUES('D3000066B', FALSE, 'CS4226', 'AY 17/18 Sem 2');
INSERT INTO studentPlans VALUES('D3000066B', FALSE, 'CS4247', 'AY 17/18 Sem 2');
INSERT INTO studentPlans VALUES('D3000066B', FALSE, 'CS4222', 'AY 17/18 Sem 2');
INSERT INTO studentPlans VALUES('D3000066B', FALSE, 'CS4240', 'AY 17/18 Sem 2');
INSERT INTO studentPlans VALUES('D3000066B', FALSE, 'CS4248', 'AY 17/18 Sem 2');

INSERT INTO student VALUES('D3000067B', 3);
INSERT INTO takesFocusArea VALUES('D3000067B', 'Visual Computing', NULL);
INSERT INTO studentPlans VALUES('D3000067B', TRUE, 'CS3283', 'AY 16/17 Sem 1');
INSERT INTO studentPlans VALUES('D3000067B', TRUE, 'CP3106', 'AY 16/17 Sem 1');
INSERT INTO studentPlans VALUES('D3000067B', TRUE, 'CS3244', 'AY 16/17 Sem 1');
INSERT INTO studentPlans VALUES('D3000067B', TRUE, 'CS3201', 'AY 16/17 Sem 1');
INSERT INTO studentPlans VALUES('D3000067B', TRUE, 'CP3881', 'AY 16/17 Sem 1');
INSERT INTO studentPlans VALUES('D3000067B', FALSE, 'CS3103', 'AY 16/17 Sem 2');
INSERT INTO studentPlans VALUES('D3000067B', FALSE, 'CS3247', 'AY 16/17 Sem 2');
INSERT INTO studentPlans VALUES('D3000067B', FALSE, 'CS3202', 'AY 16/17 Sem 2');
INSERT INTO studentPlans VALUES('D3000067B', FALSE, 'CS3221', 'AY 16/17 Sem 2');
INSERT INTO studentPlans VALUES('D3000067B', FALSE, 'CS3219', 'AY 16/17 Sem 2');
INSERT INTO studentPlans VALUES('D3000067B', FALSE, 'CS4221', 'AY 17/18 Sem 1');
INSERT INTO studentPlans VALUES('D3000067B', FALSE, 'CS4218', 'AY 17/18 Sem 1');
INSERT INTO studentPlans VALUES('D3000067B', FALSE, 'CS4271', 'AY 17/18 Sem 1');
INSERT INTO studentPlans VALUES('D3000067B', FALSE, 'CS4232', 'AY 17/18 Sem 1');
INSERT INTO studentPlans VALUES('D3000067B', FALSE, 'CS4350', 'AY 17/18 Sem 1');
INSERT INTO studentPlans VALUES('D3000067B', FALSE, 'CS4344', 'AY 17/18 Sem 2');
INSERT INTO studentPlans VALUES('D3000067B', FALSE, 'CS4235', 'AY 17/18 Sem 2');
INSERT INTO studentPlans VALUES('D3000067B', FALSE, 'CS4217', 'AY 17/18 Sem 2');
INSERT INTO studentPlans VALUES('D3000067B', FALSE, 'CS4243', 'AY 17/18 Sem 2');
INSERT INTO studentPlans VALUES('D3000067B', FALSE, 'CS4215', 'AY 17/18 Sem 2');

INSERT INTO student VALUES('D3000068B', 3);
INSERT INTO takesFocusArea VALUES('D3000068B', 'Visual Computing', NULL);
INSERT INTO studentPlans VALUES('D3000068B', TRUE, 'CS3201', 'AY 16/17 Sem 1');
INSERT INTO studentPlans VALUES('D3000068B', TRUE, 'CS3202', 'AY 16/17 Sem 1');
INSERT INTO studentPlans VALUES('D3000068B', TRUE, 'CS3103L', 'AY 16/17 Sem 1');
INSERT INTO studentPlans VALUES('D3000068B', TRUE, 'CP3200', 'AY 16/17 Sem 1');
INSERT INTO studentPlans VALUES('D3000068B', TRUE, 'CS3243', 'AY 16/17 Sem 1');
INSERT INTO studentPlans VALUES('D3000068B', FALSE, 'CS3223', 'AY 16/17 Sem 2');
INSERT INTO studentPlans VALUES('D3000068B', FALSE, 'CS3284', 'AY 16/17 Sem 2');
INSERT INTO studentPlans VALUES('D3000068B', FALSE, 'CS3245', 'AY 16/17 Sem 2');
INSERT INTO studentPlans VALUES('D3000068B', FALSE, 'CS3282', 'AY 16/17 Sem 2');
INSERT INTO studentPlans VALUES('D3000068B', FALSE, 'CP3202', 'AY 16/17 Sem 2');
INSERT INTO studentPlans VALUES('D3000068B', FALSE, 'CS4240', 'AY 17/18 Sem 1');
INSERT INTO studentPlans VALUES('D3000068B', FALSE, 'CS4214', 'AY 17/18 Sem 1');
INSERT INTO studentPlans VALUES('D3000068B', FALSE, 'CS4248', 'AY 17/18 Sem 1');
INSERT INTO studentPlans VALUES('D3000068B', FALSE, 'CS4234', 'AY 17/18 Sem 1');
INSERT INTO studentPlans VALUES('D3000068B', FALSE, 'XFC4101', 'AY 17/18 Sem 1');
INSERT INTO studentPlans VALUES('D3000068B', FALSE, 'CS4239', 'AY 17/18 Sem 2');
INSERT INTO studentPlans VALUES('D3000068B', FALSE, 'CS4275', 'AY 17/18 Sem 2');
INSERT INTO studentPlans VALUES('D3000068B', FALSE, 'CS4243', 'AY 17/18 Sem 2');
INSERT INTO studentPlans VALUES('D3000068B', FALSE, 'CS4242', 'AY 17/18 Sem 2');
INSERT INTO studentPlans VALUES('D3000068B', FALSE, 'CS4223', 'AY 17/18 Sem 2');

INSERT INTO student VALUES('D3000069B', 3);
INSERT INTO takesFocusArea VALUES('D3000069B', 'Artificial Intelligence', NULL);
INSERT INTO studentPlans VALUES('D3000069B', TRUE, 'CS3226', 'AY 16/17 Sem 1');
INSERT INTO studentPlans VALUES('D3000069B', TRUE, 'CP3106', 'AY 16/17 Sem 1');
INSERT INTO studentPlans VALUES('D3000069B', TRUE, 'CP3202', 'AY 16/17 Sem 1');
INSERT INTO studentPlans VALUES('D3000069B', TRUE, 'CP3101C', 'AY 16/17 Sem 1');
INSERT INTO studentPlans VALUES('D3000069B', TRUE, 'CP3200', 'AY 16/17 Sem 1');
INSERT INTO studentPlans VALUES('D3000069B', FALSE, 'CS3211', 'AY 16/17 Sem 2');
INSERT INTO studentPlans VALUES('D3000069B', FALSE, 'CS3103L', 'AY 16/17 Sem 2');
INSERT INTO studentPlans VALUES('D3000069B', FALSE, 'CS3246', 'AY 16/17 Sem 2');
INSERT INTO studentPlans VALUES('D3000069B', FALSE, 'CS3234', 'AY 16/17 Sem 2');
INSERT INTO studentPlans VALUES('D3000069B', FALSE, 'CS3281', 'AY 16/17 Sem 2');
INSERT INTO studentPlans VALUES('D3000069B', FALSE, 'CP4101', 'AY 17/18 Sem 1');
INSERT INTO studentPlans VALUES('D3000069B', FALSE, 'CS4226', 'AY 17/18 Sem 1');
INSERT INTO studentPlans VALUES('D3000069B', FALSE, 'CS4275', 'AY 17/18 Sem 1');
INSERT INTO studentPlans VALUES('D3000069B', FALSE, 'CS4220', 'AY 17/18 Sem 1');
INSERT INTO studentPlans VALUES('D3000069B', FALSE, 'CS4347', 'AY 17/18 Sem 1');
INSERT INTO studentPlans VALUES('D3000069B', FALSE, 'CS4238', 'AY 17/18 Sem 2');
INSERT INTO studentPlans VALUES('D3000069B', FALSE, 'CS4345', 'AY 17/18 Sem 2');
INSERT INTO studentPlans VALUES('D3000069B', FALSE, 'CS4243', 'AY 17/18 Sem 2');
INSERT INTO studentPlans VALUES('D3000069B', FALSE, 'CS4237', 'AY 17/18 Sem 2');
INSERT INTO studentPlans VALUES('D3000069B', FALSE, 'XFC4101', 'AY 17/18 Sem 2');

INSERT INTO student VALUES('D3000070B', 3);
INSERT INTO takesFocusArea VALUES('D3000070B', 'Visual Computing', NULL);
INSERT INTO studentPlans VALUES('D3000070B', TRUE, 'CS3205', 'AY 16/17 Sem 1');
INSERT INTO studentPlans VALUES('D3000070B', TRUE, 'CS3210', 'AY 16/17 Sem 1');
INSERT INTO studentPlans VALUES('D3000070B', TRUE, 'CS3283', 'AY 16/17 Sem 1');
INSERT INTO studentPlans VALUES('D3000070B', TRUE, 'CG3204L', 'AY 16/17 Sem 1');
INSERT INTO studentPlans VALUES('D3000070B', TRUE, 'CP3881', 'AY 16/17 Sem 1');
INSERT INTO studentPlans VALUES('D3000070B', FALSE, 'CS3212', 'AY 16/17 Sem 2');
INSERT INTO studentPlans VALUES('D3000070B', FALSE, 'CS3211', 'AY 16/17 Sem 2');
INSERT INTO studentPlans VALUES('D3000070B', FALSE, 'CG3002', 'AY 16/17 Sem 2');
INSERT INTO studentPlans VALUES('D3000070B', FALSE, 'CP3201', 'AY 16/17 Sem 2');
INSERT INTO studentPlans VALUES('D3000070B', FALSE, 'CS3202', 'AY 16/17 Sem 2');
INSERT INTO studentPlans VALUES('D3000070B', FALSE, 'CS4226', 'AY 17/18 Sem 1');
INSERT INTO studentPlans VALUES('D3000070B', FALSE, 'CS4241', 'AY 17/18 Sem 1');
INSERT INTO studentPlans VALUES('D3000070B', FALSE, 'CS4236', 'AY 17/18 Sem 1');
INSERT INTO studentPlans VALUES('D3000070B', FALSE, 'CS4240', 'AY 17/18 Sem 1');
INSERT INTO studentPlans VALUES('D3000070B', FALSE, 'XFC4101', 'AY 17/18 Sem 1');
INSERT INTO studentPlans VALUES('D3000070B', FALSE, 'CS4223', 'AY 17/18 Sem 2');
INSERT INTO studentPlans VALUES('D3000070B', FALSE, 'CS4225', 'AY 17/18 Sem 2');
INSERT INTO studentPlans VALUES('D3000070B', FALSE, 'CS4880', 'AY 17/18 Sem 2');
INSERT INTO studentPlans VALUES('D3000070B', FALSE, 'CS4247', 'AY 17/18 Sem 2');
INSERT INTO studentPlans VALUES('D3000070B', FALSE, 'CS4340', 'AY 17/18 Sem 2');

INSERT INTO student VALUES('D3000071B', 3);
INSERT INTO takesFocusArea VALUES('D3000071B', 'Software Engineering', NULL);
INSERT INTO studentPlans VALUES('D3000071B', TRUE, 'CG3204L', 'AY 16/17 Sem 1');
INSERT INTO studentPlans VALUES('D3000071B', TRUE, 'CS3241', 'AY 16/17 Sem 1');
INSERT INTO studentPlans VALUES('D3000071B', TRUE, 'CS3249', 'AY 16/17 Sem 1');
INSERT INTO studentPlans VALUES('D3000071B', TRUE, 'CS3225', 'AY 16/17 Sem 1');
INSERT INTO studentPlans VALUES('D3000071B', TRUE, 'CP3106', 'AY 16/17 Sem 1');
INSERT INTO studentPlans VALUES('D3000071B', FALSE, 'CS3201', 'AY 16/17 Sem 2');
INSERT INTO studentPlans VALUES('D3000071B', FALSE, 'CP3208', 'AY 16/17 Sem 2');
INSERT INTO studentPlans VALUES('D3000071B', FALSE, 'CS3235', 'AY 16/17 Sem 2');
INSERT INTO studentPlans VALUES('D3000071B', FALSE, 'CP3108B', 'AY 16/17 Sem 2');
INSERT INTO studentPlans VALUES('D3000071B', FALSE, 'CS3218', 'AY 16/17 Sem 2');
INSERT INTO studentPlans VALUES('D3000071B', FALSE, 'CS4244', 'AY 17/18 Sem 1');
INSERT INTO studentPlans VALUES('D3000071B', FALSE, 'CS4220', 'AY 17/18 Sem 1');
INSERT INTO studentPlans VALUES('D3000071B', FALSE, 'CS4221', 'AY 17/18 Sem 1');
INSERT INTO studentPlans VALUES('D3000071B', FALSE, 'CS4344', 'AY 17/18 Sem 1');
INSERT INTO studentPlans VALUES('D3000071B', FALSE, 'CP4101', 'AY 17/18 Sem 1');
INSERT INTO studentPlans VALUES('D3000071B', FALSE, 'CS4215', 'AY 17/18 Sem 2');
INSERT INTO studentPlans VALUES('D3000071B', FALSE, 'CS4347', 'AY 17/18 Sem 2');
INSERT INTO studentPlans VALUES('D3000071B', FALSE, 'CS4271', 'AY 17/18 Sem 2');
INSERT INTO studentPlans VALUES('D3000071B', FALSE, 'CS4275', 'AY 17/18 Sem 2');
INSERT INTO studentPlans VALUES('D3000071B', FALSE, 'CS4249', 'AY 17/18 Sem 2');

INSERT INTO student VALUES('D3000072B', 3);
INSERT INTO takesFocusArea VALUES('D3000072B', 'Artificial Intelligence', NULL);
INSERT INTO studentPlans VALUES('D3000072B', TRUE, 'CS3202', 'AY 16/17 Sem 1');
INSERT INTO studentPlans VALUES('D3000072B', TRUE, 'CP3200', 'AY 16/17 Sem 1');
INSERT INTO studentPlans VALUES('D3000072B', TRUE, 'CS3240', 'AY 16/17 Sem 1');
INSERT INTO studentPlans VALUES('D3000072B', TRUE, 'CP3881', 'AY 16/17 Sem 1');
INSERT INTO studentPlans VALUES('D3000072B', TRUE, 'CS3212', 'AY 16/17 Sem 1');
INSERT INTO studentPlans VALUES('D3000072B', FALSE, 'CS3249', 'AY 16/17 Sem 2');
INSERT INTO studentPlans VALUES('D3000072B', FALSE, 'CS3221', 'AY 16/17 Sem 2');
INSERT INTO studentPlans VALUES('D3000072B', FALSE, 'CS3226', 'AY 16/17 Sem 2');
INSERT INTO studentPlans VALUES('D3000072B', FALSE, 'CS3284', 'AY 16/17 Sem 2');
INSERT INTO studentPlans VALUES('D3000072B', FALSE, 'CS3236', 'AY 16/17 Sem 2');
INSERT INTO studentPlans VALUES('D3000072B', FALSE, 'CS4248', 'AY 17/18 Sem 1');
INSERT INTO studentPlans VALUES('D3000072B', FALSE, 'CS4238', 'AY 17/18 Sem 1');
INSERT INTO studentPlans VALUES('D3000072B', FALSE, 'CS4271', 'AY 17/18 Sem 1');
INSERT INTO studentPlans VALUES('D3000072B', FALSE, 'CS4223', 'AY 17/18 Sem 1');
INSERT INTO studentPlans VALUES('D3000072B', FALSE, 'CS4344', 'AY 17/18 Sem 1');
INSERT INTO studentPlans VALUES('D3000072B', FALSE, 'CS4246', 'AY 17/18 Sem 2');
INSERT INTO studentPlans VALUES('D3000072B', FALSE, 'CS4241', 'AY 17/18 Sem 2');
INSERT INTO studentPlans VALUES('D3000072B', FALSE, 'CS4249', 'AY 17/18 Sem 2');
INSERT INTO studentPlans VALUES('D3000072B', FALSE, 'CS4243', 'AY 17/18 Sem 2');
INSERT INTO studentPlans VALUES('D3000072B', FALSE, 'CS4232', 'AY 17/18 Sem 2');

INSERT INTO student VALUES('D3000073B', 3);
INSERT INTO takesFocusArea VALUES('D3000073B', 'Computer Graphics and Games', NULL);
INSERT INTO studentPlans VALUES('D3000073B', TRUE, 'CG3204L', 'AY 16/17 Sem 1');
INSERT INTO studentPlans VALUES('D3000073B', TRUE, 'CS3213', 'AY 16/17 Sem 1');
INSERT INTO studentPlans VALUES('D3000073B', TRUE, 'CS3247', 'AY 16/17 Sem 1');
INSERT INTO studentPlans VALUES('D3000073B', TRUE, 'CP3880', 'AY 16/17 Sem 1');
INSERT INTO studentPlans VALUES('D3000073B', TRUE, 'CS3236', 'AY 16/17 Sem 1');
INSERT INTO studentPlans VALUES('D3000073B', FALSE, 'CS3225', 'AY 16/17 Sem 2');
INSERT INTO studentPlans VALUES('D3000073B', FALSE, 'CS3241', 'AY 16/17 Sem 2');
INSERT INTO studentPlans VALUES('D3000073B', FALSE, 'CS3211', 'AY 16/17 Sem 2');
INSERT INTO studentPlans VALUES('D3000073B', FALSE, 'CS3281', 'AY 16/17 Sem 2');
INSERT INTO studentPlans VALUES('D3000073B', FALSE, 'CP3101C', 'AY 16/17 Sem 2');
INSERT INTO studentPlans VALUES('D3000073B', FALSE, 'CS4237', 'AY 17/18 Sem 1');
INSERT INTO studentPlans VALUES('D3000073B', FALSE, 'CS4234', 'AY 17/18 Sem 1');
INSERT INTO studentPlans VALUES('D3000073B', FALSE, 'CS4247', 'AY 17/18 Sem 1');
INSERT INTO studentPlans VALUES('D3000073B', FALSE, 'CS4249', 'AY 17/18 Sem 1');
INSERT INTO studentPlans VALUES('D3000073B', FALSE, 'CS4211', 'AY 17/18 Sem 1');
INSERT INTO studentPlans VALUES('D3000073B', FALSE, 'CS4218', 'AY 17/18 Sem 2');
INSERT INTO studentPlans VALUES('D3000073B', FALSE, 'CS4231', 'AY 17/18 Sem 2');
INSERT INTO studentPlans VALUES('D3000073B', FALSE, 'CS4226', 'AY 17/18 Sem 2');
INSERT INTO studentPlans VALUES('D3000073B', FALSE, 'CS4347', 'AY 17/18 Sem 2');
INSERT INTO studentPlans VALUES('D3000073B', FALSE, 'CS4242', 'AY 17/18 Sem 2');

INSERT INTO student VALUES('D3000074B', 3);
INSERT INTO takesFocusArea VALUES('D3000074B', 'Visual Computing', NULL);
INSERT INTO studentPlans VALUES('D3000074B', TRUE, 'CS3243', 'AY 16/17 Sem 1');
INSERT INTO studentPlans VALUES('D3000074B', TRUE, 'CS3241', 'AY 16/17 Sem 1');
INSERT INTO studentPlans VALUES('D3000074B', TRUE, 'CS3230', 'AY 16/17 Sem 1');
INSERT INTO studentPlans VALUES('D3000074B', TRUE, 'CS3284', 'AY 16/17 Sem 1');
INSERT INTO studentPlans VALUES('D3000074B', TRUE, 'CS3233', 'AY 16/17 Sem 1');
INSERT INTO studentPlans VALUES('D3000074B', FALSE, 'CS3103L', 'AY 16/17 Sem 2');
INSERT INTO studentPlans VALUES('D3000074B', FALSE, 'CS3218', 'AY 16/17 Sem 2');
INSERT INTO studentPlans VALUES('D3000074B', FALSE, 'CP3101', 'AY 16/17 Sem 2');
INSERT INTO studentPlans VALUES('D3000074B', FALSE, 'CS3236', 'AY 16/17 Sem 2');
INSERT INTO studentPlans VALUES('D3000074B', FALSE, 'CS3244', 'AY 16/17 Sem 2');
INSERT INTO studentPlans VALUES('D3000074B', FALSE, 'CS4241', 'AY 17/18 Sem 1');
INSERT INTO studentPlans VALUES('D3000074B', FALSE, 'CS4347', 'AY 17/18 Sem 1');
INSERT INTO studentPlans VALUES('D3000074B', FALSE, 'CS4239', 'AY 17/18 Sem 1');
INSERT INTO studentPlans VALUES('D3000074B', FALSE, 'XFC4101', 'AY 17/18 Sem 1');
INSERT INTO studentPlans VALUES('D3000074B', FALSE, 'CS4221', 'AY 17/18 Sem 1');
INSERT INTO studentPlans VALUES('D3000074B', FALSE, 'CS4232', 'AY 17/18 Sem 2');
INSERT INTO studentPlans VALUES('D3000074B', FALSE, 'CS4345', 'AY 17/18 Sem 2');
INSERT INTO studentPlans VALUES('D3000074B', FALSE, 'CS4223', 'AY 17/18 Sem 2');
INSERT INTO studentPlans VALUES('D3000074B', FALSE, 'CS4246', 'AY 17/18 Sem 2');
INSERT INTO studentPlans VALUES('D3000074B', FALSE, 'CS4216', 'AY 17/18 Sem 2');

INSERT INTO student VALUES('D3000075B', 3);
INSERT INTO takesFocusArea VALUES('D3000075B', 'Networking and Distributed Systems', NULL);
INSERT INTO studentPlans VALUES('D3000075B', TRUE, 'CS3244', 'AY 16/17 Sem 1');
INSERT INTO studentPlans VALUES('D3000075B', TRUE, 'CS3246', 'AY 16/17 Sem 1');
INSERT INTO studentPlans VALUES('D3000075B', TRUE, 'CP3101A', 'AY 16/17 Sem 1');
INSERT INTO studentPlans VALUES('D3000075B', TRUE, 'CP3880', 'AY 16/17 Sem 1');
INSERT INTO studentPlans VALUES('D3000075B', TRUE, 'CS3271', 'AY 16/17 Sem 1');
INSERT INTO studentPlans VALUES('D3000075B', FALSE, 'CS3241', 'AY 16/17 Sem 2');
INSERT INTO studentPlans VALUES('D3000075B', FALSE, 'CP3200', 'AY 16/17 Sem 2');
INSERT INTO studentPlans VALUES('D3000075B', FALSE, 'CP3101', 'AY 16/17 Sem 2');
INSERT INTO studentPlans VALUES('D3000075B', FALSE, 'CP3881', 'AY 16/17 Sem 2');
INSERT INTO studentPlans VALUES('D3000075B', FALSE, 'CS3343', 'AY 16/17 Sem 2');
INSERT INTO studentPlans VALUES('D3000075B', FALSE, 'CS4211', 'AY 17/18 Sem 1');
INSERT INTO studentPlans VALUES('D3000075B', FALSE, 'CS4350', 'AY 17/18 Sem 1');
INSERT INTO studentPlans VALUES('D3000075B', FALSE, 'CP4101', 'AY 17/18 Sem 1');
INSERT INTO studentPlans VALUES('D3000075B', FALSE, 'CS4224', 'AY 17/18 Sem 1');
INSERT INTO studentPlans VALUES('D3000075B', FALSE, 'CS4243', 'AY 17/18 Sem 1');
INSERT INTO studentPlans VALUES('D3000075B', FALSE, 'CS4242', 'AY 17/18 Sem 2');
INSERT INTO studentPlans VALUES('D3000075B', FALSE, 'CS4215', 'AY 17/18 Sem 2');
INSERT INTO studentPlans VALUES('D3000075B', FALSE, 'CS4235', 'AY 17/18 Sem 2');
INSERT INTO studentPlans VALUES('D3000075B', FALSE, 'CS4221', 'AY 17/18 Sem 2');
INSERT INTO studentPlans VALUES('D3000075B', FALSE, 'CS4238', 'AY 17/18 Sem 2');

INSERT INTO student VALUES('D3000076B', 3);
INSERT INTO takesFocusArea VALUES('D3000076B', 'Computer Security', NULL);
INSERT INTO studentPlans VALUES('D3000076B', TRUE, 'CS3283', 'AY 16/17 Sem 1');
INSERT INTO studentPlans VALUES('D3000076B', TRUE, 'CS3225', 'AY 16/17 Sem 1');
INSERT INTO studentPlans VALUES('D3000076B', TRUE, 'CS3233', 'AY 16/17 Sem 1');
INSERT INTO studentPlans VALUES('D3000076B', TRUE, 'CS3343', 'AY 16/17 Sem 1');
INSERT INTO studentPlans VALUES('D3000076B', TRUE, 'CS3211', 'AY 16/17 Sem 1');
INSERT INTO studentPlans VALUES('D3000076B', FALSE, 'CS3241', 'AY 16/17 Sem 2');
INSERT INTO studentPlans VALUES('D3000076B', FALSE, 'CS3271', 'AY 16/17 Sem 2');
INSERT INTO studentPlans VALUES('D3000076B', FALSE, 'CS3221', 'AY 16/17 Sem 2');
INSERT INTO studentPlans VALUES('D3000076B', FALSE, 'CS3245', 'AY 16/17 Sem 2');
INSERT INTO studentPlans VALUES('D3000076B', FALSE, 'CS3223', 'AY 16/17 Sem 2');
INSERT INTO studentPlans VALUES('D3000076B', FALSE, 'CS4217', 'AY 17/18 Sem 1');
INSERT INTO studentPlans VALUES('D3000076B', FALSE, 'CS4231', 'AY 17/18 Sem 1');
INSERT INTO studentPlans VALUES('D3000076B', FALSE, 'CS4222', 'AY 17/18 Sem 1');
INSERT INTO studentPlans VALUES('D3000076B', FALSE, 'CS4246', 'AY 17/18 Sem 1');
INSERT INTO studentPlans VALUES('D3000076B', FALSE, 'XFC4101', 'AY 17/18 Sem 1');
INSERT INTO studentPlans VALUES('D3000076B', FALSE, 'CS4249', 'AY 17/18 Sem 2');
INSERT INTO studentPlans VALUES('D3000076B', FALSE, 'CS4350', 'AY 17/18 Sem 2');
INSERT INTO studentPlans VALUES('D3000076B', FALSE, 'CS4241', 'AY 17/18 Sem 2');
INSERT INTO studentPlans VALUES('D3000076B', FALSE, 'CS4237', 'AY 17/18 Sem 2');
INSERT INTO studentPlans VALUES('D3000076B', FALSE, 'CS4215', 'AY 17/18 Sem 2');

INSERT INTO student VALUES('D3000077B', 3);
INSERT INTO takesFocusArea VALUES('D3000077B', 'Interactive Media', NULL);
INSERT INTO studentPlans VALUES('D3000077B', TRUE, 'CS3217', 'AY 16/17 Sem 1');
INSERT INTO studentPlans VALUES('D3000077B', TRUE, 'CP3208', 'AY 16/17 Sem 1');
INSERT INTO studentPlans VALUES('D3000077B', TRUE, 'CS3243', 'AY 16/17 Sem 1');
INSERT INTO studentPlans VALUES('D3000077B', TRUE, 'CP3109', 'AY 16/17 Sem 1');
INSERT INTO studentPlans VALUES('D3000077B', TRUE, 'CP3880', 'AY 16/17 Sem 1');
INSERT INTO studentPlans VALUES('D3000077B', FALSE, 'CS3343', 'AY 16/17 Sem 2');
INSERT INTO studentPlans VALUES('D3000077B', FALSE, 'CS3215', 'AY 16/17 Sem 2');
INSERT INTO studentPlans VALUES('D3000077B', FALSE, 'CP3101A', 'AY 16/17 Sem 2');
INSERT INTO studentPlans VALUES('D3000077B', FALSE, 'CS3226', 'AY 16/17 Sem 2');
INSERT INTO studentPlans VALUES('D3000077B', FALSE, 'CG3204L', 'AY 16/17 Sem 2');
INSERT INTO studentPlans VALUES('D3000077B', FALSE, 'CS4275', 'AY 17/18 Sem 1');
INSERT INTO studentPlans VALUES('D3000077B', FALSE, 'CS4347', 'AY 17/18 Sem 1');
INSERT INTO studentPlans VALUES('D3000077B', FALSE, 'CS4344', 'AY 17/18 Sem 1');
INSERT INTO studentPlans VALUES('D3000077B', FALSE, 'CS4235', 'AY 17/18 Sem 1');
INSERT INTO studentPlans VALUES('D3000077B', FALSE, 'CS4216', 'AY 17/18 Sem 1');
INSERT INTO studentPlans VALUES('D3000077B', FALSE, 'CS4239', 'AY 17/18 Sem 2');
INSERT INTO studentPlans VALUES('D3000077B', FALSE, 'CS4345', 'AY 17/18 Sem 2');
INSERT INTO studentPlans VALUES('D3000077B', FALSE, 'CS4234', 'AY 17/18 Sem 2');
INSERT INTO studentPlans VALUES('D3000077B', FALSE, 'CS4224', 'AY 17/18 Sem 2');
INSERT INTO studentPlans VALUES('D3000077B', FALSE, 'CS4214', 'AY 17/18 Sem 2');

INSERT INTO student VALUES('D3000078B', 3);
INSERT INTO takesFocusArea VALUES('D3000078B', 'Programming Languages', NULL);
INSERT INTO studentPlans VALUES('D3000078B', TRUE, 'CS3217', 'AY 16/17 Sem 1');
INSERT INTO studentPlans VALUES('D3000078B', TRUE, 'CS3225', 'AY 16/17 Sem 1');
INSERT INTO studentPlans VALUES('D3000078B', TRUE, 'CS3233', 'AY 16/17 Sem 1');
INSERT INTO studentPlans VALUES('D3000078B', TRUE, 'CS3210', 'AY 16/17 Sem 1');
INSERT INTO studentPlans VALUES('D3000078B', TRUE, 'CP3101C', 'AY 16/17 Sem 1');
INSERT INTO studentPlans VALUES('D3000078B', FALSE, 'CP3209', 'AY 16/17 Sem 2');
INSERT INTO studentPlans VALUES('D3000078B', FALSE, 'CS3243', 'AY 16/17 Sem 2');
INSERT INTO studentPlans VALUES('D3000078B', FALSE, 'CP3881', 'AY 16/17 Sem 2');
INSERT INTO studentPlans VALUES('D3000078B', FALSE, 'CS3245', 'AY 16/17 Sem 2');
INSERT INTO studentPlans VALUES('D3000078B', FALSE, 'CS3244', 'AY 16/17 Sem 2');
INSERT INTO studentPlans VALUES('D3000078B', FALSE, 'CS4249', 'AY 17/18 Sem 1');
INSERT INTO studentPlans VALUES('D3000078B', FALSE, 'CS4212', 'AY 17/18 Sem 1');
INSERT INTO studentPlans VALUES('D3000078B', FALSE, 'CS4211', 'AY 17/18 Sem 1');
INSERT INTO studentPlans VALUES('D3000078B', FALSE, 'CS4344', 'AY 17/18 Sem 1');
INSERT INTO studentPlans VALUES('D3000078B', FALSE, 'CS4218', 'AY 17/18 Sem 1');
INSERT INTO studentPlans VALUES('D3000078B', FALSE, 'CS4224', 'AY 17/18 Sem 2');
INSERT INTO studentPlans VALUES('D3000078B', FALSE, 'CS4216', 'AY 17/18 Sem 2');
INSERT INTO studentPlans VALUES('D3000078B', FALSE, 'CS4234', 'AY 17/18 Sem 2');
INSERT INTO studentPlans VALUES('D3000078B', FALSE, 'CS4231', 'AY 17/18 Sem 2');
INSERT INTO studentPlans VALUES('D3000078B', FALSE, 'CS4345', 'AY 17/18 Sem 2');

INSERT INTO student VALUES('D3000079B', 3);
INSERT INTO takesFocusArea VALUES('D3000079B', 'Software Engineering', NULL);
INSERT INTO studentPlans VALUES('D3000079B', TRUE, 'CS3243', 'AY 16/17 Sem 1');
INSERT INTO studentPlans VALUES('D3000079B', TRUE, 'CP3101', 'AY 16/17 Sem 1');
INSERT INTO studentPlans VALUES('D3000079B', TRUE, 'CS3201', 'AY 16/17 Sem 1');
INSERT INTO studentPlans VALUES('D3000079B', TRUE, 'CP3201', 'AY 16/17 Sem 1');
INSERT INTO studentPlans VALUES('D3000079B', TRUE, 'CS3221', 'AY 16/17 Sem 1');
INSERT INTO studentPlans VALUES('D3000079B', FALSE, 'CS3215', 'AY 16/17 Sem 2');
INSERT INTO studentPlans VALUES('D3000079B', FALSE, 'CS3103L', 'AY 16/17 Sem 2');
INSERT INTO studentPlans VALUES('D3000079B', FALSE, 'CG3002', 'AY 16/17 Sem 2');
INSERT INTO studentPlans VALUES('D3000079B', FALSE, 'CP3101A', 'AY 16/17 Sem 2');
INSERT INTO studentPlans VALUES('D3000079B', FALSE, 'CP3880', 'AY 16/17 Sem 2');
INSERT INTO studentPlans VALUES('D3000079B', FALSE, 'CS4242', 'AY 17/18 Sem 1');
INSERT INTO studentPlans VALUES('D3000079B', FALSE, 'CS4232', 'AY 17/18 Sem 1');
INSERT INTO studentPlans VALUES('D3000079B', FALSE, 'CS4880', 'AY 17/18 Sem 1');
INSERT INTO studentPlans VALUES('D3000079B', FALSE, 'CS4221', 'AY 17/18 Sem 1');
INSERT INTO studentPlans VALUES('D3000079B', FALSE, 'CS4249', 'AY 17/18 Sem 1');
INSERT INTO studentPlans VALUES('D3000079B', FALSE, 'CS4240', 'AY 17/18 Sem 2');
INSERT INTO studentPlans VALUES('D3000079B', FALSE, 'CS4247', 'AY 17/18 Sem 2');
INSERT INTO studentPlans VALUES('D3000079B', FALSE, 'CS4224', 'AY 17/18 Sem 2');
INSERT INTO studentPlans VALUES('D3000079B', FALSE, 'CS4235', 'AY 17/18 Sem 2');
INSERT INTO studentPlans VALUES('D3000079B', FALSE, 'XFC4101', 'AY 17/18 Sem 2');

INSERT INTO student VALUES('D3000080B', 3);
INSERT INTO takesFocusArea VALUES('D3000080B', 'Artificial Intelligence', NULL);
INSERT INTO studentPlans VALUES('D3000080B', TRUE, 'CP3881', 'AY 16/17 Sem 1');
INSERT INTO studentPlans VALUES('D3000080B', TRUE, 'CS3882', 'AY 16/17 Sem 1');
INSERT INTO studentPlans VALUES('D3000080B', TRUE, 'CS3284', 'AY 16/17 Sem 1');
INSERT INTO studentPlans VALUES('D3000080B', TRUE, 'CS3202', 'AY 16/17 Sem 1');
INSERT INTO studentPlans VALUES('D3000080B', TRUE, 'CS3283', 'AY 16/17 Sem 1');
INSERT INTO studentPlans VALUES('D3000080B', FALSE, 'CS3216', 'AY 16/17 Sem 2');
INSERT INTO studentPlans VALUES('D3000080B', FALSE, 'CP3200', 'AY 16/17 Sem 2');
INSERT INTO studentPlans VALUES('D3000080B', FALSE, 'CS3218', 'AY 16/17 Sem 2');
INSERT INTO studentPlans VALUES('D3000080B', FALSE, 'CS3241', 'AY 16/17 Sem 2');
INSERT INTO studentPlans VALUES('D3000080B', FALSE, 'CG3204L', 'AY 16/17 Sem 2');
INSERT INTO studentPlans VALUES('D3000080B', FALSE, 'CS4217', 'AY 17/18 Sem 1');
INSERT INTO studentPlans VALUES('D3000080B', FALSE, 'CS4232', 'AY 17/18 Sem 1');
INSERT INTO studentPlans VALUES('D3000080B', FALSE, 'CS4243', 'AY 17/18 Sem 1');
INSERT INTO studentPlans VALUES('D3000080B', FALSE, 'CS4225', 'AY 17/18 Sem 1');
INSERT INTO studentPlans VALUES('D3000080B', FALSE, 'CS4241', 'AY 17/18 Sem 1');
INSERT INTO studentPlans VALUES('D3000080B', FALSE, 'CS4239', 'AY 17/18 Sem 2');
INSERT INTO studentPlans VALUES('D3000080B', FALSE, 'CS4240', 'AY 17/18 Sem 2');
INSERT INTO studentPlans VALUES('D3000080B', FALSE, 'CS4242', 'AY 17/18 Sem 2');
INSERT INTO studentPlans VALUES('D3000080B', FALSE, 'CS4234', 'AY 17/18 Sem 2');
INSERT INTO studentPlans VALUES('D3000080B', FALSE, 'CP4101', 'AY 17/18 Sem 2');

INSERT INTO student VALUES('D3000081B', 3);
INSERT INTO takesFocusArea VALUES('D3000081B', 'Programming Languages', NULL);
INSERT INTO studentPlans VALUES('D3000081B', TRUE, 'CS3240', 'AY 16/17 Sem 1');
INSERT INTO studentPlans VALUES('D3000081B', TRUE, 'CS3243', 'AY 16/17 Sem 1');
INSERT INTO studentPlans VALUES('D3000081B', TRUE, 'CS3271', 'AY 16/17 Sem 1');
INSERT INTO studentPlans VALUES('D3000081B', TRUE, 'CP3109', 'AY 16/17 Sem 1');
INSERT INTO studentPlans VALUES('D3000081B', TRUE, 'CP3101', 'AY 16/17 Sem 1');
INSERT INTO studentPlans VALUES('D3000081B', FALSE, 'CS3202', 'AY 16/17 Sem 2');
INSERT INTO studentPlans VALUES('D3000081B', FALSE, 'CS3210', 'AY 16/17 Sem 2');
INSERT INTO studentPlans VALUES('D3000081B', FALSE, 'CS3212', 'AY 16/17 Sem 2');
INSERT INTO studentPlans VALUES('D3000081B', FALSE, 'CG3204L', 'AY 16/17 Sem 2');
INSERT INTO studentPlans VALUES('D3000081B', FALSE, 'CS3217', 'AY 16/17 Sem 2');
INSERT INTO studentPlans VALUES('D3000081B', FALSE, 'CS4234', 'AY 17/18 Sem 1');
INSERT INTO studentPlans VALUES('D3000081B', FALSE, 'CS4216', 'AY 17/18 Sem 1');
INSERT INTO studentPlans VALUES('D3000081B', FALSE, 'CS4237', 'AY 17/18 Sem 1');
INSERT INTO studentPlans VALUES('D3000081B', FALSE, 'CS4218', 'AY 17/18 Sem 1');
INSERT INTO studentPlans VALUES('D3000081B', FALSE, 'CS4220', 'AY 17/18 Sem 1');
INSERT INTO studentPlans VALUES('D3000081B', FALSE, 'CS4246', 'AY 17/18 Sem 2');
INSERT INTO studentPlans VALUES('D3000081B', FALSE, 'CS4340', 'AY 17/18 Sem 2');
INSERT INTO studentPlans VALUES('D3000081B', FALSE, 'CS4217', 'AY 17/18 Sem 2');
INSERT INTO studentPlans VALUES('D3000081B', FALSE, 'CS4242', 'AY 17/18 Sem 2');
INSERT INTO studentPlans VALUES('D3000081B', FALSE, 'CS4347', 'AY 17/18 Sem 2');

INSERT INTO student VALUES('D3000082B', 3);
INSERT INTO takesFocusArea VALUES('D3000082B', 'Visual Computing', NULL);
INSERT INTO studentPlans VALUES('D3000082B', TRUE, 'CS3216', 'AY 16/17 Sem 1');
INSERT INTO studentPlans VALUES('D3000082B', TRUE, 'CS3243', 'AY 16/17 Sem 1');
INSERT INTO studentPlans VALUES('D3000082B', TRUE, 'CS3218', 'AY 16/17 Sem 1');
INSERT INTO studentPlans VALUES('D3000082B', TRUE, 'CP3202', 'AY 16/17 Sem 1');
INSERT INTO studentPlans VALUES('D3000082B', TRUE, 'CS3247', 'AY 16/17 Sem 1');
INSERT INTO studentPlans VALUES('D3000082B', FALSE, 'CS3241', 'AY 16/17 Sem 2');
INSERT INTO studentPlans VALUES('D3000082B', FALSE, 'CS3343', 'AY 16/17 Sem 2');
INSERT INTO studentPlans VALUES('D3000082B', FALSE, 'CS3217', 'AY 16/17 Sem 2');
INSERT INTO studentPlans VALUES('D3000082B', FALSE, 'CS3210', 'AY 16/17 Sem 2');
INSERT INTO studentPlans VALUES('D3000082B', FALSE, 'CS3242', 'AY 16/17 Sem 2');
INSERT INTO studentPlans VALUES('D3000082B', FALSE, 'CS4226', 'AY 17/18 Sem 1');
INSERT INTO studentPlans VALUES('D3000082B', FALSE, 'CS4880', 'AY 17/18 Sem 1');
INSERT INTO studentPlans VALUES('D3000082B', FALSE, 'CP4101', 'AY 17/18 Sem 1');
INSERT INTO studentPlans VALUES('D3000082B', FALSE, 'CS4217', 'AY 17/18 Sem 1');
INSERT INTO studentPlans VALUES('D3000082B', FALSE, 'CS4249', 'AY 17/18 Sem 1');
INSERT INTO studentPlans VALUES('D3000082B', FALSE, 'CS4248', 'AY 17/18 Sem 2');
INSERT INTO studentPlans VALUES('D3000082B', FALSE, 'CS4350', 'AY 17/18 Sem 2');
INSERT INTO studentPlans VALUES('D3000082B', FALSE, 'CS4344', 'AY 17/18 Sem 2');
INSERT INTO studentPlans VALUES('D3000082B', FALSE, 'CS4215', 'AY 17/18 Sem 2');
INSERT INTO studentPlans VALUES('D3000082B', FALSE, 'CS4232', 'AY 17/18 Sem 2');

INSERT INTO student VALUES('D3000083B', 3);
INSERT INTO takesFocusArea VALUES('D3000083B', 'Visual Computing', NULL);
INSERT INTO studentPlans VALUES('D3000083B', TRUE, 'CS3233', 'AY 16/17 Sem 1');
INSERT INTO studentPlans VALUES('D3000083B', TRUE, 'CS3245', 'AY 16/17 Sem 1');
INSERT INTO studentPlans VALUES('D3000083B', TRUE, 'CS3205', 'AY 16/17 Sem 1');
INSERT INTO studentPlans VALUES('D3000083B', TRUE, 'CP3881', 'AY 16/17 Sem 1');
INSERT INTO studentPlans VALUES('D3000083B', TRUE, 'CS3103L', 'AY 16/17 Sem 1');
INSERT INTO studentPlans VALUES('D3000083B', FALSE, 'CP3106', 'AY 16/17 Sem 2');
INSERT INTO studentPlans VALUES('D3000083B', FALSE, 'CS3247', 'AY 16/17 Sem 2');
INSERT INTO studentPlans VALUES('D3000083B', FALSE, 'CS3236', 'AY 16/17 Sem 2');
INSERT INTO studentPlans VALUES('D3000083B', FALSE, 'CS3218', 'AY 16/17 Sem 2');
INSERT INTO studentPlans VALUES('D3000083B', FALSE, 'CS3212', 'AY 16/17 Sem 2');
INSERT INTO studentPlans VALUES('D3000083B', FALSE, 'CS4340', 'AY 17/18 Sem 1');
INSERT INTO studentPlans VALUES('D3000083B', FALSE, 'CS4242', 'AY 17/18 Sem 1');
INSERT INTO studentPlans VALUES('D3000083B', FALSE, 'CS4347', 'AY 17/18 Sem 1');
INSERT INTO studentPlans VALUES('D3000083B', FALSE, 'CS4220', 'AY 17/18 Sem 1');
INSERT INTO studentPlans VALUES('D3000083B', FALSE, 'CS4231', 'AY 17/18 Sem 1');
INSERT INTO studentPlans VALUES('D3000083B', FALSE, 'CS4247', 'AY 17/18 Sem 2');
INSERT INTO studentPlans VALUES('D3000083B', FALSE, 'CS4246', 'AY 17/18 Sem 2');
INSERT INTO studentPlans VALUES('D3000083B', FALSE, 'CS4211', 'AY 17/18 Sem 2');
INSERT INTO studentPlans VALUES('D3000083B', FALSE, 'CS4221', 'AY 17/18 Sem 2');
INSERT INTO studentPlans VALUES('D3000083B', FALSE, 'CS4225', 'AY 17/18 Sem 2');

INSERT INTO student VALUES('D3000084B', 3);
INSERT INTO takesFocusArea VALUES('D3000084B', 'Multimedia Information Retrieval', NULL);
INSERT INTO studentPlans VALUES('D3000084B', TRUE, 'CS3212', 'AY 16/17 Sem 1');
INSERT INTO studentPlans VALUES('D3000084B', TRUE, 'CS3221', 'AY 16/17 Sem 1');
INSERT INTO studentPlans VALUES('D3000084B', TRUE, 'CS3205', 'AY 16/17 Sem 1');
INSERT INTO studentPlans VALUES('D3000084B', TRUE, 'CS3247', 'AY 16/17 Sem 1');
INSERT INTO studentPlans VALUES('D3000084B', TRUE, 'CS3215', 'AY 16/17 Sem 1');
INSERT INTO studentPlans VALUES('D3000084B', FALSE, 'CS3218', 'AY 16/17 Sem 2');
INSERT INTO studentPlans VALUES('D3000084B', FALSE, 'CS3234', 'AY 16/17 Sem 2');
INSERT INTO studentPlans VALUES('D3000084B', FALSE, 'CS3246', 'AY 16/17 Sem 2');
INSERT INTO studentPlans VALUES('D3000084B', FALSE, 'CS3241', 'AY 16/17 Sem 2');
INSERT INTO studentPlans VALUES('D3000084B', FALSE, 'CS3235', 'AY 16/17 Sem 2');
INSERT INTO studentPlans VALUES('D3000084B', FALSE, 'CP4101', 'AY 17/18 Sem 1');
INSERT INTO studentPlans VALUES('D3000084B', FALSE, 'CS4211', 'AY 17/18 Sem 1');
INSERT INTO studentPlans VALUES('D3000084B', FALSE, 'CS4246', 'AY 17/18 Sem 1');
INSERT INTO studentPlans VALUES('D3000084B', FALSE, 'CS4242', 'AY 17/18 Sem 1');
INSERT INTO studentPlans VALUES('D3000084B', FALSE, 'CS4241', 'AY 17/18 Sem 1');
INSERT INTO studentPlans VALUES('D3000084B', FALSE, 'CS4221', 'AY 17/18 Sem 2');
INSERT INTO studentPlans VALUES('D3000084B', FALSE, 'XFC4101', 'AY 17/18 Sem 2');
INSERT INTO studentPlans VALUES('D3000084B', FALSE, 'CS4223', 'AY 17/18 Sem 2');
INSERT INTO studentPlans VALUES('D3000084B', FALSE, 'CS4226', 'AY 17/18 Sem 2');
INSERT INTO studentPlans VALUES('D3000084B', FALSE, 'CS4214', 'AY 17/18 Sem 2');

INSERT INTO student VALUES('D3000085B', 3);
INSERT INTO takesFocusArea VALUES('D3000085B', 'Multimedia Information Retrieval', NULL);
INSERT INTO studentPlans VALUES('D3000085B', TRUE, 'CP3880', 'AY 16/17 Sem 1');
INSERT INTO studentPlans VALUES('D3000085B', TRUE, 'CS3281', 'AY 16/17 Sem 1');
INSERT INTO studentPlans VALUES('D3000085B', TRUE, 'CS3201', 'AY 16/17 Sem 1');
INSERT INTO studentPlans VALUES('D3000085B', TRUE, 'CS3243', 'AY 16/17 Sem 1');
INSERT INTO studentPlans VALUES('D3000085B', TRUE, 'CP3108B', 'AY 16/17 Sem 1');
INSERT INTO studentPlans VALUES('D3000085B', FALSE, 'CS3282', 'AY 16/17 Sem 2');
INSERT INTO studentPlans VALUES('D3000085B', FALSE, 'CP3101A', 'AY 16/17 Sem 2');
INSERT INTO studentPlans VALUES('D3000085B', FALSE, 'CP3202', 'AY 16/17 Sem 2');
INSERT INTO studentPlans VALUES('D3000085B', FALSE, 'CS3221', 'AY 16/17 Sem 2');
INSERT INTO studentPlans VALUES('D3000085B', FALSE, 'CS3212', 'AY 16/17 Sem 2');
INSERT INTO studentPlans VALUES('D3000085B', FALSE, 'CS4246', 'AY 17/18 Sem 1');
INSERT INTO studentPlans VALUES('D3000085B', FALSE, 'CS4223', 'AY 17/18 Sem 1');
INSERT INTO studentPlans VALUES('D3000085B', FALSE, 'CS4237', 'AY 17/18 Sem 1');
INSERT INTO studentPlans VALUES('D3000085B', FALSE, 'CS4226', 'AY 17/18 Sem 1');
INSERT INTO studentPlans VALUES('D3000085B', FALSE, 'CS4880', 'AY 17/18 Sem 1');
INSERT INTO studentPlans VALUES('D3000085B', FALSE, 'XFC4101', 'AY 17/18 Sem 2');
INSERT INTO studentPlans VALUES('D3000085B', FALSE, 'CS4249', 'AY 17/18 Sem 2');
INSERT INTO studentPlans VALUES('D3000085B', FALSE, 'CS4222', 'AY 17/18 Sem 2');
INSERT INTO studentPlans VALUES('D3000085B', FALSE, 'CS4234', 'AY 17/18 Sem 2');
INSERT INTO studentPlans VALUES('D3000085B', FALSE, 'CS4217', 'AY 17/18 Sem 2');

INSERT INTO student VALUES('D3000086B', 3);
INSERT INTO takesFocusArea VALUES('D3000086B', 'Algorithms & Theory', NULL);
INSERT INTO studentPlans VALUES('D3000086B', TRUE, 'CS3247', 'AY 16/17 Sem 1');
INSERT INTO studentPlans VALUES('D3000086B', TRUE, 'CS3210', 'AY 16/17 Sem 1');
INSERT INTO studentPlans VALUES('D3000086B', TRUE, 'CP3200', 'AY 16/17 Sem 1');
INSERT INTO studentPlans VALUES('D3000086B', TRUE, 'CS3281', 'AY 16/17 Sem 1');
INSERT INTO studentPlans VALUES('D3000086B', TRUE, 'CG3002', 'AY 16/17 Sem 1');
INSERT INTO studentPlans VALUES('D3000086B', FALSE, 'CS3245', 'AY 16/17 Sem 2');
INSERT INTO studentPlans VALUES('D3000086B', FALSE, 'CS3225', 'AY 16/17 Sem 2');
INSERT INTO studentPlans VALUES('D3000086B', FALSE, 'CP3208', 'AY 16/17 Sem 2');
INSERT INTO studentPlans VALUES('D3000086B', FALSE, 'CS3234', 'AY 16/17 Sem 2');
INSERT INTO studentPlans VALUES('D3000086B', FALSE, 'CS3212', 'AY 16/17 Sem 2');
INSERT INTO studentPlans VALUES('D3000086B', FALSE, 'CS4275', 'AY 17/18 Sem 1');
INSERT INTO studentPlans VALUES('D3000086B', FALSE, 'CS4215', 'AY 17/18 Sem 1');
INSERT INTO studentPlans VALUES('D3000086B', FALSE, 'CS4234', 'AY 17/18 Sem 1');
INSERT INTO studentPlans VALUES('D3000086B', FALSE, 'CS4217', 'AY 17/18 Sem 1');
INSERT INTO studentPlans VALUES('D3000086B', FALSE, 'XFC4101', 'AY 17/18 Sem 1');
INSERT INTO studentPlans VALUES('D3000086B', FALSE, 'CS4232', 'AY 17/18 Sem 2');
INSERT INTO studentPlans VALUES('D3000086B', FALSE, 'CS4244', 'AY 17/18 Sem 2');
INSERT INTO studentPlans VALUES('D3000086B', FALSE, 'CS4225', 'AY 17/18 Sem 2');
INSERT INTO studentPlans VALUES('D3000086B', FALSE, 'CP4101', 'AY 17/18 Sem 2');
INSERT INTO studentPlans VALUES('D3000086B', FALSE, 'CS4239', 'AY 17/18 Sem 2');

INSERT INTO student VALUES('D3000087B', 3);
INSERT INTO takesFocusArea VALUES('D3000087B', 'Interactive Media', NULL);
INSERT INTO studentPlans VALUES('D3000087B', TRUE, 'CP3106', 'AY 16/17 Sem 1');
INSERT INTO studentPlans VALUES('D3000087B', TRUE, 'CS3243', 'AY 16/17 Sem 1');
INSERT INTO studentPlans VALUES('D3000087B', TRUE, 'CS3103', 'AY 16/17 Sem 1');
INSERT INTO studentPlans VALUES('D3000087B', TRUE, 'CG3204L', 'AY 16/17 Sem 1');
INSERT INTO studentPlans VALUES('D3000087B', TRUE, 'CS3282', 'AY 16/17 Sem 1');
INSERT INTO studentPlans VALUES('D3000087B', FALSE, 'CP3208', 'AY 16/17 Sem 2');
INSERT INTO studentPlans VALUES('D3000087B', FALSE, 'CS3225', 'AY 16/17 Sem 2');
INSERT INTO studentPlans VALUES('D3000087B', FALSE, 'CS3219', 'AY 16/17 Sem 2');
INSERT INTO studentPlans VALUES('D3000087B', FALSE, 'CS3235', 'AY 16/17 Sem 2');
INSERT INTO studentPlans VALUES('D3000087B', FALSE, 'CS3271', 'AY 16/17 Sem 2');
INSERT INTO studentPlans VALUES('D3000087B', FALSE, 'CS4222', 'AY 17/18 Sem 1');
INSERT INTO studentPlans VALUES('D3000087B', FALSE, 'CS4247', 'AY 17/18 Sem 1');
INSERT INTO studentPlans VALUES('D3000087B', FALSE, 'CS4234', 'AY 17/18 Sem 1');
INSERT INTO studentPlans VALUES('D3000087B', FALSE, 'CS4211', 'AY 17/18 Sem 1');
INSERT INTO studentPlans VALUES('D3000087B', FALSE, 'CS4231', 'AY 17/18 Sem 1');
INSERT INTO studentPlans VALUES('D3000087B', FALSE, 'CS4221', 'AY 17/18 Sem 2');
INSERT INTO studentPlans VALUES('D3000087B', FALSE, 'CS4238', 'AY 17/18 Sem 2');
INSERT INTO studentPlans VALUES('D3000087B', FALSE, 'CS4212', 'AY 17/18 Sem 2');
INSERT INTO studentPlans VALUES('D3000087B', FALSE, 'CS4216', 'AY 17/18 Sem 2');
INSERT INTO studentPlans VALUES('D3000087B', FALSE, 'CS4217', 'AY 17/18 Sem 2');

INSERT INTO student VALUES('D3000088B', 3);
INSERT INTO takesFocusArea VALUES('D3000088B', 'Interactive Media', NULL);
INSERT INTO studentPlans VALUES('D3000088B', TRUE, 'CP3880', 'AY 16/17 Sem 1');
INSERT INTO studentPlans VALUES('D3000088B', TRUE, 'CS3240', 'AY 16/17 Sem 1');
INSERT INTO studentPlans VALUES('D3000088B', TRUE, 'CS3213', 'AY 16/17 Sem 1');
INSERT INTO studentPlans VALUES('D3000088B', TRUE, 'CS3205', 'AY 16/17 Sem 1');
INSERT INTO studentPlans VALUES('D3000088B', TRUE, 'CS3226', 'AY 16/17 Sem 1');
INSERT INTO studentPlans VALUES('D3000088B', FALSE, 'CS3216', 'AY 16/17 Sem 2');
INSERT INTO studentPlans VALUES('D3000088B', FALSE, 'CS3220', 'AY 16/17 Sem 2');
INSERT INTO studentPlans VALUES('D3000088B', FALSE, 'CS3242', 'AY 16/17 Sem 2');
INSERT INTO studentPlans VALUES('D3000088B', FALSE, 'CG3002', 'AY 16/17 Sem 2');
INSERT INTO studentPlans VALUES('D3000088B', FALSE, 'CS3233', 'AY 16/17 Sem 2');
INSERT INTO studentPlans VALUES('D3000088B', FALSE, 'CS4244', 'AY 17/18 Sem 1');
INSERT INTO studentPlans VALUES('D3000088B', FALSE, 'CS4215', 'AY 17/18 Sem 1');
INSERT INTO studentPlans VALUES('D3000088B', FALSE, 'CS4221', 'AY 17/18 Sem 1');
INSERT INTO studentPlans VALUES('D3000088B', FALSE, 'XFC4101', 'AY 17/18 Sem 1');
INSERT INTO studentPlans VALUES('D3000088B', FALSE, 'CS4880', 'AY 17/18 Sem 1');
INSERT INTO studentPlans VALUES('D3000088B', FALSE, 'CS4344', 'AY 17/18 Sem 2');
INSERT INTO studentPlans VALUES('D3000088B', FALSE, 'CS4241', 'AY 17/18 Sem 2');
INSERT INTO studentPlans VALUES('D3000088B', FALSE, 'CS4236', 'AY 17/18 Sem 2');
INSERT INTO studentPlans VALUES('D3000088B', FALSE, 'CS4216', 'AY 17/18 Sem 2');
INSERT INTO studentPlans VALUES('D3000088B', FALSE, 'CS4240', 'AY 17/18 Sem 2');

INSERT INTO student VALUES('D3000089B', 3);
INSERT INTO takesFocusArea VALUES('D3000089B', 'Software Engineering', NULL);
INSERT INTO studentPlans VALUES('D3000089B', TRUE, 'CS3242', 'AY 16/17 Sem 1');
INSERT INTO studentPlans VALUES('D3000089B', TRUE, 'CP3106', 'AY 16/17 Sem 1');
INSERT INTO studentPlans VALUES('D3000089B', TRUE, 'CS3205', 'AY 16/17 Sem 1');
INSERT INTO studentPlans VALUES('D3000089B', TRUE, 'CS3234', 'AY 16/17 Sem 1');
INSERT INTO studentPlans VALUES('D3000089B', TRUE, 'CP3109', 'AY 16/17 Sem 1');
INSERT INTO studentPlans VALUES('D3000089B', FALSE, 'CS3249', 'AY 16/17 Sem 2');
INSERT INTO studentPlans VALUES('D3000089B', FALSE, 'CS3223', 'AY 16/17 Sem 2');
INSERT INTO studentPlans VALUES('D3000089B', FALSE, 'CS3281', 'AY 16/17 Sem 2');
INSERT INTO studentPlans VALUES('D3000089B', FALSE, 'CG3204L', 'AY 16/17 Sem 2');
INSERT INTO studentPlans VALUES('D3000089B', FALSE, 'CS3211', 'AY 16/17 Sem 2');
INSERT INTO studentPlans VALUES('D3000089B', FALSE, 'CS4244', 'AY 17/18 Sem 1');
INSERT INTO studentPlans VALUES('D3000089B', FALSE, 'CS4271', 'AY 17/18 Sem 1');
INSERT INTO studentPlans VALUES('D3000089B', FALSE, 'CS4275', 'AY 17/18 Sem 1');
INSERT INTO studentPlans VALUES('D3000089B', FALSE, 'CS4248', 'AY 17/18 Sem 1');
INSERT INTO studentPlans VALUES('D3000089B', FALSE, 'CS4344', 'AY 17/18 Sem 1');
INSERT INTO studentPlans VALUES('D3000089B', FALSE, 'CS4880', 'AY 17/18 Sem 2');
INSERT INTO studentPlans VALUES('D3000089B', FALSE, 'CS4340', 'AY 17/18 Sem 2');
INSERT INTO studentPlans VALUES('D3000089B', FALSE, 'CS4215', 'AY 17/18 Sem 2');
INSERT INTO studentPlans VALUES('D3000089B', FALSE, 'XFC4101', 'AY 17/18 Sem 2');
INSERT INTO studentPlans VALUES('D3000089B', FALSE, 'CS4220', 'AY 17/18 Sem 2');

INSERT INTO student VALUES('D3000090B', 3);
INSERT INTO takesFocusArea VALUES('D3000090B', 'Networking and Distributed Systems', NULL);
INSERT INTO studentPlans VALUES('D3000090B', TRUE, 'CS3244', 'AY 16/17 Sem 1');
INSERT INTO studentPlans VALUES('D3000090B', TRUE, 'CS3225', 'AY 16/17 Sem 1');
INSERT INTO studentPlans VALUES('D3000090B', TRUE, 'CP3209', 'AY 16/17 Sem 1');
INSERT INTO studentPlans VALUES('D3000090B', TRUE, 'CS3240', 'AY 16/17 Sem 1');
INSERT INTO studentPlans VALUES('D3000090B', TRUE, 'CS3221', 'AY 16/17 Sem 1');
INSERT INTO studentPlans VALUES('D3000090B', FALSE, 'CS3103', 'AY 16/17 Sem 2');
INSERT INTO studentPlans VALUES('D3000090B', FALSE, 'CS3211', 'AY 16/17 Sem 2');
INSERT INTO studentPlans VALUES('D3000090B', FALSE, 'CP3101', 'AY 16/17 Sem 2');
INSERT INTO studentPlans VALUES('D3000090B', FALSE, 'CP3101C', 'AY 16/17 Sem 2');
INSERT INTO studentPlans VALUES('D3000090B', FALSE, 'CS3233', 'AY 16/17 Sem 2');
INSERT INTO studentPlans VALUES('D3000090B', FALSE, 'CS4238', 'AY 17/18 Sem 1');
INSERT INTO studentPlans VALUES('D3000090B', FALSE, 'CS4248', 'AY 17/18 Sem 1');
INSERT INTO studentPlans VALUES('D3000090B', FALSE, 'CP4101', 'AY 17/18 Sem 1');
INSERT INTO studentPlans VALUES('D3000090B', FALSE, 'CS4232', 'AY 17/18 Sem 1');
INSERT INTO studentPlans VALUES('D3000090B', FALSE, 'CS4242', 'AY 17/18 Sem 1');
INSERT INTO studentPlans VALUES('D3000090B', FALSE, 'CS4214', 'AY 17/18 Sem 2');
INSERT INTO studentPlans VALUES('D3000090B', FALSE, 'CS4223', 'AY 17/18 Sem 2');
INSERT INTO studentPlans VALUES('D3000090B', FALSE, 'CS4237', 'AY 17/18 Sem 2');
INSERT INTO studentPlans VALUES('D3000090B', FALSE, 'CS4340', 'AY 17/18 Sem 2');
INSERT INTO studentPlans VALUES('D3000090B', FALSE, 'CS4880', 'AY 17/18 Sem 2');

INSERT INTO student VALUES('D3000091B', 3);
INSERT INTO takesFocusArea VALUES('D3000091B', 'Software Engineering', NULL);
INSERT INTO studentPlans VALUES('D3000091B', TRUE, 'CS3246', 'AY 16/17 Sem 1');
INSERT INTO studentPlans VALUES('D3000091B', TRUE, 'CS3282', 'AY 16/17 Sem 1');
INSERT INTO studentPlans VALUES('D3000091B', TRUE, 'CS3271', 'AY 16/17 Sem 1');
INSERT INTO studentPlans VALUES('D3000091B', TRUE, 'CP3200', 'AY 16/17 Sem 1');
INSERT INTO studentPlans VALUES('D3000091B', TRUE, 'CS3225', 'AY 16/17 Sem 1');
INSERT INTO studentPlans VALUES('D3000091B', FALSE, 'CS3249', 'AY 16/17 Sem 2');
INSERT INTO studentPlans VALUES('D3000091B', FALSE, 'CS3283', 'AY 16/17 Sem 2');
INSERT INTO studentPlans VALUES('D3000091B', FALSE, 'CS3217', 'AY 16/17 Sem 2');
INSERT INTO studentPlans VALUES('D3000091B', FALSE, 'CS3210', 'AY 16/17 Sem 2');
INSERT INTO studentPlans VALUES('D3000091B', FALSE, 'CP3202', 'AY 16/17 Sem 2');
INSERT INTO studentPlans VALUES('D3000091B', FALSE, 'CS4234', 'AY 17/18 Sem 1');
INSERT INTO studentPlans VALUES('D3000091B', FALSE, 'CS4244', 'AY 17/18 Sem 1');
INSERT INTO studentPlans VALUES('D3000091B', FALSE, 'CS4222', 'AY 17/18 Sem 1');
INSERT INTO studentPlans VALUES('D3000091B', FALSE, 'CS4239', 'AY 17/18 Sem 1');
INSERT INTO studentPlans VALUES('D3000091B', FALSE, 'CS4231', 'AY 17/18 Sem 1');
INSERT INTO studentPlans VALUES('D3000091B', FALSE, 'CS4215', 'AY 17/18 Sem 2');
INSERT INTO studentPlans VALUES('D3000091B', FALSE, 'CS4211', 'AY 17/18 Sem 2');
INSERT INTO studentPlans VALUES('D3000091B', FALSE, 'CS4232', 'AY 17/18 Sem 2');
INSERT INTO studentPlans VALUES('D3000091B', FALSE, 'CS4248', 'AY 17/18 Sem 2');
INSERT INTO studentPlans VALUES('D3000091B', FALSE, 'CS4212', 'AY 17/18 Sem 2');

INSERT INTO student VALUES('D3000092B', 3);
INSERT INTO takesFocusArea VALUES('D3000092B', 'Programming Languages', NULL);
INSERT INTO studentPlans VALUES('D3000092B', TRUE, 'CS3221', 'AY 16/17 Sem 1');
INSERT INTO studentPlans VALUES('D3000092B', TRUE, 'CS3882', 'AY 16/17 Sem 1');
INSERT INTO studentPlans VALUES('D3000092B', TRUE, 'CS3202', 'AY 16/17 Sem 1');
INSERT INTO studentPlans VALUES('D3000092B', TRUE, 'CS3216', 'AY 16/17 Sem 1');
INSERT INTO studentPlans VALUES('D3000092B', TRUE, 'CP3200', 'AY 16/17 Sem 1');
INSERT INTO studentPlans VALUES('D3000092B', FALSE, 'CS3246', 'AY 16/17 Sem 2');
INSERT INTO studentPlans VALUES('D3000092B', FALSE, 'CP3106', 'AY 16/17 Sem 2');
INSERT INTO studentPlans VALUES('D3000092B', FALSE, 'CS3243', 'AY 16/17 Sem 2');
INSERT INTO studentPlans VALUES('D3000092B', FALSE, 'CP3202', 'AY 16/17 Sem 2');
INSERT INTO studentPlans VALUES('D3000092B', FALSE, 'CP3101', 'AY 16/17 Sem 2');
INSERT INTO studentPlans VALUES('D3000092B', FALSE, 'CS4231', 'AY 17/18 Sem 1');
INSERT INTO studentPlans VALUES('D3000092B', FALSE, 'CS4218', 'AY 17/18 Sem 1');
INSERT INTO studentPlans VALUES('D3000092B', FALSE, 'CS4223', 'AY 17/18 Sem 1');
INSERT INTO studentPlans VALUES('D3000092B', FALSE, 'CS4221', 'AY 17/18 Sem 1');
INSERT INTO studentPlans VALUES('D3000092B', FALSE, 'CS4225', 'AY 17/18 Sem 1');
INSERT INTO studentPlans VALUES('D3000092B', FALSE, 'CS4242', 'AY 17/18 Sem 2');
INSERT INTO studentPlans VALUES('D3000092B', FALSE, 'CS4217', 'AY 17/18 Sem 2');
INSERT INTO studentPlans VALUES('D3000092B', FALSE, 'CS4216', 'AY 17/18 Sem 2');
INSERT INTO studentPlans VALUES('D3000092B', FALSE, 'CS4248', 'AY 17/18 Sem 2');
INSERT INTO studentPlans VALUES('D3000092B', FALSE, 'CS4243', 'AY 17/18 Sem 2');

INSERT INTO student VALUES('D3000093B', 3);
INSERT INTO takesFocusArea VALUES('D3000093B', 'Computer Security', NULL);
INSERT INTO studentPlans VALUES('D3000093B', TRUE, 'CS3246', 'AY 16/17 Sem 1');
INSERT INTO studentPlans VALUES('D3000093B', TRUE, 'CG3204L', 'AY 16/17 Sem 1');
INSERT INTO studentPlans VALUES('D3000093B', TRUE, 'CS3249', 'AY 16/17 Sem 1');
INSERT INTO studentPlans VALUES('D3000093B', TRUE, 'CS3282', 'AY 16/17 Sem 1');
INSERT INTO studentPlans VALUES('D3000093B', TRUE, 'CP3880', 'AY 16/17 Sem 1');
INSERT INTO studentPlans VALUES('D3000093B', FALSE, 'CP3208', 'AY 16/17 Sem 2');
INSERT INTO studentPlans VALUES('D3000093B', FALSE, 'CS3221', 'AY 16/17 Sem 2');
INSERT INTO studentPlans VALUES('D3000093B', FALSE, 'CS3234', 'AY 16/17 Sem 2');
INSERT INTO studentPlans VALUES('D3000093B', FALSE, 'CS3283', 'AY 16/17 Sem 2');
INSERT INTO studentPlans VALUES('D3000093B', FALSE, 'CS3236', 'AY 16/17 Sem 2');
INSERT INTO studentPlans VALUES('D3000093B', FALSE, 'CS4238', 'AY 17/18 Sem 1');
INSERT INTO studentPlans VALUES('D3000093B', FALSE, 'CS4234', 'AY 17/18 Sem 1');
INSERT INTO studentPlans VALUES('D3000093B', FALSE, 'CS4236', 'AY 17/18 Sem 1');
INSERT INTO studentPlans VALUES('D3000093B', FALSE, 'CS4246', 'AY 17/18 Sem 1');
INSERT INTO studentPlans VALUES('D3000093B', FALSE, 'CS4242', 'AY 17/18 Sem 1');
INSERT INTO studentPlans VALUES('D3000093B', FALSE, 'CS4340', 'AY 17/18 Sem 2');
INSERT INTO studentPlans VALUES('D3000093B', FALSE, 'CS4231', 'AY 17/18 Sem 2');
INSERT INTO studentPlans VALUES('D3000093B', FALSE, 'CS4249', 'AY 17/18 Sem 2');
INSERT INTO studentPlans VALUES('D3000093B', FALSE, 'CS4275', 'AY 17/18 Sem 2');
INSERT INTO studentPlans VALUES('D3000093B', FALSE, 'CS4221', 'AY 17/18 Sem 2');

INSERT INTO student VALUES('D3000094B', 3);
INSERT INTO takesFocusArea VALUES('D3000094B', 'Parallel Computing', NULL);
INSERT INTO studentPlans VALUES('D3000094B', TRUE, 'CS3271', 'AY 16/17 Sem 1');
INSERT INTO studentPlans VALUES('D3000094B', TRUE, 'CS3201', 'AY 16/17 Sem 1');
INSERT INTO studentPlans VALUES('D3000094B', TRUE, 'CP3881', 'AY 16/17 Sem 1');
INSERT INTO studentPlans VALUES('D3000094B', TRUE, 'CP3208', 'AY 16/17 Sem 1');
INSERT INTO studentPlans VALUES('D3000094B', TRUE, 'CS3246', 'AY 16/17 Sem 1');
INSERT INTO studentPlans VALUES('D3000094B', FALSE, 'CS3242', 'AY 16/17 Sem 2');
INSERT INTO studentPlans VALUES('D3000094B', FALSE, 'CP3101', 'AY 16/17 Sem 2');
INSERT INTO studentPlans VALUES('D3000094B', FALSE, 'CS3245', 'AY 16/17 Sem 2');
INSERT INTO studentPlans VALUES('D3000094B', FALSE, 'CS3236', 'AY 16/17 Sem 2');
INSERT INTO studentPlans VALUES('D3000094B', FALSE, 'CP3101A', 'AY 16/17 Sem 2');
INSERT INTO studentPlans VALUES('D3000094B', FALSE, 'CS4215', 'AY 17/18 Sem 1');
INSERT INTO studentPlans VALUES('D3000094B', FALSE, 'CS4248', 'AY 17/18 Sem 1');
INSERT INTO studentPlans VALUES('D3000094B', FALSE, 'CS4880', 'AY 17/18 Sem 1');
INSERT INTO studentPlans VALUES('D3000094B', FALSE, 'CS4224', 'AY 17/18 Sem 1');
INSERT INTO studentPlans VALUES('D3000094B', FALSE, 'CS4347', 'AY 17/18 Sem 1');
INSERT INTO studentPlans VALUES('D3000094B', FALSE, 'CS4223', 'AY 17/18 Sem 2');
INSERT INTO studentPlans VALUES('D3000094B', FALSE, 'CS4225', 'AY 17/18 Sem 2');
INSERT INTO studentPlans VALUES('D3000094B', FALSE, 'CS4212', 'AY 17/18 Sem 2');
INSERT INTO studentPlans VALUES('D3000094B', FALSE, 'CS4221', 'AY 17/18 Sem 2');
INSERT INTO studentPlans VALUES('D3000094B', FALSE, 'CS4234', 'AY 17/18 Sem 2');

INSERT INTO student VALUES('D3000095B', 3);
INSERT INTO takesFocusArea VALUES('D3000095B', 'Database Systems', NULL);
INSERT INTO studentPlans VALUES('D3000095B', TRUE, 'CS3245', 'AY 16/17 Sem 1');
INSERT INTO studentPlans VALUES('D3000095B', TRUE, 'CS3223', 'AY 16/17 Sem 1');
INSERT INTO studentPlans VALUES('D3000095B', TRUE, 'CS3240', 'AY 16/17 Sem 1');
INSERT INTO studentPlans VALUES('D3000095B', TRUE, 'CP3106', 'AY 16/17 Sem 1');
INSERT INTO studentPlans VALUES('D3000095B', TRUE, 'CP3881', 'AY 16/17 Sem 1');
INSERT INTO studentPlans VALUES('D3000095B', FALSE, 'CS3212', 'AY 16/17 Sem 2');
INSERT INTO studentPlans VALUES('D3000095B', FALSE, 'CS3281', 'AY 16/17 Sem 2');
INSERT INTO studentPlans VALUES('D3000095B', FALSE, 'CS3103', 'AY 16/17 Sem 2');
INSERT INTO studentPlans VALUES('D3000095B', FALSE, 'CS3103L', 'AY 16/17 Sem 2');
INSERT INTO studentPlans VALUES('D3000095B', FALSE, 'CS3213', 'AY 16/17 Sem 2');
INSERT INTO studentPlans VALUES('D3000095B', FALSE, 'CS4240', 'AY 17/18 Sem 1');
INSERT INTO studentPlans VALUES('D3000095B', FALSE, 'CS4246', 'AY 17/18 Sem 1');
INSERT INTO studentPlans VALUES('D3000095B', FALSE, 'CS4222', 'AY 17/18 Sem 1');
INSERT INTO studentPlans VALUES('D3000095B', FALSE, 'CS4216', 'AY 17/18 Sem 1');
INSERT INTO studentPlans VALUES('D3000095B', FALSE, 'CS4231', 'AY 17/18 Sem 1');
INSERT INTO studentPlans VALUES('D3000095B', FALSE, 'CS4239', 'AY 17/18 Sem 2');
INSERT INTO studentPlans VALUES('D3000095B', FALSE, 'CS4275', 'AY 17/18 Sem 2');
INSERT INTO studentPlans VALUES('D3000095B', FALSE, 'CS4347', 'AY 17/18 Sem 2');
INSERT INTO studentPlans VALUES('D3000095B', FALSE, 'CP4101', 'AY 17/18 Sem 2');
INSERT INTO studentPlans VALUES('D3000095B', FALSE, 'CS4234', 'AY 17/18 Sem 2');

INSERT INTO student VALUES('D3000096B', 3);
INSERT INTO takesFocusArea VALUES('D3000096B', 'Programming Languages', NULL);
INSERT INTO studentPlans VALUES('D3000096B', TRUE, 'CS3103', 'AY 16/17 Sem 1');
INSERT INTO studentPlans VALUES('D3000096B', TRUE, 'CP3106', 'AY 16/17 Sem 1');
INSERT INTO studentPlans VALUES('D3000096B', TRUE, 'CG3204L', 'AY 16/17 Sem 1');
INSERT INTO studentPlans VALUES('D3000096B', TRUE, 'CS3235', 'AY 16/17 Sem 1');
INSERT INTO studentPlans VALUES('D3000096B', TRUE, 'CS3284', 'AY 16/17 Sem 1');
INSERT INTO studentPlans VALUES('D3000096B', FALSE, 'CS3103L', 'AY 16/17 Sem 2');
INSERT INTO studentPlans VALUES('D3000096B', FALSE, 'CS3242', 'AY 16/17 Sem 2');
INSERT INTO studentPlans VALUES('D3000096B', FALSE, 'CS3201', 'AY 16/17 Sem 2');
INSERT INTO studentPlans VALUES('D3000096B', FALSE, 'CS3234', 'AY 16/17 Sem 2');
INSERT INTO studentPlans VALUES('D3000096B', FALSE, 'CS3281', 'AY 16/17 Sem 2');
INSERT INTO studentPlans VALUES('D3000096B', FALSE, 'CS4223', 'AY 17/18 Sem 1');
INSERT INTO studentPlans VALUES('D3000096B', FALSE, 'CS4211', 'AY 17/18 Sem 1');
INSERT INTO studentPlans VALUES('D3000096B', FALSE, 'CS4344', 'AY 17/18 Sem 1');
INSERT INTO studentPlans VALUES('D3000096B', FALSE, 'CS4271', 'AY 17/18 Sem 1');
INSERT INTO studentPlans VALUES('D3000096B', FALSE, 'CS4234', 'AY 17/18 Sem 1');
INSERT INTO studentPlans VALUES('D3000096B', FALSE, 'CS4235', 'AY 17/18 Sem 2');
INSERT INTO studentPlans VALUES('D3000096B', FALSE, 'CS4220', 'AY 17/18 Sem 2');
INSERT INTO studentPlans VALUES('D3000096B', FALSE, 'CS4275', 'AY 17/18 Sem 2');
INSERT INTO studentPlans VALUES('D3000096B', FALSE, 'CS4222', 'AY 17/18 Sem 2');
INSERT INTO studentPlans VALUES('D3000096B', FALSE, 'CS4239', 'AY 17/18 Sem 2');

INSERT INTO student VALUES('D3000097B', 3);
INSERT INTO takesFocusArea VALUES('D3000097B', 'Programming Languages', NULL);
INSERT INTO studentPlans VALUES('D3000097B', TRUE, 'CS3210', 'AY 16/17 Sem 1');
INSERT INTO studentPlans VALUES('D3000097B', TRUE, 'CS3225', 'AY 16/17 Sem 1');
INSERT INTO studentPlans VALUES('D3000097B', TRUE, 'CS3271', 'AY 16/17 Sem 1');
INSERT INTO studentPlans VALUES('D3000097B', TRUE, 'CS3246', 'AY 16/17 Sem 1');
INSERT INTO studentPlans VALUES('D3000097B', TRUE, 'CS3215', 'AY 16/17 Sem 1');
INSERT INTO studentPlans VALUES('D3000097B', FALSE, 'CP3108B', 'AY 16/17 Sem 2');
INSERT INTO studentPlans VALUES('D3000097B', FALSE, 'CP3101', 'AY 16/17 Sem 2');
INSERT INTO studentPlans VALUES('D3000097B', FALSE, 'CP3106', 'AY 16/17 Sem 2');
INSERT INTO studentPlans VALUES('D3000097B', FALSE, 'CS3240', 'AY 16/17 Sem 2');
INSERT INTO studentPlans VALUES('D3000097B', FALSE, 'CS3284', 'AY 16/17 Sem 2');
INSERT INTO studentPlans VALUES('D3000097B', FALSE, 'CS4240', 'AY 17/18 Sem 1');
INSERT INTO studentPlans VALUES('D3000097B', FALSE, 'CS4239', 'AY 17/18 Sem 1');
INSERT INTO studentPlans VALUES('D3000097B', FALSE, 'CS4238', 'AY 17/18 Sem 1');
INSERT INTO studentPlans VALUES('D3000097B', FALSE, 'CS4224', 'AY 17/18 Sem 1');
INSERT INTO studentPlans VALUES('D3000097B', FALSE, 'CS4220', 'AY 17/18 Sem 1');
INSERT INTO studentPlans VALUES('D3000097B', FALSE, 'CS4222', 'AY 17/18 Sem 2');
INSERT INTO studentPlans VALUES('D3000097B', FALSE, 'CS4234', 'AY 17/18 Sem 2');
INSERT INTO studentPlans VALUES('D3000097B', FALSE, 'CS4340', 'AY 17/18 Sem 2');
INSERT INTO studentPlans VALUES('D3000097B', FALSE, 'CS4247', 'AY 17/18 Sem 2');
INSERT INTO studentPlans VALUES('D3000097B', FALSE, 'CS4241', 'AY 17/18 Sem 2');

INSERT INTO student VALUES('D3000098B', 3);
INSERT INTO takesFocusArea VALUES('D3000098B', 'Computer Security', NULL);
INSERT INTO studentPlans VALUES('D3000098B', TRUE, 'CP3108B', 'AY 16/17 Sem 1');
INSERT INTO studentPlans VALUES('D3000098B', TRUE, 'CS3219', 'AY 16/17 Sem 1');
INSERT INTO studentPlans VALUES('D3000098B', TRUE, 'CS3244', 'AY 16/17 Sem 1');
INSERT INTO studentPlans VALUES('D3000098B', TRUE, 'CS3211', 'AY 16/17 Sem 1');
INSERT INTO studentPlans VALUES('D3000098B', TRUE, 'CS3225', 'AY 16/17 Sem 1');
INSERT INTO studentPlans VALUES('D3000098B', FALSE, 'CS3213', 'AY 16/17 Sem 2');
INSERT INTO studentPlans VALUES('D3000098B', FALSE, 'CS3245', 'AY 16/17 Sem 2');
INSERT INTO studentPlans VALUES('D3000098B', FALSE, 'CS3236', 'AY 16/17 Sem 2');
INSERT INTO studentPlans VALUES('D3000098B', FALSE, 'CS3215', 'AY 16/17 Sem 2');
INSERT INTO studentPlans VALUES('D3000098B', FALSE, 'CS3202', 'AY 16/17 Sem 2');
INSERT INTO studentPlans VALUES('D3000098B', FALSE, 'CS4224', 'AY 17/18 Sem 1');
INSERT INTO studentPlans VALUES('D3000098B', FALSE, 'CP4101', 'AY 17/18 Sem 1');
INSERT INTO studentPlans VALUES('D3000098B', FALSE, 'CS4345', 'AY 17/18 Sem 1');
INSERT INTO studentPlans VALUES('D3000098B', FALSE, 'CS4232', 'AY 17/18 Sem 1');
INSERT INTO studentPlans VALUES('D3000098B', FALSE, 'CS4246', 'AY 17/18 Sem 1');
INSERT INTO studentPlans VALUES('D3000098B', FALSE, 'CS4218', 'AY 17/18 Sem 2');
INSERT INTO studentPlans VALUES('D3000098B', FALSE, 'CS4244', 'AY 17/18 Sem 2');
INSERT INTO studentPlans VALUES('D3000098B', FALSE, 'CS4220', 'AY 17/18 Sem 2');
INSERT INTO studentPlans VALUES('D3000098B', FALSE, 'CS4340', 'AY 17/18 Sem 2');
INSERT INTO studentPlans VALUES('D3000098B', FALSE, 'CS4249', 'AY 17/18 Sem 2');

INSERT INTO student VALUES('D3000099B', 3);
INSERT INTO takesFocusArea VALUES('D3000099B', 'Multimedia Information Retrieval', NULL);
INSERT INTO studentPlans VALUES('D3000099B', TRUE, 'CS3213', 'AY 16/17 Sem 1');
INSERT INTO studentPlans VALUES('D3000099B', TRUE, 'CS3223', 'AY 16/17 Sem 1');
INSERT INTO studentPlans VALUES('D3000099B', TRUE, 'CS3212', 'AY 16/17 Sem 1');
INSERT INTO studentPlans VALUES('D3000099B', TRUE, 'CP3109', 'AY 16/17 Sem 1');
INSERT INTO studentPlans VALUES('D3000099B', TRUE, 'CG3002', 'AY 16/17 Sem 1');
INSERT INTO studentPlans VALUES('D3000099B', FALSE, 'CS3219', 'AY 16/17 Sem 2');
INSERT INTO studentPlans VALUES('D3000099B', FALSE, 'CP3108B', 'AY 16/17 Sem 2');
INSERT INTO studentPlans VALUES('D3000099B', FALSE, 'CS3211', 'AY 16/17 Sem 2');
INSERT INTO studentPlans VALUES('D3000099B', FALSE, 'CP3200', 'AY 16/17 Sem 2');
INSERT INTO studentPlans VALUES('D3000099B', FALSE, 'CP3101A', 'AY 16/17 Sem 2');
INSERT INTO studentPlans VALUES('D3000099B', FALSE, 'CS4236', 'AY 17/18 Sem 1');
INSERT INTO studentPlans VALUES('D3000099B', FALSE, 'CS4246', 'AY 17/18 Sem 1');
INSERT INTO studentPlans VALUES('D3000099B', FALSE, 'CS4249', 'AY 17/18 Sem 1');
INSERT INTO studentPlans VALUES('D3000099B', FALSE, 'XFC4101', 'AY 17/18 Sem 1');
INSERT INTO studentPlans VALUES('D3000099B', FALSE, 'CS4241', 'AY 17/18 Sem 1');
INSERT INTO studentPlans VALUES('D3000099B', FALSE, 'CS4212', 'AY 17/18 Sem 2');
INSERT INTO studentPlans VALUES('D3000099B', FALSE, 'CS4880', 'AY 17/18 Sem 2');
INSERT INTO studentPlans VALUES('D3000099B', FALSE, 'CS4239', 'AY 17/18 Sem 2');
INSERT INTO studentPlans VALUES('D3000099B', FALSE, 'CS4345', 'AY 17/18 Sem 2');
INSERT INTO studentPlans VALUES('D3000099B', FALSE, 'CS4344', 'AY 17/18 Sem 2');

INSERT INTO student VALUES('D4000000B', 4);
INSERT INTO takesFocusArea VALUES('D4000000B', 'Database Systems', NULL);
INSERT INTO studentPlans VALUES('D4000000B', TRUE, 'CS4340', 'AY 16/17 Sem 1');
INSERT INTO studentPlans VALUES('D4000000B', TRUE, 'CS4880', 'AY 16/17 Sem 1');
INSERT INTO studentPlans VALUES('D4000000B', TRUE, 'CS4223', 'AY 16/17 Sem 1');
INSERT INTO studentPlans VALUES('D4000000B', TRUE, 'CS4217', 'AY 16/17 Sem 1');
INSERT INTO studentPlans VALUES('D4000000B', TRUE, 'CS4347', 'AY 16/17 Sem 1');
INSERT INTO studentPlans VALUES('D4000000B', FALSE, 'CS4249', 'AY 16/17 Sem 2');
INSERT INTO studentPlans VALUES('D4000000B', FALSE, 'CS4211', 'AY 16/17 Sem 2');
INSERT INTO studentPlans VALUES('D4000000B', FALSE, 'CS4220', 'AY 16/17 Sem 2');
INSERT INTO studentPlans VALUES('D4000000B', FALSE, 'CS4224', 'AY 16/17 Sem 2');
INSERT INTO studentPlans VALUES('D4000000B', FALSE, 'CS4214', 'AY 16/17 Sem 2');

INSERT INTO student VALUES('D4000001B', 4);
INSERT INTO takesFocusArea VALUES('D4000001B', 'Software Engineering', NULL);
INSERT INTO studentPlans VALUES('D4000001B', TRUE, 'CS4221', 'AY 16/17 Sem 1');
INSERT INTO studentPlans VALUES('D4000001B', TRUE, 'CS4246', 'AY 16/17 Sem 1');
INSERT INTO studentPlans VALUES('D4000001B', TRUE, 'CS4217', 'AY 16/17 Sem 1');
INSERT INTO studentPlans VALUES('D4000001B', TRUE, 'CS4224', 'AY 16/17 Sem 1');
INSERT INTO studentPlans VALUES('D4000001B', TRUE, 'CS4222', 'AY 16/17 Sem 1');
INSERT INTO studentPlans VALUES('D4000001B', FALSE, 'CS4234', 'AY 16/17 Sem 2');
INSERT INTO studentPlans VALUES('D4000001B', FALSE, 'CS4212', 'AY 16/17 Sem 2');
INSERT INTO studentPlans VALUES('D4000001B', FALSE, 'CS4275', 'AY 16/17 Sem 2');
INSERT INTO studentPlans VALUES('D4000001B', FALSE, 'CS4244', 'AY 16/17 Sem 2');
INSERT INTO studentPlans VALUES('D4000001B', FALSE, 'CS4240', 'AY 16/17 Sem 2');

INSERT INTO student VALUES('D4000002B', 4);
INSERT INTO takesFocusArea VALUES('D4000002B', 'Artificial Intelligence', NULL);
INSERT INTO studentPlans VALUES('D4000002B', TRUE, 'CS4211', 'AY 16/17 Sem 1');
INSERT INTO studentPlans VALUES('D4000002B', TRUE, 'CS4232', 'AY 16/17 Sem 1');
INSERT INTO studentPlans VALUES('D4000002B', TRUE, 'CS4248', 'AY 16/17 Sem 1');
INSERT INTO studentPlans VALUES('D4000002B', TRUE, 'CS4244', 'AY 16/17 Sem 1');
INSERT INTO studentPlans VALUES('D4000002B', TRUE, 'CS4235', 'AY 16/17 Sem 1');
INSERT INTO studentPlans VALUES('D4000002B', FALSE, 'CS4350', 'AY 16/17 Sem 2');
INSERT INTO studentPlans VALUES('D4000002B', FALSE, 'XFC4101', 'AY 16/17 Sem 2');
INSERT INTO studentPlans VALUES('D4000002B', FALSE, 'CS4224', 'AY 16/17 Sem 2');
INSERT INTO studentPlans VALUES('D4000002B', FALSE, 'CS4271', 'AY 16/17 Sem 2');
INSERT INTO studentPlans VALUES('D4000002B', FALSE, 'CS4222', 'AY 16/17 Sem 2');

INSERT INTO student VALUES('D4000003B', 4);
INSERT INTO takesFocusArea VALUES('D4000003B', 'Interactive Media', NULL);
INSERT INTO studentPlans VALUES('D4000003B', TRUE, 'CS4345', 'AY 16/17 Sem 1');
INSERT INTO studentPlans VALUES('D4000003B', TRUE, 'CS4231', 'AY 16/17 Sem 1');
INSERT INTO studentPlans VALUES('D4000003B', TRUE, 'CS4225', 'AY 16/17 Sem 1');
INSERT INTO studentPlans VALUES('D4000003B', TRUE, 'CS4244', 'AY 16/17 Sem 1');
INSERT INTO studentPlans VALUES('D4000003B', TRUE, 'CS4217', 'AY 16/17 Sem 1');
INSERT INTO studentPlans VALUES('D4000003B', FALSE, 'XFC4101', 'AY 16/17 Sem 2');
INSERT INTO studentPlans VALUES('D4000003B', FALSE, 'CS4344', 'AY 16/17 Sem 2');
INSERT INTO studentPlans VALUES('D4000003B', FALSE, 'CS4222', 'AY 16/17 Sem 2');
INSERT INTO studentPlans VALUES('D4000003B', FALSE, 'CS4212', 'AY 16/17 Sem 2');
INSERT INTO studentPlans VALUES('D4000003B', FALSE, 'CS4216', 'AY 16/17 Sem 2');

INSERT INTO student VALUES('D4000004B', 4);
INSERT INTO takesFocusArea VALUES('D4000004B', 'Artificial Intelligence', NULL);
INSERT INTO studentPlans VALUES('D4000004B', TRUE, 'CP4101', 'AY 16/17 Sem 1');
INSERT INTO studentPlans VALUES('D4000004B', TRUE, 'CS4248', 'AY 16/17 Sem 1');
INSERT INTO studentPlans VALUES('D4000004B', TRUE, 'CS4212', 'AY 16/17 Sem 1');
INSERT INTO studentPlans VALUES('D4000004B', TRUE, 'CS4247', 'AY 16/17 Sem 1');
INSERT INTO studentPlans VALUES('D4000004B', TRUE, 'CS4221', 'AY 16/17 Sem 1');
INSERT INTO studentPlans VALUES('D4000004B', FALSE, 'CS4340', 'AY 16/17 Sem 2');
INSERT INTO studentPlans VALUES('D4000004B', FALSE, 'CS4236', 'AY 16/17 Sem 2');
INSERT INTO studentPlans VALUES('D4000004B', FALSE, 'CS4235', 'AY 16/17 Sem 2');
INSERT INTO studentPlans VALUES('D4000004B', FALSE, 'CS4350', 'AY 16/17 Sem 2');
INSERT INTO studentPlans VALUES('D4000004B', FALSE, 'CS4345', 'AY 16/17 Sem 2');

INSERT INTO student VALUES('D4000005B', 4);
INSERT INTO takesFocusArea VALUES('D4000005B', 'Software Engineering', NULL);
INSERT INTO studentPlans VALUES('D4000005B', TRUE, 'CS4234', 'AY 16/17 Sem 1');
INSERT INTO studentPlans VALUES('D4000005B', TRUE, 'CS4214', 'AY 16/17 Sem 1');
INSERT INTO studentPlans VALUES('D4000005B', TRUE, 'CS4232', 'AY 16/17 Sem 1');
INSERT INTO studentPlans VALUES('D4000005B', TRUE, 'CS4345', 'AY 16/17 Sem 1');
INSERT INTO studentPlans VALUES('D4000005B', TRUE, 'CS4226', 'AY 16/17 Sem 1');
INSERT INTO studentPlans VALUES('D4000005B', FALSE, 'CS4275', 'AY 16/17 Sem 2');
INSERT INTO studentPlans VALUES('D4000005B', FALSE, 'CS4242', 'AY 16/17 Sem 2');
INSERT INTO studentPlans VALUES('D4000005B', FALSE, 'CS4340', 'AY 16/17 Sem 2');
INSERT INTO studentPlans VALUES('D4000005B', FALSE, 'CS4344', 'AY 16/17 Sem 2');
INSERT INTO studentPlans VALUES('D4000005B', FALSE, 'CS4247', 'AY 16/17 Sem 2');

INSERT INTO student VALUES('D4000006B', 4);
INSERT INTO takesFocusArea VALUES('D4000006B', 'Algorithms & Theory', NULL);
INSERT INTO studentPlans VALUES('D4000006B', TRUE, 'CS4236', 'AY 16/17 Sem 1');
INSERT INTO studentPlans VALUES('D4000006B', TRUE, 'CS4248', 'AY 16/17 Sem 1');
INSERT INTO studentPlans VALUES('D4000006B', TRUE, 'CS4234', 'AY 16/17 Sem 1');
INSERT INTO studentPlans VALUES('D4000006B', TRUE, 'CS4247', 'AY 16/17 Sem 1');
INSERT INTO studentPlans VALUES('D4000006B', TRUE, 'CS4211', 'AY 16/17 Sem 1');
INSERT INTO studentPlans VALUES('D4000006B', FALSE, 'CS4275', 'AY 16/17 Sem 2');
INSERT INTO studentPlans VALUES('D4000006B', FALSE, 'CS4240', 'AY 16/17 Sem 2');
INSERT INTO studentPlans VALUES('D4000006B', FALSE, 'CS4249', 'AY 16/17 Sem 2');
INSERT INTO studentPlans VALUES('D4000006B', FALSE, 'CS4225', 'AY 16/17 Sem 2');
INSERT INTO studentPlans VALUES('D4000006B', FALSE, 'CS4224', 'AY 16/17 Sem 2');

INSERT INTO student VALUES('D4000007B', 4);
INSERT INTO takesFocusArea VALUES('D4000007B', 'Interactive Media', NULL);
INSERT INTO studentPlans VALUES('D4000007B', TRUE, 'CS4231', 'AY 16/17 Sem 1');
INSERT INTO studentPlans VALUES('D4000007B', TRUE, 'CS4248', 'AY 16/17 Sem 1');
INSERT INTO studentPlans VALUES('D4000007B', TRUE, 'CS4232', 'AY 16/17 Sem 1');
INSERT INTO studentPlans VALUES('D4000007B', TRUE, 'CS4240', 'AY 16/17 Sem 1');
INSERT INTO studentPlans VALUES('D4000007B', TRUE, 'CS4223', 'AY 16/17 Sem 1');
INSERT INTO studentPlans VALUES('D4000007B', FALSE, 'CS4217', 'AY 16/17 Sem 2');
INSERT INTO studentPlans VALUES('D4000007B', FALSE, 'CS4243', 'AY 16/17 Sem 2');
INSERT INTO studentPlans VALUES('D4000007B', FALSE, 'CS4275', 'AY 16/17 Sem 2');
INSERT INTO studentPlans VALUES('D4000007B', FALSE, 'CS4249', 'AY 16/17 Sem 2');
INSERT INTO studentPlans VALUES('D4000007B', FALSE, 'CS4238', 'AY 16/17 Sem 2');

INSERT INTO student VALUES('D4000008B', 4);
INSERT INTO takesFocusArea VALUES('D4000008B', 'Software Engineering', NULL);
INSERT INTO studentPlans VALUES('D4000008B', TRUE, 'CS4217', 'AY 16/17 Sem 1');
INSERT INTO studentPlans VALUES('D4000008B', TRUE, 'CS4344', 'AY 16/17 Sem 1');
INSERT INTO studentPlans VALUES('D4000008B', TRUE, 'CS4350', 'AY 16/17 Sem 1');
INSERT INTO studentPlans VALUES('D4000008B', TRUE, 'CS4237', 'AY 16/17 Sem 1');
INSERT INTO studentPlans VALUES('D4000008B', TRUE, 'CS4238', 'AY 16/17 Sem 1');
INSERT INTO studentPlans VALUES('D4000008B', FALSE, 'CS4340', 'AY 16/17 Sem 2');
INSERT INTO studentPlans VALUES('D4000008B', FALSE, 'CS4226', 'AY 16/17 Sem 2');
INSERT INTO studentPlans VALUES('D4000008B', FALSE, 'CS4231', 'AY 16/17 Sem 2');
INSERT INTO studentPlans VALUES('D4000008B', FALSE, 'CS4271', 'AY 16/17 Sem 2');
INSERT INTO studentPlans VALUES('D4000008B', FALSE, 'CS4240', 'AY 16/17 Sem 2');

INSERT INTO student VALUES('D4000009B', 4);
INSERT INTO takesFocusArea VALUES('D4000009B', 'Artificial Intelligence', NULL);
INSERT INTO studentPlans VALUES('D4000009B', TRUE, 'CS4244', 'AY 16/17 Sem 1');
INSERT INTO studentPlans VALUES('D4000009B', TRUE, 'CS4218', 'AY 16/17 Sem 1');
INSERT INTO studentPlans VALUES('D4000009B', TRUE, 'CS4215', 'AY 16/17 Sem 1');
INSERT INTO studentPlans VALUES('D4000009B', TRUE, 'CS4237', 'AY 16/17 Sem 1');
INSERT INTO studentPlans VALUES('D4000009B', TRUE, 'CS4249', 'AY 16/17 Sem 1');
INSERT INTO studentPlans VALUES('D4000009B', FALSE, 'CS4222', 'AY 16/17 Sem 2');
INSERT INTO studentPlans VALUES('D4000009B', FALSE, 'CS4216', 'AY 16/17 Sem 2');
INSERT INTO studentPlans VALUES('D4000009B', FALSE, 'CS4347', 'AY 16/17 Sem 2');
INSERT INTO studentPlans VALUES('D4000009B', FALSE, 'CS4248', 'AY 16/17 Sem 2');
INSERT INTO studentPlans VALUES('D4000009B', FALSE, 'CS4220', 'AY 16/17 Sem 2');

INSERT INTO student VALUES('D4000010B', 4);
INSERT INTO takesFocusArea VALUES('D4000010B', 'Software Engineering', NULL);
INSERT INTO studentPlans VALUES('D4000010B', TRUE, 'CS4218', 'AY 16/17 Sem 1');
INSERT INTO studentPlans VALUES('D4000010B', TRUE, 'CS4211', 'AY 16/17 Sem 1');
INSERT INTO studentPlans VALUES('D4000010B', TRUE, 'CS4271', 'AY 16/17 Sem 1');
INSERT INTO studentPlans VALUES('D4000010B', TRUE, 'CS4344', 'AY 16/17 Sem 1');
INSERT INTO studentPlans VALUES('D4000010B', TRUE, 'CS4215', 'AY 16/17 Sem 1');
INSERT INTO studentPlans VALUES('D4000010B', FALSE, 'CS4244', 'AY 16/17 Sem 2');
INSERT INTO studentPlans VALUES('D4000010B', FALSE, 'CS4235', 'AY 16/17 Sem 2');
INSERT INTO studentPlans VALUES('D4000010B', FALSE, 'CS4240', 'AY 16/17 Sem 2');
INSERT INTO studentPlans VALUES('D4000010B', FALSE, 'CS4212', 'AY 16/17 Sem 2');
INSERT INTO studentPlans VALUES('D4000010B', FALSE, 'CS4246', 'AY 16/17 Sem 2');

INSERT INTO student VALUES('D4000011B', 4);
INSERT INTO takesFocusArea VALUES('D4000011B', 'Parallel Computing', NULL);
INSERT INTO studentPlans VALUES('D4000011B', TRUE, 'CS4880', 'AY 16/17 Sem 1');
INSERT INTO studentPlans VALUES('D4000011B', TRUE, 'CS4347', 'AY 16/17 Sem 1');
INSERT INTO studentPlans VALUES('D4000011B', TRUE, 'CS4221', 'AY 16/17 Sem 1');
INSERT INTO studentPlans VALUES('D4000011B', TRUE, 'CS4350', 'AY 16/17 Sem 1');
INSERT INTO studentPlans VALUES('D4000011B', TRUE, 'CS4247', 'AY 16/17 Sem 1');
INSERT INTO studentPlans VALUES('D4000011B', FALSE, 'CS4214', 'AY 16/17 Sem 2');
INSERT INTO studentPlans VALUES('D4000011B', FALSE, 'CS4226', 'AY 16/17 Sem 2');
INSERT INTO studentPlans VALUES('D4000011B', FALSE, 'CS4236', 'AY 16/17 Sem 2');
INSERT INTO studentPlans VALUES('D4000011B', FALSE, 'CS4239', 'AY 16/17 Sem 2');
INSERT INTO studentPlans VALUES('D4000011B', FALSE, 'CS4249', 'AY 16/17 Sem 2');

INSERT INTO student VALUES('D4000012B', 4);
INSERT INTO takesFocusArea VALUES('D4000012B', 'Software Engineering', NULL);
INSERT INTO studentPlans VALUES('D4000012B', TRUE, 'CS4214', 'AY 16/17 Sem 1');
INSERT INTO studentPlans VALUES('D4000012B', TRUE, 'CS4216', 'AY 16/17 Sem 1');
INSERT INTO studentPlans VALUES('D4000012B', TRUE, 'CS4226', 'AY 16/17 Sem 1');
INSERT INTO studentPlans VALUES('D4000012B', TRUE, 'CS4249', 'AY 16/17 Sem 1');
INSERT INTO studentPlans VALUES('D4000012B', TRUE, 'CS4236', 'AY 16/17 Sem 1');
INSERT INTO studentPlans VALUES('D4000012B', FALSE, 'CS4242', 'AY 16/17 Sem 2');
INSERT INTO studentPlans VALUES('D4000012B', FALSE, 'CS4225', 'AY 16/17 Sem 2');
INSERT INTO studentPlans VALUES('D4000012B', FALSE, 'CS4246', 'AY 16/17 Sem 2');
INSERT INTO studentPlans VALUES('D4000012B', FALSE, 'CS4244', 'AY 16/17 Sem 2');
INSERT INTO studentPlans VALUES('D4000012B', FALSE, 'CS4232', 'AY 16/17 Sem 2');

INSERT INTO student VALUES('D4000013B', 4);
INSERT INTO takesFocusArea VALUES('D4000013B', 'Algorithms & Theory', NULL);
INSERT INTO studentPlans VALUES('D4000013B', TRUE, 'CS4218', 'AY 16/17 Sem 1');
INSERT INTO studentPlans VALUES('D4000013B', TRUE, 'CS4243', 'AY 16/17 Sem 1');
INSERT INTO studentPlans VALUES('D4000013B', TRUE, 'CS4223', 'AY 16/17 Sem 1');
INSERT INTO studentPlans VALUES('D4000013B', TRUE, 'CP4101', 'AY 16/17 Sem 1');
INSERT INTO studentPlans VALUES('D4000013B', TRUE, 'CS4350', 'AY 16/17 Sem 1');
INSERT INTO studentPlans VALUES('D4000013B', FALSE, 'CS4235', 'AY 16/17 Sem 2');
INSERT INTO studentPlans VALUES('D4000013B', FALSE, 'CS4880', 'AY 16/17 Sem 2');
INSERT INTO studentPlans VALUES('D4000013B', FALSE, 'CS4216', 'AY 16/17 Sem 2');
INSERT INTO studentPlans VALUES('D4000013B', FALSE, 'CS4242', 'AY 16/17 Sem 2');
INSERT INTO studentPlans VALUES('D4000013B', FALSE, 'CS4226', 'AY 16/17 Sem 2');

INSERT INTO student VALUES('D4000014B', 4);
INSERT INTO takesFocusArea VALUES('D4000014B', 'Parallel Computing', NULL);
INSERT INTO studentPlans VALUES('D4000014B', TRUE, 'CS4240', 'AY 16/17 Sem 1');
INSERT INTO studentPlans VALUES('D4000014B', TRUE, 'CS4215', 'AY 16/17 Sem 1');
INSERT INTO studentPlans VALUES('D4000014B', TRUE, 'CS4234', 'AY 16/17 Sem 1');
INSERT INTO studentPlans VALUES('D4000014B', TRUE, 'CS4232', 'AY 16/17 Sem 1');
INSERT INTO studentPlans VALUES('D4000014B', TRUE, 'CS4238', 'AY 16/17 Sem 1');
INSERT INTO studentPlans VALUES('D4000014B', FALSE, 'CS4344', 'AY 16/17 Sem 2');
INSERT INTO studentPlans VALUES('D4000014B', FALSE, 'CS4221', 'AY 16/17 Sem 2');
INSERT INTO studentPlans VALUES('D4000014B', FALSE, 'CS4231', 'AY 16/17 Sem 2');
INSERT INTO studentPlans VALUES('D4000014B', FALSE, 'CS4345', 'AY 16/17 Sem 2');
INSERT INTO studentPlans VALUES('D4000014B', FALSE, 'CS4225', 'AY 16/17 Sem 2');

INSERT INTO student VALUES('D4000015B', 4);
INSERT INTO takesFocusArea VALUES('D4000015B', 'Database Systems', NULL);
INSERT INTO studentPlans VALUES('D4000015B', TRUE, 'CS4232', 'AY 16/17 Sem 1');
INSERT INTO studentPlans VALUES('D4000015B', TRUE, 'CS4231', 'AY 16/17 Sem 1');
INSERT INTO studentPlans VALUES('D4000015B', TRUE, 'CS4345', 'AY 16/17 Sem 1');
INSERT INTO studentPlans VALUES('D4000015B', TRUE, 'CS4344', 'AY 16/17 Sem 1');
INSERT INTO studentPlans VALUES('D4000015B', TRUE, 'CS4224', 'AY 16/17 Sem 1');
INSERT INTO studentPlans VALUES('D4000015B', FALSE, 'CS4247', 'AY 16/17 Sem 2');
INSERT INTO studentPlans VALUES('D4000015B', FALSE, 'CS4249', 'AY 16/17 Sem 2');
INSERT INTO studentPlans VALUES('D4000015B', FALSE, 'CP4101', 'AY 16/17 Sem 2');
INSERT INTO studentPlans VALUES('D4000015B', FALSE, 'CS4244', 'AY 16/17 Sem 2');
INSERT INTO studentPlans VALUES('D4000015B', FALSE, 'CS4271', 'AY 16/17 Sem 2');

INSERT INTO student VALUES('D4000016B', 4);
INSERT INTO takesFocusArea VALUES('D4000016B', 'Networking and Distributed Systems', NULL);
INSERT INTO studentPlans VALUES('D4000016B', TRUE, 'CS4247', 'AY 16/17 Sem 1');
INSERT INTO studentPlans VALUES('D4000016B', TRUE, 'CS4224', 'AY 16/17 Sem 1');
INSERT INTO studentPlans VALUES('D4000016B', TRUE, 'CS4215', 'AY 16/17 Sem 1');
INSERT INTO studentPlans VALUES('D4000016B', TRUE, 'CS4211', 'AY 16/17 Sem 1');
INSERT INTO studentPlans VALUES('D4000016B', TRUE, 'CS4880', 'AY 16/17 Sem 1');
INSERT INTO studentPlans VALUES('D4000016B', FALSE, 'CS4221', 'AY 16/17 Sem 2');
INSERT INTO studentPlans VALUES('D4000016B', FALSE, 'CS4214', 'AY 16/17 Sem 2');
INSERT INTO studentPlans VALUES('D4000016B', FALSE, 'CS4275', 'AY 16/17 Sem 2');
INSERT INTO studentPlans VALUES('D4000016B', FALSE, 'CS4237', 'AY 16/17 Sem 2');
INSERT INTO studentPlans VALUES('D4000016B', FALSE, 'CS4244', 'AY 16/17 Sem 2');

INSERT INTO student VALUES('D4000017B', 4);
INSERT INTO takesFocusArea VALUES('D4000017B', 'Visual Computing', NULL);
INSERT INTO studentPlans VALUES('D4000017B', TRUE, 'CS4243', 'AY 16/17 Sem 1');
INSERT INTO studentPlans VALUES('D4000017B', TRUE, 'CS4216', 'AY 16/17 Sem 1');
INSERT INTO studentPlans VALUES('D4000017B', TRUE, 'CS4225', 'AY 16/17 Sem 1');
INSERT INTO studentPlans VALUES('D4000017B', TRUE, 'CS4344', 'AY 16/17 Sem 1');
INSERT INTO studentPlans VALUES('D4000017B', TRUE, 'CS4347', 'AY 16/17 Sem 1');
INSERT INTO studentPlans VALUES('D4000017B', FALSE, 'CS4350', 'AY 16/17 Sem 2');
INSERT INTO studentPlans VALUES('D4000017B', FALSE, 'CS4222', 'AY 16/17 Sem 2');
INSERT INTO studentPlans VALUES('D4000017B', FALSE, 'CS4214', 'AY 16/17 Sem 2');
INSERT INTO studentPlans VALUES('D4000017B', FALSE, 'CS4242', 'AY 16/17 Sem 2');
INSERT INTO studentPlans VALUES('D4000017B', FALSE, 'CS4248', 'AY 16/17 Sem 2');

INSERT INTO student VALUES('D4000018B', 4);
INSERT INTO takesFocusArea VALUES('D4000018B', 'Artificial Intelligence', NULL);
INSERT INTO studentPlans VALUES('D4000018B', TRUE, 'CS4240', 'AY 16/17 Sem 1');
INSERT INTO studentPlans VALUES('D4000018B', TRUE, 'CS4221', 'AY 16/17 Sem 1');
INSERT INTO studentPlans VALUES('D4000018B', TRUE, 'CP4101', 'AY 16/17 Sem 1');
INSERT INTO studentPlans VALUES('D4000018B', TRUE, 'CS4231', 'AY 16/17 Sem 1');
INSERT INTO studentPlans VALUES('D4000018B', TRUE, 'CS4248', 'AY 16/17 Sem 1');
INSERT INTO studentPlans VALUES('D4000018B', FALSE, 'CS4350', 'AY 16/17 Sem 2');
INSERT INTO studentPlans VALUES('D4000018B', FALSE, 'CS4246', 'AY 16/17 Sem 2');
INSERT INTO studentPlans VALUES('D4000018B', FALSE, 'CS4234', 'AY 16/17 Sem 2');
INSERT INTO studentPlans VALUES('D4000018B', FALSE, 'CS4217', 'AY 16/17 Sem 2');
INSERT INTO studentPlans VALUES('D4000018B', FALSE, 'CS4236', 'AY 16/17 Sem 2');

INSERT INTO student VALUES('D4000019B', 4);
INSERT INTO takesFocusArea VALUES('D4000019B', 'Computer Security', NULL);
INSERT INTO studentPlans VALUES('D4000019B', TRUE, 'CS4237', 'AY 16/17 Sem 1');
INSERT INTO studentPlans VALUES('D4000019B', TRUE, 'CS4242', 'AY 16/17 Sem 1');
INSERT INTO studentPlans VALUES('D4000019B', TRUE, 'CS4222', 'AY 16/17 Sem 1');
INSERT INTO studentPlans VALUES('D4000019B', TRUE, 'CS4240', 'AY 16/17 Sem 1');
INSERT INTO studentPlans VALUES('D4000019B', TRUE, 'CS4246', 'AY 16/17 Sem 1');
INSERT INTO studentPlans VALUES('D4000019B', FALSE, 'CS4345', 'AY 16/17 Sem 2');
INSERT INTO studentPlans VALUES('D4000019B', FALSE, 'CS4347', 'AY 16/17 Sem 2');
INSERT INTO studentPlans VALUES('D4000019B', FALSE, 'CP4101', 'AY 16/17 Sem 2');
INSERT INTO studentPlans VALUES('D4000019B', FALSE, 'CS4232', 'AY 16/17 Sem 2');
INSERT INTO studentPlans VALUES('D4000019B', FALSE, 'CS4215', 'AY 16/17 Sem 2');

INSERT INTO student VALUES('D4000020B', 4);
INSERT INTO takesFocusArea VALUES('D4000020B', 'Interactive Media', NULL);
INSERT INTO studentPlans VALUES('D4000020B', TRUE, 'CS4347', 'AY 16/17 Sem 1');
INSERT INTO studentPlans VALUES('D4000020B', TRUE, 'CS4225', 'AY 16/17 Sem 1');
INSERT INTO studentPlans VALUES('D4000020B', TRUE, 'CS4241', 'AY 16/17 Sem 1');
INSERT INTO studentPlans VALUES('D4000020B', TRUE, 'CS4216', 'AY 16/17 Sem 1');
INSERT INTO studentPlans VALUES('D4000020B', TRUE, 'CS4350', 'AY 16/17 Sem 1');
INSERT INTO studentPlans VALUES('D4000020B', FALSE, 'CS4226', 'AY 16/17 Sem 2');
INSERT INTO studentPlans VALUES('D4000020B', FALSE, 'CS4235', 'AY 16/17 Sem 2');
INSERT INTO studentPlans VALUES('D4000020B', FALSE, 'CS4345', 'AY 16/17 Sem 2');
INSERT INTO studentPlans VALUES('D4000020B', FALSE, 'CS4237', 'AY 16/17 Sem 2');
INSERT INTO studentPlans VALUES('D4000020B', FALSE, 'CS4236', 'AY 16/17 Sem 2');

INSERT INTO student VALUES('D4000021B', 4);
INSERT INTO takesFocusArea VALUES('D4000021B', 'Visual Computing', NULL);
INSERT INTO studentPlans VALUES('D4000021B', TRUE, 'CS4240', 'AY 16/17 Sem 1');
INSERT INTO studentPlans VALUES('D4000021B', TRUE, 'CS4234', 'AY 16/17 Sem 1');
INSERT INTO studentPlans VALUES('D4000021B', TRUE, 'CS4235', 'AY 16/17 Sem 1');
INSERT INTO studentPlans VALUES('D4000021B', TRUE, 'CS4224', 'AY 16/17 Sem 1');
INSERT INTO studentPlans VALUES('D4000021B', TRUE, 'CS4340', 'AY 16/17 Sem 1');
INSERT INTO studentPlans VALUES('D4000021B', FALSE, 'CP4101', 'AY 16/17 Sem 2');
INSERT INTO studentPlans VALUES('D4000021B', FALSE, 'CS4347', 'AY 16/17 Sem 2');
INSERT INTO studentPlans VALUES('D4000021B', FALSE, 'CS4212', 'AY 16/17 Sem 2');
INSERT INTO studentPlans VALUES('D4000021B', FALSE, 'CS4217', 'AY 16/17 Sem 2');
INSERT INTO studentPlans VALUES('D4000021B', FALSE, 'CS4226', 'AY 16/17 Sem 2');

INSERT INTO student VALUES('D4000022B', 4);
INSERT INTO takesFocusArea VALUES('D4000022B', 'Networking and Distributed Systems', NULL);
INSERT INTO studentPlans VALUES('D4000022B', TRUE, 'CP4101', 'AY 16/17 Sem 1');
INSERT INTO studentPlans VALUES('D4000022B', TRUE, 'CS4239', 'AY 16/17 Sem 1');
INSERT INTO studentPlans VALUES('D4000022B', TRUE, 'CS4226', 'AY 16/17 Sem 1');
INSERT INTO studentPlans VALUES('D4000022B', TRUE, 'CS4237', 'AY 16/17 Sem 1');
INSERT INTO studentPlans VALUES('D4000022B', TRUE, 'CS4243', 'AY 16/17 Sem 1');
INSERT INTO studentPlans VALUES('D4000022B', FALSE, 'CS4234', 'AY 16/17 Sem 2');
INSERT INTO studentPlans VALUES('D4000022B', FALSE, 'CS4344', 'AY 16/17 Sem 2');
INSERT INTO studentPlans VALUES('D4000022B', FALSE, 'CS4880', 'AY 16/17 Sem 2');
INSERT INTO studentPlans VALUES('D4000022B', FALSE, 'CS4247', 'AY 16/17 Sem 2');
INSERT INTO studentPlans VALUES('D4000022B', FALSE, 'CS4236', 'AY 16/17 Sem 2');

INSERT INTO student VALUES('D4000023B', 4);
INSERT INTO takesFocusArea VALUES('D4000023B', 'Parallel Computing', NULL);
INSERT INTO studentPlans VALUES('D4000023B', TRUE, 'CS4239', 'AY 16/17 Sem 1');
INSERT INTO studentPlans VALUES('D4000023B', TRUE, 'CS4235', 'AY 16/17 Sem 1');
INSERT INTO studentPlans VALUES('D4000023B', TRUE, 'CP4101', 'AY 16/17 Sem 1');
INSERT INTO studentPlans VALUES('D4000023B', TRUE, 'CS4241', 'AY 16/17 Sem 1');
INSERT INTO studentPlans VALUES('D4000023B', TRUE, 'CS4225', 'AY 16/17 Sem 1');
INSERT INTO studentPlans VALUES('D4000023B', FALSE, 'CS4218', 'AY 16/17 Sem 2');
INSERT INTO studentPlans VALUES('D4000023B', FALSE, 'CS4236', 'AY 16/17 Sem 2');
INSERT INTO studentPlans VALUES('D4000023B', FALSE, 'CS4238', 'AY 16/17 Sem 2');
INSERT INTO studentPlans VALUES('D4000023B', FALSE, 'CS4345', 'AY 16/17 Sem 2');
INSERT INTO studentPlans VALUES('D4000023B', FALSE, 'CS4340', 'AY 16/17 Sem 2');

INSERT INTO student VALUES('D4000024B', 4);
INSERT INTO takesFocusArea VALUES('D4000024B', 'Parallel Computing', NULL);
INSERT INTO studentPlans VALUES('D4000024B', TRUE, 'CS4231', 'AY 16/17 Sem 1');
INSERT INTO studentPlans VALUES('D4000024B', TRUE, 'CS4345', 'AY 16/17 Sem 1');
INSERT INTO studentPlans VALUES('D4000024B', TRUE, 'CS4235', 'AY 16/17 Sem 1');
INSERT INTO studentPlans VALUES('D4000024B', TRUE, 'CS4241', 'AY 16/17 Sem 1');
INSERT INTO studentPlans VALUES('D4000024B', TRUE, 'CS4340', 'AY 16/17 Sem 1');
INSERT INTO studentPlans VALUES('D4000024B', FALSE, 'CS4234', 'AY 16/17 Sem 2');
INSERT INTO studentPlans VALUES('D4000024B', FALSE, 'CS4243', 'AY 16/17 Sem 2');
INSERT INTO studentPlans VALUES('D4000024B', FALSE, 'CS4222', 'AY 16/17 Sem 2');
INSERT INTO studentPlans VALUES('D4000024B', FALSE, 'CS4224', 'AY 16/17 Sem 2');
INSERT INTO studentPlans VALUES('D4000024B', FALSE, 'CS4237', 'AY 16/17 Sem 2');

INSERT INTO student VALUES('D4000025B', 4);
INSERT INTO takesFocusArea VALUES('D4000025B', 'Programming Languages', NULL);
INSERT INTO studentPlans VALUES('D4000025B', TRUE, 'CS4236', 'AY 16/17 Sem 1');
INSERT INTO studentPlans VALUES('D4000025B', TRUE, 'CS4271', 'AY 16/17 Sem 1');
INSERT INTO studentPlans VALUES('D4000025B', TRUE, 'CS4241', 'AY 16/17 Sem 1');
INSERT INTO studentPlans VALUES('D4000025B', TRUE, 'CS4347', 'AY 16/17 Sem 1');
INSERT INTO studentPlans VALUES('D4000025B', TRUE, 'CS4223', 'AY 16/17 Sem 1');
INSERT INTO studentPlans VALUES('D4000025B', FALSE, 'CS4243', 'AY 16/17 Sem 2');
INSERT INTO studentPlans VALUES('D4000025B', FALSE, 'CS4216', 'AY 16/17 Sem 2');
INSERT INTO studentPlans VALUES('D4000025B', FALSE, 'CS4244', 'AY 16/17 Sem 2');
INSERT INTO studentPlans VALUES('D4000025B', FALSE, 'CS4345', 'AY 16/17 Sem 2');
INSERT INTO studentPlans VALUES('D4000025B', FALSE, 'CS4275', 'AY 16/17 Sem 2');

INSERT INTO student VALUES('D4000026B', 4);
INSERT INTO takesFocusArea VALUES('D4000026B', 'Programming Languages', NULL);
INSERT INTO studentPlans VALUES('D4000026B', TRUE, 'CS4243', 'AY 16/17 Sem 1');
INSERT INTO studentPlans VALUES('D4000026B', TRUE, 'CS4345', 'AY 16/17 Sem 1');
INSERT INTO studentPlans VALUES('D4000026B', TRUE, 'CS4220', 'AY 16/17 Sem 1');
INSERT INTO studentPlans VALUES('D4000026B', TRUE, 'CS4340', 'AY 16/17 Sem 1');
INSERT INTO studentPlans VALUES('D4000026B', TRUE, 'CS4217', 'AY 16/17 Sem 1');
INSERT INTO studentPlans VALUES('D4000026B', FALSE, 'CS4235', 'AY 16/17 Sem 2');
INSERT INTO studentPlans VALUES('D4000026B', FALSE, 'CS4238', 'AY 16/17 Sem 2');
INSERT INTO studentPlans VALUES('D4000026B', FALSE, 'CS4234', 'AY 16/17 Sem 2');
INSERT INTO studentPlans VALUES('D4000026B', FALSE, 'CS4211', 'AY 16/17 Sem 2');
INSERT INTO studentPlans VALUES('D4000026B', FALSE, 'CS4347', 'AY 16/17 Sem 2');

INSERT INTO student VALUES('D4000027B', 4);
INSERT INTO takesFocusArea VALUES('D4000027B', 'Interactive Media', NULL);
INSERT INTO studentPlans VALUES('D4000027B', TRUE, 'CS4246', 'AY 16/17 Sem 1');
INSERT INTO studentPlans VALUES('D4000027B', TRUE, 'CS4347', 'AY 16/17 Sem 1');
INSERT INTO studentPlans VALUES('D4000027B', TRUE, 'CS4248', 'AY 16/17 Sem 1');
INSERT INTO studentPlans VALUES('D4000027B', TRUE, 'CS4344', 'AY 16/17 Sem 1');
INSERT INTO studentPlans VALUES('D4000027B', TRUE, 'XFC4101', 'AY 16/17 Sem 1');
INSERT INTO studentPlans VALUES('D4000027B', FALSE, 'CS4221', 'AY 16/17 Sem 2');
INSERT INTO studentPlans VALUES('D4000027B', FALSE, 'CS4223', 'AY 16/17 Sem 2');
INSERT INTO studentPlans VALUES('D4000027B', FALSE, 'CS4216', 'AY 16/17 Sem 2');
INSERT INTO studentPlans VALUES('D4000027B', FALSE, 'CS4231', 'AY 16/17 Sem 2');
INSERT INTO studentPlans VALUES('D4000027B', FALSE, 'CS4244', 'AY 16/17 Sem 2');

INSERT INTO student VALUES('D4000028B', 4);
INSERT INTO takesFocusArea VALUES('D4000028B', 'Visual Computing', NULL);
INSERT INTO studentPlans VALUES('D4000028B', TRUE, 'CS4240', 'AY 16/17 Sem 1');
INSERT INTO studentPlans VALUES('D4000028B', TRUE, 'CS4880', 'AY 16/17 Sem 1');
INSERT INTO studentPlans VALUES('D4000028B', TRUE, 'CS4215', 'AY 16/17 Sem 1');
INSERT INTO studentPlans VALUES('D4000028B', TRUE, 'XFC4101', 'AY 16/17 Sem 1');
INSERT INTO studentPlans VALUES('D4000028B', TRUE, 'CS4344', 'AY 16/17 Sem 1');
INSERT INTO studentPlans VALUES('D4000028B', FALSE, 'CS4224', 'AY 16/17 Sem 2');
INSERT INTO studentPlans VALUES('D4000028B', FALSE, 'CS4350', 'AY 16/17 Sem 2');
INSERT INTO studentPlans VALUES('D4000028B', FALSE, 'CS4216', 'AY 16/17 Sem 2');
INSERT INTO studentPlans VALUES('D4000028B', FALSE, 'CS4237', 'AY 16/17 Sem 2');
INSERT INTO studentPlans VALUES('D4000028B', FALSE, 'CS4211', 'AY 16/17 Sem 2');

INSERT INTO student VALUES('D4000029B', 4);
INSERT INTO takesFocusArea VALUES('D4000029B', 'Artificial Intelligence', NULL);
INSERT INTO studentPlans VALUES('D4000029B', TRUE, 'CS4218', 'AY 16/17 Sem 1');
INSERT INTO studentPlans VALUES('D4000029B', TRUE, 'CS4275', 'AY 16/17 Sem 1');
INSERT INTO studentPlans VALUES('D4000029B', TRUE, 'CS4212', 'AY 16/17 Sem 1');
INSERT INTO studentPlans VALUES('D4000029B', TRUE, 'CS4243', 'AY 16/17 Sem 1');
INSERT INTO studentPlans VALUES('D4000029B', TRUE, 'CS4221', 'AY 16/17 Sem 1');
INSERT INTO studentPlans VALUES('D4000029B', FALSE, 'CS4347', 'AY 16/17 Sem 2');
INSERT INTO studentPlans VALUES('D4000029B', FALSE, 'CS4344', 'AY 16/17 Sem 2');
INSERT INTO studentPlans VALUES('D4000029B', FALSE, 'CS4223', 'AY 16/17 Sem 2');
INSERT INTO studentPlans VALUES('D4000029B', FALSE, 'CS4217', 'AY 16/17 Sem 2');
INSERT INTO studentPlans VALUES('D4000029B', FALSE, 'XFC4101', 'AY 16/17 Sem 2');

INSERT INTO student VALUES('D4000030B', 4);
INSERT INTO takesFocusArea VALUES('D4000030B', 'Interactive Media', NULL);
INSERT INTO studentPlans VALUES('D4000030B', TRUE, 'CS4880', 'AY 16/17 Sem 1');
INSERT INTO studentPlans VALUES('D4000030B', TRUE, 'CS4226', 'AY 16/17 Sem 1');
INSERT INTO studentPlans VALUES('D4000030B', TRUE, 'CS4344', 'AY 16/17 Sem 1');
INSERT INTO studentPlans VALUES('D4000030B', TRUE, 'CS4218', 'AY 16/17 Sem 1');
INSERT INTO studentPlans VALUES('D4000030B', TRUE, 'CS4345', 'AY 16/17 Sem 1');
INSERT INTO studentPlans VALUES('D4000030B', FALSE, 'CS4222', 'AY 16/17 Sem 2');
INSERT INTO studentPlans VALUES('D4000030B', FALSE, 'CS4235', 'AY 16/17 Sem 2');
INSERT INTO studentPlans VALUES('D4000030B', FALSE, 'CS4220', 'AY 16/17 Sem 2');
INSERT INTO studentPlans VALUES('D4000030B', FALSE, 'CS4246', 'AY 16/17 Sem 2');
INSERT INTO studentPlans VALUES('D4000030B', FALSE, 'CS4271', 'AY 16/17 Sem 2');

INSERT INTO student VALUES('D4000031B', 4);
INSERT INTO takesFocusArea VALUES('D4000031B', 'Software Engineering', NULL);
INSERT INTO studentPlans VALUES('D4000031B', TRUE, 'CS4350', 'AY 16/17 Sem 1');
INSERT INTO studentPlans VALUES('D4000031B', TRUE, 'CS4237', 'AY 16/17 Sem 1');
INSERT INTO studentPlans VALUES('D4000031B', TRUE, 'CS4231', 'AY 16/17 Sem 1');
INSERT INTO studentPlans VALUES('D4000031B', TRUE, 'CS4248', 'AY 16/17 Sem 1');
INSERT INTO studentPlans VALUES('D4000031B', TRUE, 'CS4214', 'AY 16/17 Sem 1');
INSERT INTO studentPlans VALUES('D4000031B', FALSE, 'CS4234', 'AY 16/17 Sem 2');
INSERT INTO studentPlans VALUES('D4000031B', FALSE, 'CS4212', 'AY 16/17 Sem 2');
INSERT INTO studentPlans VALUES('D4000031B', FALSE, 'CS4215', 'AY 16/17 Sem 2');
INSERT INTO studentPlans VALUES('D4000031B', FALSE, 'CS4235', 'AY 16/17 Sem 2');
INSERT INTO studentPlans VALUES('D4000031B', FALSE, 'CS4211', 'AY 16/17 Sem 2');

INSERT INTO student VALUES('D4000032B', 4);
INSERT INTO takesFocusArea VALUES('D4000032B', 'Algorithms & Theory', NULL);
INSERT INTO studentPlans VALUES('D4000032B', TRUE, 'CS4225', 'AY 16/17 Sem 1');
INSERT INTO studentPlans VALUES('D4000032B', TRUE, 'CS4247', 'AY 16/17 Sem 1');
INSERT INTO studentPlans VALUES('D4000032B', TRUE, 'CS4214', 'AY 16/17 Sem 1');
INSERT INTO studentPlans VALUES('D4000032B', TRUE, 'CS4243', 'AY 16/17 Sem 1');
INSERT INTO studentPlans VALUES('D4000032B', TRUE, 'CS4344', 'AY 16/17 Sem 1');
INSERT INTO studentPlans VALUES('D4000032B', FALSE, 'CS4215', 'AY 16/17 Sem 2');
INSERT INTO studentPlans VALUES('D4000032B', FALSE, 'CS4246', 'AY 16/17 Sem 2');
INSERT INTO studentPlans VALUES('D4000032B', FALSE, 'CS4347', 'AY 16/17 Sem 2');
INSERT INTO studentPlans VALUES('D4000032B', FALSE, 'CS4345', 'AY 16/17 Sem 2');
INSERT INTO studentPlans VALUES('D4000032B', FALSE, 'CS4226', 'AY 16/17 Sem 2');

INSERT INTO student VALUES('D4000033B', 4);
INSERT INTO takesFocusArea VALUES('D4000033B', 'Computer Security', NULL);
INSERT INTO studentPlans VALUES('D4000033B', TRUE, 'CS4247', 'AY 16/17 Sem 1');
INSERT INTO studentPlans VALUES('D4000033B', TRUE, 'CS4345', 'AY 16/17 Sem 1');
INSERT INTO studentPlans VALUES('D4000033B', TRUE, 'CS4243', 'AY 16/17 Sem 1');
INSERT INTO studentPlans VALUES('D4000033B', TRUE, 'CS4231', 'AY 16/17 Sem 1');
INSERT INTO studentPlans VALUES('D4000033B', TRUE, 'CS4224', 'AY 16/17 Sem 1');
INSERT INTO studentPlans VALUES('D4000033B', FALSE, 'CS4214', 'AY 16/17 Sem 2');
INSERT INTO studentPlans VALUES('D4000033B', FALSE, 'CS4232', 'AY 16/17 Sem 2');
INSERT INTO studentPlans VALUES('D4000033B', FALSE, 'CS4244', 'AY 16/17 Sem 2');
INSERT INTO studentPlans VALUES('D4000033B', FALSE, 'CS4226', 'AY 16/17 Sem 2');
INSERT INTO studentPlans VALUES('D4000033B', FALSE, 'CS4234', 'AY 16/17 Sem 2');

INSERT INTO student VALUES('D4000034B', 4);
INSERT INTO takesFocusArea VALUES('D4000034B', 'Computer Graphics and Games', NULL);
INSERT INTO studentPlans VALUES('D4000034B', TRUE, 'CS4275', 'AY 16/17 Sem 1');
INSERT INTO studentPlans VALUES('D4000034B', TRUE, 'CS4249', 'AY 16/17 Sem 1');
INSERT INTO studentPlans VALUES('D4000034B', TRUE, 'CS4344', 'AY 16/17 Sem 1');
INSERT INTO studentPlans VALUES('D4000034B', TRUE, 'CS4221', 'AY 16/17 Sem 1');
INSERT INTO studentPlans VALUES('D4000034B', TRUE, 'CS4243', 'AY 16/17 Sem 1');
INSERT INTO studentPlans VALUES('D4000034B', FALSE, 'CS4222', 'AY 16/17 Sem 2');
INSERT INTO studentPlans VALUES('D4000034B', FALSE, 'CS4220', 'AY 16/17 Sem 2');
INSERT INTO studentPlans VALUES('D4000034B', FALSE, 'CS4236', 'AY 16/17 Sem 2');
INSERT INTO studentPlans VALUES('D4000034B', FALSE, 'CS4246', 'AY 16/17 Sem 2');
INSERT INTO studentPlans VALUES('D4000034B', FALSE, 'CS4880', 'AY 16/17 Sem 2');

INSERT INTO student VALUES('D4000035B', 4);
INSERT INTO takesFocusArea VALUES('D4000035B', 'Interactive Media', NULL);
INSERT INTO studentPlans VALUES('D4000035B', TRUE, 'CS4224', 'AY 16/17 Sem 1');
INSERT INTO studentPlans VALUES('D4000035B', TRUE, 'CS4242', 'AY 16/17 Sem 1');
INSERT INTO studentPlans VALUES('D4000035B', TRUE, 'CS4350', 'AY 16/17 Sem 1');
INSERT INTO studentPlans VALUES('D4000035B', TRUE, 'CS4244', 'AY 16/17 Sem 1');
INSERT INTO studentPlans VALUES('D4000035B', TRUE, 'CS4236', 'AY 16/17 Sem 1');
INSERT INTO studentPlans VALUES('D4000035B', FALSE, 'CS4241', 'AY 16/17 Sem 2');
INSERT INTO studentPlans VALUES('D4000035B', FALSE, 'CS4271', 'AY 16/17 Sem 2');
INSERT INTO studentPlans VALUES('D4000035B', FALSE, 'CS4218', 'AY 16/17 Sem 2');
INSERT INTO studentPlans VALUES('D4000035B', FALSE, 'CS4247', 'AY 16/17 Sem 2');
INSERT INTO studentPlans VALUES('D4000035B', FALSE, 'XFC4101', 'AY 16/17 Sem 2');

INSERT INTO student VALUES('D4000036B', 4);
INSERT INTO takesFocusArea VALUES('D4000036B', 'Networking and Distributed Systems', NULL);
INSERT INTO studentPlans VALUES('D4000036B', TRUE, 'CS4247', 'AY 16/17 Sem 1');
INSERT INTO studentPlans VALUES('D4000036B', TRUE, 'CS4215', 'AY 16/17 Sem 1');
INSERT INTO studentPlans VALUES('D4000036B', TRUE, 'CS4880', 'AY 16/17 Sem 1');
INSERT INTO studentPlans VALUES('D4000036B', TRUE, 'CS4347', 'AY 16/17 Sem 1');
INSERT INTO studentPlans VALUES('D4000036B', TRUE, 'CS4221', 'AY 16/17 Sem 1');
INSERT INTO studentPlans VALUES('D4000036B', FALSE, 'CS4344', 'AY 16/17 Sem 2');
INSERT INTO studentPlans VALUES('D4000036B', FALSE, 'CS4240', 'AY 16/17 Sem 2');
INSERT INTO studentPlans VALUES('D4000036B', FALSE, 'CS4224', 'AY 16/17 Sem 2');
INSERT INTO studentPlans VALUES('D4000036B', FALSE, 'CS4246', 'AY 16/17 Sem 2');
INSERT INTO studentPlans VALUES('D4000036B', FALSE, 'CS4242', 'AY 16/17 Sem 2');

INSERT INTO student VALUES('D4000037B', 4);
INSERT INTO takesFocusArea VALUES('D4000037B', 'Multimedia Information Retrieval', NULL);
INSERT INTO studentPlans VALUES('D4000037B', TRUE, 'CS4235', 'AY 16/17 Sem 1');
INSERT INTO studentPlans VALUES('D4000037B', TRUE, 'CP4101', 'AY 16/17 Sem 1');
INSERT INTO studentPlans VALUES('D4000037B', TRUE, 'CS4218', 'AY 16/17 Sem 1');
INSERT INTO studentPlans VALUES('D4000037B', TRUE, 'CS4880', 'AY 16/17 Sem 1');
INSERT INTO studentPlans VALUES('D4000037B', TRUE, 'CS4247', 'AY 16/17 Sem 1');
INSERT INTO studentPlans VALUES('D4000037B', FALSE, 'CS4232', 'AY 16/17 Sem 2');
INSERT INTO studentPlans VALUES('D4000037B', FALSE, 'CS4249', 'AY 16/17 Sem 2');
INSERT INTO studentPlans VALUES('D4000037B', FALSE, 'CS4226', 'AY 16/17 Sem 2');
INSERT INTO studentPlans VALUES('D4000037B', FALSE, 'CS4238', 'AY 16/17 Sem 2');
INSERT INTO studentPlans VALUES('D4000037B', FALSE, 'XFC4101', 'AY 16/17 Sem 2');

INSERT INTO student VALUES('D4000038B', 4);
INSERT INTO takesFocusArea VALUES('D4000038B', 'Software Engineering', NULL);
INSERT INTO studentPlans VALUES('D4000038B', TRUE, 'CS4222', 'AY 16/17 Sem 1');
INSERT INTO studentPlans VALUES('D4000038B', TRUE, 'CS4231', 'AY 16/17 Sem 1');
INSERT INTO studentPlans VALUES('D4000038B', TRUE, 'CS4214', 'AY 16/17 Sem 1');
INSERT INTO studentPlans VALUES('D4000038B', TRUE, 'CS4226', 'AY 16/17 Sem 1');
INSERT INTO studentPlans VALUES('D4000038B', TRUE, 'CS4880', 'AY 16/17 Sem 1');
INSERT INTO studentPlans VALUES('D4000038B', FALSE, 'CS4249', 'AY 16/17 Sem 2');
INSERT INTO studentPlans VALUES('D4000038B', FALSE, 'CS4241', 'AY 16/17 Sem 2');
INSERT INTO studentPlans VALUES('D4000038B', FALSE, 'CS4235', 'AY 16/17 Sem 2');
INSERT INTO studentPlans VALUES('D4000038B', FALSE, 'CS4236', 'AY 16/17 Sem 2');
INSERT INTO studentPlans VALUES('D4000038B', FALSE, 'CS4275', 'AY 16/17 Sem 2');

INSERT INTO student VALUES('D4000039B', 4);
INSERT INTO takesFocusArea VALUES('D4000039B', 'Software Engineering', NULL);
INSERT INTO studentPlans VALUES('D4000039B', TRUE, 'CS4241', 'AY 16/17 Sem 1');
INSERT INTO studentPlans VALUES('D4000039B', TRUE, 'CS4220', 'AY 16/17 Sem 1');
INSERT INTO studentPlans VALUES('D4000039B', TRUE, 'XFC4101', 'AY 16/17 Sem 1');
INSERT INTO studentPlans VALUES('D4000039B', TRUE, 'CS4246', 'AY 16/17 Sem 1');
INSERT INTO studentPlans VALUES('D4000039B', TRUE, 'CS4218', 'AY 16/17 Sem 1');
INSERT INTO studentPlans VALUES('D4000039B', FALSE, 'CS4222', 'AY 16/17 Sem 2');
INSERT INTO studentPlans VALUES('D4000039B', FALSE, 'CS4235', 'AY 16/17 Sem 2');
INSERT INTO studentPlans VALUES('D4000039B', FALSE, 'CS4226', 'AY 16/17 Sem 2');
INSERT INTO studentPlans VALUES('D4000039B', FALSE, 'CS4243', 'AY 16/17 Sem 2');
INSERT INTO studentPlans VALUES('D4000039B', FALSE, 'CS4247', 'AY 16/17 Sem 2');

INSERT INTO student VALUES('D4000040B', 4);
INSERT INTO takesFocusArea VALUES('D4000040B', 'Programming Languages', NULL);
INSERT INTO studentPlans VALUES('D4000040B', TRUE, 'CS4222', 'AY 16/17 Sem 1');
INSERT INTO studentPlans VALUES('D4000040B', TRUE, 'CS4237', 'AY 16/17 Sem 1');
INSERT INTO studentPlans VALUES('D4000040B', TRUE, 'CS4216', 'AY 16/17 Sem 1');
INSERT INTO studentPlans VALUES('D4000040B', TRUE, 'CS4231', 'AY 16/17 Sem 1');
INSERT INTO studentPlans VALUES('D4000040B', TRUE, 'CS4223', 'AY 16/17 Sem 1');
INSERT INTO studentPlans VALUES('D4000040B', FALSE, 'CS4235', 'AY 16/17 Sem 2');
INSERT INTO studentPlans VALUES('D4000040B', FALSE, 'CS4232', 'AY 16/17 Sem 2');
INSERT INTO studentPlans VALUES('D4000040B', FALSE, 'CS4236', 'AY 16/17 Sem 2');
INSERT INTO studentPlans VALUES('D4000040B', FALSE, 'CS4350', 'AY 16/17 Sem 2');
INSERT INTO studentPlans VALUES('D4000040B', FALSE, 'CS4226', 'AY 16/17 Sem 2');

INSERT INTO student VALUES('D4000041B', 4);
INSERT INTO takesFocusArea VALUES('D4000041B', 'Multimedia Information Retrieval', NULL);
INSERT INTO studentPlans VALUES('D4000041B', TRUE, 'CS4221', 'AY 16/17 Sem 1');
INSERT INTO studentPlans VALUES('D4000041B', TRUE, 'CS4246', 'AY 16/17 Sem 1');
INSERT INTO studentPlans VALUES('D4000041B', TRUE, 'CS4220', 'AY 16/17 Sem 1');
INSERT INTO studentPlans VALUES('D4000041B', TRUE, 'CS4350', 'AY 16/17 Sem 1');
INSERT INTO studentPlans VALUES('D4000041B', TRUE, 'CS4222', 'AY 16/17 Sem 1');
INSERT INTO studentPlans VALUES('D4000041B', FALSE, 'CS4238', 'AY 16/17 Sem 2');
INSERT INTO studentPlans VALUES('D4000041B', FALSE, 'CS4271', 'AY 16/17 Sem 2');
INSERT INTO studentPlans VALUES('D4000041B', FALSE, 'CS4347', 'AY 16/17 Sem 2');
INSERT INTO studentPlans VALUES('D4000041B', FALSE, 'CS4223', 'AY 16/17 Sem 2');
INSERT INTO studentPlans VALUES('D4000041B', FALSE, 'CS4236', 'AY 16/17 Sem 2');

INSERT INTO student VALUES('D4000042B', 4);
INSERT INTO takesFocusArea VALUES('D4000042B', 'Visual Computing', NULL);
INSERT INTO studentPlans VALUES('D4000042B', TRUE, 'CS4242', 'AY 16/17 Sem 1');
INSERT INTO studentPlans VALUES('D4000042B', TRUE, 'CS4275', 'AY 16/17 Sem 1');
INSERT INTO studentPlans VALUES('D4000042B', TRUE, 'CS4880', 'AY 16/17 Sem 1');
INSERT INTO studentPlans VALUES('D4000042B', TRUE, 'CS4350', 'AY 16/17 Sem 1');
INSERT INTO studentPlans VALUES('D4000042B', TRUE, 'XFC4101', 'AY 16/17 Sem 1');
INSERT INTO studentPlans VALUES('D4000042B', FALSE, 'CS4340', 'AY 16/17 Sem 2');
INSERT INTO studentPlans VALUES('D4000042B', FALSE, 'CS4244', 'AY 16/17 Sem 2');
INSERT INTO studentPlans VALUES('D4000042B', FALSE, 'CS4236', 'AY 16/17 Sem 2');
INSERT INTO studentPlans VALUES('D4000042B', FALSE, 'CS4217', 'AY 16/17 Sem 2');
INSERT INTO studentPlans VALUES('D4000042B', FALSE, 'CS4237', 'AY 16/17 Sem 2');

INSERT INTO student VALUES('D4000043B', 4);
INSERT INTO takesFocusArea VALUES('D4000043B', 'Parallel Computing', NULL);
INSERT INTO studentPlans VALUES('D4000043B', TRUE, 'CS4239', 'AY 16/17 Sem 1');
INSERT INTO studentPlans VALUES('D4000043B', TRUE, 'CS4247', 'AY 16/17 Sem 1');
INSERT INTO studentPlans VALUES('D4000043B', TRUE, 'CS4222', 'AY 16/17 Sem 1');
INSERT INTO studentPlans VALUES('D4000043B', TRUE, 'CS4212', 'AY 16/17 Sem 1');
INSERT INTO studentPlans VALUES('D4000043B', TRUE, 'CS4344', 'AY 16/17 Sem 1');
INSERT INTO studentPlans VALUES('D4000043B', FALSE, 'CS4226', 'AY 16/17 Sem 2');
INSERT INTO studentPlans VALUES('D4000043B', FALSE, 'CS4880', 'AY 16/17 Sem 2');
INSERT INTO studentPlans VALUES('D4000043B', FALSE, 'CP4101', 'AY 16/17 Sem 2');
INSERT INTO studentPlans VALUES('D4000043B', FALSE, 'CS4234', 'AY 16/17 Sem 2');
INSERT INTO studentPlans VALUES('D4000043B', FALSE, 'CS4221', 'AY 16/17 Sem 2');

INSERT INTO student VALUES('D4000044B', 4);
INSERT INTO takesFocusArea VALUES('D4000044B', 'Computer Security', NULL);
INSERT INTO studentPlans VALUES('D4000044B', TRUE, 'CS4236', 'AY 16/17 Sem 1');
INSERT INTO studentPlans VALUES('D4000044B', TRUE, 'CS4225', 'AY 16/17 Sem 1');
INSERT INTO studentPlans VALUES('D4000044B', TRUE, 'CS4247', 'AY 16/17 Sem 1');
INSERT INTO studentPlans VALUES('D4000044B', TRUE, 'CS4234', 'AY 16/17 Sem 1');
INSERT INTO studentPlans VALUES('D4000044B', TRUE, 'CS4246', 'AY 16/17 Sem 1');
INSERT INTO studentPlans VALUES('D4000044B', FALSE, 'CS4340', 'AY 16/17 Sem 2');
INSERT INTO studentPlans VALUES('D4000044B', FALSE, 'CS4244', 'AY 16/17 Sem 2');
INSERT INTO studentPlans VALUES('D4000044B', FALSE, 'CS4271', 'AY 16/17 Sem 2');
INSERT INTO studentPlans VALUES('D4000044B', FALSE, 'CS4214', 'AY 16/17 Sem 2');
INSERT INTO studentPlans VALUES('D4000044B', FALSE, 'CS4243', 'AY 16/17 Sem 2');

INSERT INTO student VALUES('D4000045B', 4);
INSERT INTO takesFocusArea VALUES('D4000045B', 'Computer Security', NULL);
INSERT INTO studentPlans VALUES('D4000045B', TRUE, 'CS4247', 'AY 16/17 Sem 1');
INSERT INTO studentPlans VALUES('D4000045B', TRUE, 'CS4234', 'AY 16/17 Sem 1');
INSERT INTO studentPlans VALUES('D4000045B', TRUE, 'CS4347', 'AY 16/17 Sem 1');
INSERT INTO studentPlans VALUES('D4000045B', TRUE, 'CS4236', 'AY 16/17 Sem 1');
INSERT INTO studentPlans VALUES('D4000045B', TRUE, 'CS4241', 'AY 16/17 Sem 1');
INSERT INTO studentPlans VALUES('D4000045B', FALSE, 'CS4226', 'AY 16/17 Sem 2');
INSERT INTO studentPlans VALUES('D4000045B', FALSE, 'CS4239', 'AY 16/17 Sem 2');
INSERT INTO studentPlans VALUES('D4000045B', FALSE, 'CS4225', 'AY 16/17 Sem 2');
INSERT INTO studentPlans VALUES('D4000045B', FALSE, 'CS4242', 'AY 16/17 Sem 2');
INSERT INTO studentPlans VALUES('D4000045B', FALSE, 'CS4345', 'AY 16/17 Sem 2');

INSERT INTO student VALUES('D4000046B', 4);
INSERT INTO takesFocusArea VALUES('D4000046B', 'Parallel Computing', NULL);
INSERT INTO studentPlans VALUES('D4000046B', TRUE, 'XFC4101', 'AY 16/17 Sem 1');
INSERT INTO studentPlans VALUES('D4000046B', TRUE, 'CS4244', 'AY 16/17 Sem 1');
INSERT INTO studentPlans VALUES('D4000046B', TRUE, 'CS4214', 'AY 16/17 Sem 1');
INSERT INTO studentPlans VALUES('D4000046B', TRUE, 'CS4215', 'AY 16/17 Sem 1');
INSERT INTO studentPlans VALUES('D4000046B', TRUE, 'CS4240', 'AY 16/17 Sem 1');
INSERT INTO studentPlans VALUES('D4000046B', FALSE, 'CS4224', 'AY 16/17 Sem 2');
INSERT INTO studentPlans VALUES('D4000046B', FALSE, 'CS4243', 'AY 16/17 Sem 2');
INSERT INTO studentPlans VALUES('D4000046B', FALSE, 'CS4211', 'AY 16/17 Sem 2');
INSERT INTO studentPlans VALUES('D4000046B', FALSE, 'CS4340', 'AY 16/17 Sem 2');
INSERT INTO studentPlans VALUES('D4000046B', FALSE, 'CS4246', 'AY 16/17 Sem 2');

INSERT INTO student VALUES('D4000047B', 4);
INSERT INTO takesFocusArea VALUES('D4000047B', 'Networking and Distributed Systems', NULL);
INSERT INTO studentPlans VALUES('D4000047B', TRUE, 'CS4248', 'AY 16/17 Sem 1');
INSERT INTO studentPlans VALUES('D4000047B', TRUE, 'CS4234', 'AY 16/17 Sem 1');
INSERT INTO studentPlans VALUES('D4000047B', TRUE, 'CS4340', 'AY 16/17 Sem 1');
INSERT INTO studentPlans VALUES('D4000047B', TRUE, 'CS4235', 'AY 16/17 Sem 1');
INSERT INTO studentPlans VALUES('D4000047B', TRUE, 'CS4244', 'AY 16/17 Sem 1');
INSERT INTO studentPlans VALUES('D4000047B', FALSE, 'CS4241', 'AY 16/17 Sem 2');
INSERT INTO studentPlans VALUES('D4000047B', FALSE, 'CS4271', 'AY 16/17 Sem 2');
INSERT INTO studentPlans VALUES('D4000047B', FALSE, 'CS4221', 'AY 16/17 Sem 2');
INSERT INTO studentPlans VALUES('D4000047B', FALSE, 'CS4220', 'AY 16/17 Sem 2');
INSERT INTO studentPlans VALUES('D4000047B', FALSE, 'CS4237', 'AY 16/17 Sem 2');

INSERT INTO student VALUES('D4000048B', 4);
INSERT INTO takesFocusArea VALUES('D4000048B', 'Parallel Computing', NULL);
INSERT INTO studentPlans VALUES('D4000048B', TRUE, 'CS4275', 'AY 16/17 Sem 1');
INSERT INTO studentPlans VALUES('D4000048B', TRUE, 'CS4214', 'AY 16/17 Sem 1');
INSERT INTO studentPlans VALUES('D4000048B', TRUE, 'CS4238', 'AY 16/17 Sem 1');
INSERT INTO studentPlans VALUES('D4000048B', TRUE, 'CS4234', 'AY 16/17 Sem 1');
INSERT INTO studentPlans VALUES('D4000048B', TRUE, 'CS4237', 'AY 16/17 Sem 1');
INSERT INTO studentPlans VALUES('D4000048B', FALSE, 'CS4244', 'AY 16/17 Sem 2');
INSERT INTO studentPlans VALUES('D4000048B', FALSE, 'CS4247', 'AY 16/17 Sem 2');
INSERT INTO studentPlans VALUES('D4000048B', FALSE, 'CS4236', 'AY 16/17 Sem 2');
INSERT INTO studentPlans VALUES('D4000048B', FALSE, 'CS4226', 'AY 16/17 Sem 2');
INSERT INTO studentPlans VALUES('D4000048B', FALSE, 'CS4235', 'AY 16/17 Sem 2');

INSERT INTO student VALUES('D4000049B', 4);
INSERT INTO takesFocusArea VALUES('D4000049B', 'Computer Security', NULL);
INSERT INTO studentPlans VALUES('D4000049B', TRUE, 'CS4215', 'AY 16/17 Sem 1');
INSERT INTO studentPlans VALUES('D4000049B', TRUE, 'CS4234', 'AY 16/17 Sem 1');
INSERT INTO studentPlans VALUES('D4000049B', TRUE, 'CS4220', 'AY 16/17 Sem 1');
INSERT INTO studentPlans VALUES('D4000049B', TRUE, 'CS4236', 'AY 16/17 Sem 1');
INSERT INTO studentPlans VALUES('D4000049B', TRUE, 'CS4212', 'AY 16/17 Sem 1');
INSERT INTO studentPlans VALUES('D4000049B', FALSE, 'CP4101', 'AY 16/17 Sem 2');
INSERT INTO studentPlans VALUES('D4000049B', FALSE, 'CS4241', 'AY 16/17 Sem 2');
INSERT INTO studentPlans VALUES('D4000049B', FALSE, 'CS4238', 'AY 16/17 Sem 2');
INSERT INTO studentPlans VALUES('D4000049B', FALSE, 'CS4350', 'AY 16/17 Sem 2');
INSERT INTO studentPlans VALUES('D4000049B', FALSE, 'CS4222', 'AY 16/17 Sem 2');

INSERT INTO student VALUES('D4000050B', 4);
INSERT INTO takesFocusArea VALUES('D4000050B', 'Interactive Media', NULL);
INSERT INTO studentPlans VALUES('D4000050B', TRUE, 'CS4221', 'AY 16/17 Sem 1');
INSERT INTO studentPlans VALUES('D4000050B', TRUE, 'CS4235', 'AY 16/17 Sem 1');
INSERT INTO studentPlans VALUES('D4000050B', TRUE, 'CS4350', 'AY 16/17 Sem 1');
INSERT INTO studentPlans VALUES('D4000050B', TRUE, 'CS4248', 'AY 16/17 Sem 1');
INSERT INTO studentPlans VALUES('D4000050B', TRUE, 'CS4247', 'AY 16/17 Sem 1');
INSERT INTO studentPlans VALUES('D4000050B', FALSE, 'CS4237', 'AY 16/17 Sem 2');
INSERT INTO studentPlans VALUES('D4000050B', FALSE, 'CS4275', 'AY 16/17 Sem 2');
INSERT INTO studentPlans VALUES('D4000050B', FALSE, 'CS4224', 'AY 16/17 Sem 2');
INSERT INTO studentPlans VALUES('D4000050B', FALSE, 'CS4239', 'AY 16/17 Sem 2');
INSERT INTO studentPlans VALUES('D4000050B', FALSE, 'CS4246', 'AY 16/17 Sem 2');

INSERT INTO student VALUES('D4000051B', 4);
INSERT INTO takesFocusArea VALUES('D4000051B', 'Database Systems', NULL);
INSERT INTO studentPlans VALUES('D4000051B', TRUE, 'CS4248', 'AY 16/17 Sem 1');
INSERT INTO studentPlans VALUES('D4000051B', TRUE, 'CS4340', 'AY 16/17 Sem 1');
INSERT INTO studentPlans VALUES('D4000051B', TRUE, 'CS4240', 'AY 16/17 Sem 1');
INSERT INTO studentPlans VALUES('D4000051B', TRUE, 'CS4225', 'AY 16/17 Sem 1');
INSERT INTO studentPlans VALUES('D4000051B', TRUE, 'CS4218', 'AY 16/17 Sem 1');
INSERT INTO studentPlans VALUES('D4000051B', FALSE, 'CS4271', 'AY 16/17 Sem 2');
INSERT INTO studentPlans VALUES('D4000051B', FALSE, 'CS4235', 'AY 16/17 Sem 2');
INSERT INTO studentPlans VALUES('D4000051B', FALSE, 'CS4242', 'AY 16/17 Sem 2');
INSERT INTO studentPlans VALUES('D4000051B', FALSE, 'CS4214', 'AY 16/17 Sem 2');
INSERT INTO studentPlans VALUES('D4000051B', FALSE, 'CS4222', 'AY 16/17 Sem 2');

INSERT INTO student VALUES('D4000052B', 4);
INSERT INTO takesFocusArea VALUES('D4000052B', 'Programming Languages', NULL);
INSERT INTO studentPlans VALUES('D4000052B', TRUE, 'CS4217', 'AY 16/17 Sem 1');
INSERT INTO studentPlans VALUES('D4000052B', TRUE, 'CS4242', 'AY 16/17 Sem 1');
INSERT INTO studentPlans VALUES('D4000052B', TRUE, 'CS4226', 'AY 16/17 Sem 1');
INSERT INTO studentPlans VALUES('D4000052B', TRUE, 'CS4244', 'AY 16/17 Sem 1');
INSERT INTO studentPlans VALUES('D4000052B', TRUE, 'CS4249', 'AY 16/17 Sem 1');
INSERT INTO studentPlans VALUES('D4000052B', FALSE, 'XFC4101', 'AY 16/17 Sem 2');
INSERT INTO studentPlans VALUES('D4000052B', FALSE, 'CS4240', 'AY 16/17 Sem 2');
INSERT INTO studentPlans VALUES('D4000052B', FALSE, 'CP4101', 'AY 16/17 Sem 2');
INSERT INTO studentPlans VALUES('D4000052B', FALSE, 'CS4218', 'AY 16/17 Sem 2');
INSERT INTO studentPlans VALUES('D4000052B', FALSE, 'CS4214', 'AY 16/17 Sem 2');

INSERT INTO student VALUES('D4000053B', 4);
INSERT INTO takesFocusArea VALUES('D4000053B', 'Multimedia Information Retrieval', NULL);
INSERT INTO studentPlans VALUES('D4000053B', TRUE, 'CS4222', 'AY 16/17 Sem 1');
INSERT INTO studentPlans VALUES('D4000053B', TRUE, 'CS4238', 'AY 16/17 Sem 1');
INSERT INTO studentPlans VALUES('D4000053B', TRUE, 'CS4347', 'AY 16/17 Sem 1');
INSERT INTO studentPlans VALUES('D4000053B', TRUE, 'CS4242', 'AY 16/17 Sem 1');
INSERT INTO studentPlans VALUES('D4000053B', TRUE, 'CS4239', 'AY 16/17 Sem 1');
INSERT INTO studentPlans VALUES('D4000053B', FALSE, 'CS4271', 'AY 16/17 Sem 2');
INSERT INTO studentPlans VALUES('D4000053B', FALSE, 'CS4247', 'AY 16/17 Sem 2');
INSERT INTO studentPlans VALUES('D4000053B', FALSE, 'CS4340', 'AY 16/17 Sem 2');
INSERT INTO studentPlans VALUES('D4000053B', FALSE, 'CS4350', 'AY 16/17 Sem 2');
INSERT INTO studentPlans VALUES('D4000053B', FALSE, 'CS4211', 'AY 16/17 Sem 2');

INSERT INTO student VALUES('D4000054B', 4);
INSERT INTO takesFocusArea VALUES('D4000054B', 'Interactive Media', NULL);
INSERT INTO studentPlans VALUES('D4000054B', TRUE, 'CS4222', 'AY 16/17 Sem 1');
INSERT INTO studentPlans VALUES('D4000054B', TRUE, 'CS4239', 'AY 16/17 Sem 1');
INSERT INTO studentPlans VALUES('D4000054B', TRUE, 'CS4340', 'AY 16/17 Sem 1');
INSERT INTO studentPlans VALUES('D4000054B', TRUE, 'CS4216', 'AY 16/17 Sem 1');
INSERT INTO studentPlans VALUES('D4000054B', TRUE, 'CS4248', 'AY 16/17 Sem 1');
INSERT INTO studentPlans VALUES('D4000054B', FALSE, 'CS4231', 'AY 16/17 Sem 2');
INSERT INTO studentPlans VALUES('D4000054B', FALSE, 'XFC4101', 'AY 16/17 Sem 2');
INSERT INTO studentPlans VALUES('D4000054B', FALSE, 'CS4218', 'AY 16/17 Sem 2');
INSERT INTO studentPlans VALUES('D4000054B', FALSE, 'CS4223', 'AY 16/17 Sem 2');
INSERT INTO studentPlans VALUES('D4000054B', FALSE, 'CS4214', 'AY 16/17 Sem 2');

INSERT INTO student VALUES('D4000055B', 4);
INSERT INTO takesFocusArea VALUES('D4000055B', 'Artificial Intelligence', NULL);
INSERT INTO studentPlans VALUES('D4000055B', TRUE, 'CS4241', 'AY 16/17 Sem 1');
INSERT INTO studentPlans VALUES('D4000055B', TRUE, 'CS4214', 'AY 16/17 Sem 1');
INSERT INTO studentPlans VALUES('D4000055B', TRUE, 'CS4234', 'AY 16/17 Sem 1');
INSERT INTO studentPlans VALUES('D4000055B', TRUE, 'CS4275', 'AY 16/17 Sem 1');
INSERT INTO studentPlans VALUES('D4000055B', TRUE, 'CS4247', 'AY 16/17 Sem 1');
INSERT INTO studentPlans VALUES('D4000055B', FALSE, 'CS4218', 'AY 16/17 Sem 2');
INSERT INTO studentPlans VALUES('D4000055B', FALSE, 'CS4246', 'AY 16/17 Sem 2');
INSERT INTO studentPlans VALUES('D4000055B', FALSE, 'XFC4101', 'AY 16/17 Sem 2');
INSERT INTO studentPlans VALUES('D4000055B', FALSE, 'CP4101', 'AY 16/17 Sem 2');
INSERT INTO studentPlans VALUES('D4000055B', FALSE, 'CS4347', 'AY 16/17 Sem 2');

INSERT INTO student VALUES('D4000056B', 4);
INSERT INTO takesFocusArea VALUES('D4000056B', 'Interactive Media', NULL);
INSERT INTO studentPlans VALUES('D4000056B', TRUE, 'CS4239', 'AY 16/17 Sem 1');
INSERT INTO studentPlans VALUES('D4000056B', TRUE, 'CS4242', 'AY 16/17 Sem 1');
INSERT INTO studentPlans VALUES('D4000056B', TRUE, 'CS4241', 'AY 16/17 Sem 1');
INSERT INTO studentPlans VALUES('D4000056B', TRUE, 'CS4347', 'AY 16/17 Sem 1');
INSERT INTO studentPlans VALUES('D4000056B', TRUE, 'CS4222', 'AY 16/17 Sem 1');
INSERT INTO studentPlans VALUES('D4000056B', FALSE, 'CS4232', 'AY 16/17 Sem 2');
INSERT INTO studentPlans VALUES('D4000056B', FALSE, 'CS4249', 'AY 16/17 Sem 2');
INSERT INTO studentPlans VALUES('D4000056B', FALSE, 'CS4236', 'AY 16/17 Sem 2');
INSERT INTO studentPlans VALUES('D4000056B', FALSE, 'CS4214', 'AY 16/17 Sem 2');
INSERT INTO studentPlans VALUES('D4000056B', FALSE, 'CS4224', 'AY 16/17 Sem 2');

INSERT INTO student VALUES('D4000057B', 4);
INSERT INTO takesFocusArea VALUES('D4000057B', 'Computer Security', NULL);
INSERT INTO studentPlans VALUES('D4000057B', TRUE, 'CS4347', 'AY 16/17 Sem 1');
INSERT INTO studentPlans VALUES('D4000057B', TRUE, 'CS4215', 'AY 16/17 Sem 1');
INSERT INTO studentPlans VALUES('D4000057B', TRUE, 'CS4231', 'AY 16/17 Sem 1');
INSERT INTO studentPlans VALUES('D4000057B', TRUE, 'CS4226', 'AY 16/17 Sem 1');
INSERT INTO studentPlans VALUES('D4000057B', TRUE, 'CS4232', 'AY 16/17 Sem 1');
INSERT INTO studentPlans VALUES('D4000057B', FALSE, 'CS4214', 'AY 16/17 Sem 2');
INSERT INTO studentPlans VALUES('D4000057B', FALSE, 'CS4345', 'AY 16/17 Sem 2');
INSERT INTO studentPlans VALUES('D4000057B', FALSE, 'CS4217', 'AY 16/17 Sem 2');
INSERT INTO studentPlans VALUES('D4000057B', FALSE, 'CS4239', 'AY 16/17 Sem 2');
INSERT INTO studentPlans VALUES('D4000057B', FALSE, 'CS4247', 'AY 16/17 Sem 2');

INSERT INTO student VALUES('D4000058B', 4);
INSERT INTO takesFocusArea VALUES('D4000058B', 'Algorithms & Theory', NULL);
INSERT INTO studentPlans VALUES('D4000058B', TRUE, 'CS4226', 'AY 16/17 Sem 1');
INSERT INTO studentPlans VALUES('D4000058B', TRUE, 'CS4347', 'AY 16/17 Sem 1');
INSERT INTO studentPlans VALUES('D4000058B', TRUE, 'XFC4101', 'AY 16/17 Sem 1');
INSERT INTO studentPlans VALUES('D4000058B', TRUE, 'CS4224', 'AY 16/17 Sem 1');
INSERT INTO studentPlans VALUES('D4000058B', TRUE, 'CS4345', 'AY 16/17 Sem 1');
INSERT INTO studentPlans VALUES('D4000058B', FALSE, 'CS4211', 'AY 16/17 Sem 2');
INSERT INTO studentPlans VALUES('D4000058B', FALSE, 'CS4275', 'AY 16/17 Sem 2');
INSERT INTO studentPlans VALUES('D4000058B', FALSE, 'CS4248', 'AY 16/17 Sem 2');
INSERT INTO studentPlans VALUES('D4000058B', FALSE, 'CS4234', 'AY 16/17 Sem 2');
INSERT INTO studentPlans VALUES('D4000058B', FALSE, 'CS4217', 'AY 16/17 Sem 2');

INSERT INTO student VALUES('D4000059B', 4);
INSERT INTO takesFocusArea VALUES('D4000059B', 'Computer Security', NULL);
INSERT INTO studentPlans VALUES('D4000059B', TRUE, 'CS4232', 'AY 16/17 Sem 1');
INSERT INTO studentPlans VALUES('D4000059B', TRUE, 'CS4240', 'AY 16/17 Sem 1');
INSERT INTO studentPlans VALUES('D4000059B', TRUE, 'CS4226', 'AY 16/17 Sem 1');
INSERT INTO studentPlans VALUES('D4000059B', TRUE, 'XFC4101', 'AY 16/17 Sem 1');
INSERT INTO studentPlans VALUES('D4000059B', TRUE, 'CS4223', 'AY 16/17 Sem 1');
INSERT INTO studentPlans VALUES('D4000059B', FALSE, 'CS4217', 'AY 16/17 Sem 2');
INSERT INTO studentPlans VALUES('D4000059B', FALSE, 'CS4243', 'AY 16/17 Sem 2');
INSERT INTO studentPlans VALUES('D4000059B', FALSE, 'CS4236', 'AY 16/17 Sem 2');
INSERT INTO studentPlans VALUES('D4000059B', FALSE, 'CS4345', 'AY 16/17 Sem 2');
INSERT INTO studentPlans VALUES('D4000059B', FALSE, 'CS4242', 'AY 16/17 Sem 2');

INSERT INTO student VALUES('D4000060B', 4);
INSERT INTO takesFocusArea VALUES('D4000060B', 'Interactive Media', NULL);
INSERT INTO studentPlans VALUES('D4000060B', TRUE, 'CS4218', 'AY 16/17 Sem 1');
INSERT INTO studentPlans VALUES('D4000060B', TRUE, 'CS4240', 'AY 16/17 Sem 1');
INSERT INTO studentPlans VALUES('D4000060B', TRUE, 'CS4340', 'AY 16/17 Sem 1');
INSERT INTO studentPlans VALUES('D4000060B', TRUE, 'CS4246', 'AY 16/17 Sem 1');
INSERT INTO studentPlans VALUES('D4000060B', TRUE, 'CS4880', 'AY 16/17 Sem 1');
INSERT INTO studentPlans VALUES('D4000060B', FALSE, 'CS4222', 'AY 16/17 Sem 2');
INSERT INTO studentPlans VALUES('D4000060B', FALSE, 'CS4221', 'AY 16/17 Sem 2');
INSERT INTO studentPlans VALUES('D4000060B', FALSE, 'CS4241', 'AY 16/17 Sem 2');
INSERT INTO studentPlans VALUES('D4000060B', FALSE, 'CS4247', 'AY 16/17 Sem 2');
INSERT INTO studentPlans VALUES('D4000060B', FALSE, 'CS4239', 'AY 16/17 Sem 2');

INSERT INTO student VALUES('D4000061B', 4);
INSERT INTO takesFocusArea VALUES('D4000061B', 'Software Engineering', NULL);
INSERT INTO studentPlans VALUES('D4000061B', TRUE, 'CS4218', 'AY 16/17 Sem 1');
INSERT INTO studentPlans VALUES('D4000061B', TRUE, 'CS4249', 'AY 16/17 Sem 1');
INSERT INTO studentPlans VALUES('D4000061B', TRUE, 'CS4221', 'AY 16/17 Sem 1');
INSERT INTO studentPlans VALUES('D4000061B', TRUE, 'CS4234', 'AY 16/17 Sem 1');
INSERT INTO studentPlans VALUES('D4000061B', TRUE, 'CS4225', 'AY 16/17 Sem 1');
INSERT INTO studentPlans VALUES('D4000061B', FALSE, 'CS4241', 'AY 16/17 Sem 2');
INSERT INTO studentPlans VALUES('D4000061B', FALSE, 'CS4244', 'AY 16/17 Sem 2');
INSERT INTO studentPlans VALUES('D4000061B', FALSE, 'CS4248', 'AY 16/17 Sem 2');
INSERT INTO studentPlans VALUES('D4000061B', FALSE, 'CS4236', 'AY 16/17 Sem 2');
INSERT INTO studentPlans VALUES('D4000061B', FALSE, 'CS4238', 'AY 16/17 Sem 2');

INSERT INTO student VALUES('D4000062B', 4);
INSERT INTO takesFocusArea VALUES('D4000062B', 'Artificial Intelligence', NULL);
INSERT INTO studentPlans VALUES('D4000062B', TRUE, 'CS4220', 'AY 16/17 Sem 1');
INSERT INTO studentPlans VALUES('D4000062B', TRUE, 'CS4235', 'AY 16/17 Sem 1');
INSERT INTO studentPlans VALUES('D4000062B', TRUE, 'CS4275', 'AY 16/17 Sem 1');
INSERT INTO studentPlans VALUES('D4000062B', TRUE, 'CS4240', 'AY 16/17 Sem 1');
INSERT INTO studentPlans VALUES('D4000062B', TRUE, 'CS4271', 'AY 16/17 Sem 1');
INSERT INTO studentPlans VALUES('D4000062B', FALSE, 'CS4225', 'AY 16/17 Sem 2');
INSERT INTO studentPlans VALUES('D4000062B', FALSE, 'CS4215', 'AY 16/17 Sem 2');
INSERT INTO studentPlans VALUES('D4000062B', FALSE, 'CS4340', 'AY 16/17 Sem 2');
INSERT INTO studentPlans VALUES('D4000062B', FALSE, 'XFC4101', 'AY 16/17 Sem 2');
INSERT INTO studentPlans VALUES('D4000062B', FALSE, 'CS4246', 'AY 16/17 Sem 2');

INSERT INTO student VALUES('D4000063B', 4);
INSERT INTO takesFocusArea VALUES('D4000063B', 'Computer Security', NULL);
INSERT INTO studentPlans VALUES('D4000063B', TRUE, 'CS4218', 'AY 16/17 Sem 1');
INSERT INTO studentPlans VALUES('D4000063B', TRUE, 'CS4880', 'AY 16/17 Sem 1');
INSERT INTO studentPlans VALUES('D4000063B', TRUE, 'CS4340', 'AY 16/17 Sem 1');
INSERT INTO studentPlans VALUES('D4000063B', TRUE, 'CS4241', 'AY 16/17 Sem 1');
INSERT INTO studentPlans VALUES('D4000063B', TRUE, 'CS4234', 'AY 16/17 Sem 1');
INSERT INTO studentPlans VALUES('D4000063B', FALSE, 'CS4246', 'AY 16/17 Sem 2');
INSERT INTO studentPlans VALUES('D4000063B', FALSE, 'CS4247', 'AY 16/17 Sem 2');
INSERT INTO studentPlans VALUES('D4000063B', FALSE, 'CS4216', 'AY 16/17 Sem 2');
INSERT INTO studentPlans VALUES('D4000063B', FALSE, 'CS4212', 'AY 16/17 Sem 2');
INSERT INTO studentPlans VALUES('D4000063B', FALSE, 'CP4101', 'AY 16/17 Sem 2');

INSERT INTO student VALUES('D4000064B', 4);
INSERT INTO takesFocusArea VALUES('D4000064B', 'Artificial Intelligence', NULL);
INSERT INTO studentPlans VALUES('D4000064B', TRUE, 'CS4225', 'AY 16/17 Sem 1');
INSERT INTO studentPlans VALUES('D4000064B', TRUE, 'CS4275', 'AY 16/17 Sem 1');
INSERT INTO studentPlans VALUES('D4000064B', TRUE, 'CS4880', 'AY 16/17 Sem 1');
INSERT INTO studentPlans VALUES('D4000064B', TRUE, 'CS4246', 'AY 16/17 Sem 1');
INSERT INTO studentPlans VALUES('D4000064B', TRUE, 'CS4224', 'AY 16/17 Sem 1');
INSERT INTO studentPlans VALUES('D4000064B', FALSE, 'XFC4101', 'AY 16/17 Sem 2');
INSERT INTO studentPlans VALUES('D4000064B', FALSE, 'CS4222', 'AY 16/17 Sem 2');
INSERT INTO studentPlans VALUES('D4000064B', FALSE, 'CS4242', 'AY 16/17 Sem 2');
INSERT INTO studentPlans VALUES('D4000064B', FALSE, 'CS4216', 'AY 16/17 Sem 2');
INSERT INTO studentPlans VALUES('D4000064B', FALSE, 'CS4212', 'AY 16/17 Sem 2');

INSERT INTO student VALUES('D4000065B', 4);
INSERT INTO takesFocusArea VALUES('D4000065B', 'Computer Graphics and Games', NULL);
INSERT INTO studentPlans VALUES('D4000065B', TRUE, 'CS4212', 'AY 16/17 Sem 1');
INSERT INTO studentPlans VALUES('D4000065B', TRUE, 'CS4237', 'AY 16/17 Sem 1');
INSERT INTO studentPlans VALUES('D4000065B', TRUE, 'CS4340', 'AY 16/17 Sem 1');
INSERT INTO studentPlans VALUES('D4000065B', TRUE, 'CS4231', 'AY 16/17 Sem 1');
INSERT INTO studentPlans VALUES('D4000065B', TRUE, 'CS4222', 'AY 16/17 Sem 1');
INSERT INTO studentPlans VALUES('D4000065B', FALSE, 'CS4226', 'AY 16/17 Sem 2');
INSERT INTO studentPlans VALUES('D4000065B', FALSE, 'CS4216', 'AY 16/17 Sem 2');
INSERT INTO studentPlans VALUES('D4000065B', FALSE, 'CS4243', 'AY 16/17 Sem 2');
INSERT INTO studentPlans VALUES('D4000065B', FALSE, 'CS4345', 'AY 16/17 Sem 2');
INSERT INTO studentPlans VALUES('D4000065B', FALSE, 'CS4249', 'AY 16/17 Sem 2');

INSERT INTO student VALUES('D4000066B', 4);
INSERT INTO takesFocusArea VALUES('D4000066B', 'Artificial Intelligence', NULL);
INSERT INTO studentPlans VALUES('D4000066B', TRUE, 'CS4220', 'AY 16/17 Sem 1');
INSERT INTO studentPlans VALUES('D4000066B', TRUE, 'CS4214', 'AY 16/17 Sem 1');
INSERT INTO studentPlans VALUES('D4000066B', TRUE, 'CS4231', 'AY 16/17 Sem 1');
INSERT INTO studentPlans VALUES('D4000066B', TRUE, 'CS4240', 'AY 16/17 Sem 1');
INSERT INTO studentPlans VALUES('D4000066B', TRUE, 'CS4271', 'AY 16/17 Sem 1');
INSERT INTO studentPlans VALUES('D4000066B', FALSE, 'CS4344', 'AY 16/17 Sem 2');
INSERT INTO studentPlans VALUES('D4000066B', FALSE, 'CS4238', 'AY 16/17 Sem 2');
INSERT INTO studentPlans VALUES('D4000066B', FALSE, 'CS4350', 'AY 16/17 Sem 2');
INSERT INTO studentPlans VALUES('D4000066B', FALSE, 'CS4246', 'AY 16/17 Sem 2');
INSERT INTO studentPlans VALUES('D4000066B', FALSE, 'XFC4101', 'AY 16/17 Sem 2');

INSERT INTO student VALUES('D4000067B', 4);
INSERT INTO takesFocusArea VALUES('D4000067B', 'Visual Computing', NULL);
INSERT INTO studentPlans VALUES('D4000067B', TRUE, 'CS4226', 'AY 16/17 Sem 1');
INSERT INTO studentPlans VALUES('D4000067B', TRUE, 'CS4344', 'AY 16/17 Sem 1');
INSERT INTO studentPlans VALUES('D4000067B', TRUE, 'CS4340', 'AY 16/17 Sem 1');
INSERT INTO studentPlans VALUES('D4000067B', TRUE, 'CS4235', 'AY 16/17 Sem 1');
INSERT INTO studentPlans VALUES('D4000067B', TRUE, 'CS4248', 'AY 16/17 Sem 1');
INSERT INTO studentPlans VALUES('D4000067B', FALSE, 'CS4244', 'AY 16/17 Sem 2');
INSERT INTO studentPlans VALUES('D4000067B', FALSE, 'CS4211', 'AY 16/17 Sem 2');
INSERT INTO studentPlans VALUES('D4000067B', FALSE, 'CS4271', 'AY 16/17 Sem 2');
INSERT INTO studentPlans VALUES('D4000067B', FALSE, 'CS4350', 'AY 16/17 Sem 2');
INSERT INTO studentPlans VALUES('D4000067B', FALSE, 'CS4237', 'AY 16/17 Sem 2');

INSERT INTO student VALUES('D4000068B', 4);
INSERT INTO takesFocusArea VALUES('D4000068B', 'Computer Security', NULL);
INSERT INTO studentPlans VALUES('D4000068B', TRUE, 'CS4244', 'AY 16/17 Sem 1');
INSERT INTO studentPlans VALUES('D4000068B', TRUE, 'CS4217', 'AY 16/17 Sem 1');
INSERT INTO studentPlans VALUES('D4000068B', TRUE, 'CS4235', 'AY 16/17 Sem 1');
INSERT INTO studentPlans VALUES('D4000068B', TRUE, 'CS4344', 'AY 16/17 Sem 1');
INSERT INTO studentPlans VALUES('D4000068B', TRUE, 'CS4243', 'AY 16/17 Sem 1');
INSERT INTO studentPlans VALUES('D4000068B', FALSE, 'CS4226', 'AY 16/17 Sem 2');
INSERT INTO studentPlans VALUES('D4000068B', FALSE, 'CS4214', 'AY 16/17 Sem 2');
INSERT INTO studentPlans VALUES('D4000068B', FALSE, 'CS4350', 'AY 16/17 Sem 2');
INSERT INTO studentPlans VALUES('D4000068B', FALSE, 'CS4247', 'AY 16/17 Sem 2');
INSERT INTO studentPlans VALUES('D4000068B', FALSE, 'CS4221', 'AY 16/17 Sem 2');

INSERT INTO student VALUES('D4000069B', 4);
INSERT INTO takesFocusArea VALUES('D4000069B', 'Multimedia Information Retrieval', NULL);
INSERT INTO studentPlans VALUES('D4000069B', TRUE, 'CS4275', 'AY 16/17 Sem 1');
INSERT INTO studentPlans VALUES('D4000069B', TRUE, 'CP4101', 'AY 16/17 Sem 1');
INSERT INTO studentPlans VALUES('D4000069B', TRUE, 'CS4347', 'AY 16/17 Sem 1');
INSERT INTO studentPlans VALUES('D4000069B', TRUE, 'CS4223', 'AY 16/17 Sem 1');
INSERT INTO studentPlans VALUES('D4000069B', TRUE, 'CS4247', 'AY 16/17 Sem 1');
INSERT INTO studentPlans VALUES('D4000069B', FALSE, 'CS4232', 'AY 16/17 Sem 2');
INSERT INTO studentPlans VALUES('D4000069B', FALSE, 'CS4218', 'AY 16/17 Sem 2');
INSERT INTO studentPlans VALUES('D4000069B', FALSE, 'CS4217', 'AY 16/17 Sem 2');
INSERT INTO studentPlans VALUES('D4000069B', FALSE, 'CS4345', 'AY 16/17 Sem 2');
INSERT INTO studentPlans VALUES('D4000069B', FALSE, 'CS4880', 'AY 16/17 Sem 2');

INSERT INTO student VALUES('D4000070B', 4);
INSERT INTO takesFocusArea VALUES('D4000070B', 'Interactive Media', NULL);
INSERT INTO studentPlans VALUES('D4000070B', TRUE, 'CS4249', 'AY 16/17 Sem 1');
INSERT INTO studentPlans VALUES('D4000070B', TRUE, 'CS4347', 'AY 16/17 Sem 1');
INSERT INTO studentPlans VALUES('D4000070B', TRUE, 'CS4217', 'AY 16/17 Sem 1');
INSERT INTO studentPlans VALUES('D4000070B', TRUE, 'CS4218', 'AY 16/17 Sem 1');
INSERT INTO studentPlans VALUES('D4000070B', TRUE, 'CS4232', 'AY 16/17 Sem 1');
INSERT INTO studentPlans VALUES('D4000070B', FALSE, 'CS4243', 'AY 16/17 Sem 2');
INSERT INTO studentPlans VALUES('D4000070B', FALSE, 'CS4275', 'AY 16/17 Sem 2');
INSERT INTO studentPlans VALUES('D4000070B', FALSE, 'CS4216', 'AY 16/17 Sem 2');
INSERT INTO studentPlans VALUES('D4000070B', FALSE, 'CS4238', 'AY 16/17 Sem 2');
INSERT INTO studentPlans VALUES('D4000070B', FALSE, 'CS4244', 'AY 16/17 Sem 2');

INSERT INTO student VALUES('D4000071B', 4);
INSERT INTO takesFocusArea VALUES('D4000071B', 'Programming Languages', NULL);
INSERT INTO studentPlans VALUES('D4000071B', TRUE, 'CS4215', 'AY 16/17 Sem 1');
INSERT INTO studentPlans VALUES('D4000071B', TRUE, 'CS4235', 'AY 16/17 Sem 1');
INSERT INTO studentPlans VALUES('D4000071B', TRUE, 'CS4225', 'AY 16/17 Sem 1');
INSERT INTO studentPlans VALUES('D4000071B', TRUE, 'CS4214', 'AY 16/17 Sem 1');
INSERT INTO studentPlans VALUES('D4000071B', TRUE, 'CS4344', 'AY 16/17 Sem 1');
INSERT INTO studentPlans VALUES('D4000071B', FALSE, 'CS4220', 'AY 16/17 Sem 2');
INSERT INTO studentPlans VALUES('D4000071B', FALSE, 'CS4239', 'AY 16/17 Sem 2');
INSERT INTO studentPlans VALUES('D4000071B', FALSE, 'CS4347', 'AY 16/17 Sem 2');
INSERT INTO studentPlans VALUES('D4000071B', FALSE, 'CS4222', 'AY 16/17 Sem 2');
INSERT INTO studentPlans VALUES('D4000071B', FALSE, 'CS4244', 'AY 16/17 Sem 2');

INSERT INTO student VALUES('D4000072B', 4);
INSERT INTO takesFocusArea VALUES('D4000072B', 'Multimedia Information Retrieval', NULL);
INSERT INTO studentPlans VALUES('D4000072B', TRUE, 'CS4237', 'AY 16/17 Sem 1');
INSERT INTO studentPlans VALUES('D4000072B', TRUE, 'CS4240', 'AY 16/17 Sem 1');
INSERT INTO studentPlans VALUES('D4000072B', TRUE, 'CS4211', 'AY 16/17 Sem 1');
INSERT INTO studentPlans VALUES('D4000072B', TRUE, 'CS4246', 'AY 16/17 Sem 1');
INSERT INTO studentPlans VALUES('D4000072B', TRUE, 'CS4340', 'AY 16/17 Sem 1');
INSERT INTO studentPlans VALUES('D4000072B', FALSE, 'CS4880', 'AY 16/17 Sem 2');
INSERT INTO studentPlans VALUES('D4000072B', FALSE, 'CS4234', 'AY 16/17 Sem 2');
INSERT INTO studentPlans VALUES('D4000072B', FALSE, 'CS4225', 'AY 16/17 Sem 2');
INSERT INTO studentPlans VALUES('D4000072B', FALSE, 'CS4347', 'AY 16/17 Sem 2');
INSERT INTO studentPlans VALUES('D4000072B', FALSE, 'XFC4101', 'AY 16/17 Sem 2');

INSERT INTO student VALUES('D4000073B', 4);
INSERT INTO takesFocusArea VALUES('D4000073B', 'Database Systems', NULL);
INSERT INTO studentPlans VALUES('D4000073B', TRUE, 'CS4234', 'AY 16/17 Sem 1');
INSERT INTO studentPlans VALUES('D4000073B', TRUE, 'CS4237', 'AY 16/17 Sem 1');
INSERT INTO studentPlans VALUES('D4000073B', TRUE, 'CS4340', 'AY 16/17 Sem 1');
INSERT INTO studentPlans VALUES('D4000073B', TRUE, 'CS4239', 'AY 16/17 Sem 1');
INSERT INTO studentPlans VALUES('D4000073B', TRUE, 'CS4235', 'AY 16/17 Sem 1');
INSERT INTO studentPlans VALUES('D4000073B', FALSE, 'CS4231', 'AY 16/17 Sem 2');
INSERT INTO studentPlans VALUES('D4000073B', FALSE, 'CS4345', 'AY 16/17 Sem 2');
INSERT INTO studentPlans VALUES('D4000073B', FALSE, 'CS4224', 'AY 16/17 Sem 2');
INSERT INTO studentPlans VALUES('D4000073B', FALSE, 'CS4223', 'AY 16/17 Sem 2');
INSERT INTO studentPlans VALUES('D4000073B', FALSE, 'CS4344', 'AY 16/17 Sem 2');

INSERT INTO student VALUES('D4000074B', 4);
INSERT INTO takesFocusArea VALUES('D4000074B', 'Algorithms & Theory', NULL);
INSERT INTO studentPlans VALUES('D4000074B', TRUE, 'CS4212', 'AY 16/17 Sem 1');
INSERT INTO studentPlans VALUES('D4000074B', TRUE, 'CS4243', 'AY 16/17 Sem 1');
INSERT INTO studentPlans VALUES('D4000074B', TRUE, 'CS4232', 'AY 16/17 Sem 1');
INSERT INTO studentPlans VALUES('D4000074B', TRUE, 'CS4220', 'AY 16/17 Sem 1');
INSERT INTO studentPlans VALUES('D4000074B', TRUE, 'CP4101', 'AY 16/17 Sem 1');
INSERT INTO studentPlans VALUES('D4000074B', FALSE, 'CS4249', 'AY 16/17 Sem 2');
INSERT INTO studentPlans VALUES('D4000074B', FALSE, 'CS4234', 'AY 16/17 Sem 2');
INSERT INTO studentPlans VALUES('D4000074B', FALSE, 'CS4231', 'AY 16/17 Sem 2');
INSERT INTO studentPlans VALUES('D4000074B', FALSE, 'CS4345', 'AY 16/17 Sem 2');
INSERT INTO studentPlans VALUES('D4000074B', FALSE, 'CS4214', 'AY 16/17 Sem 2');

INSERT INTO student VALUES('D4000075B', 4);
INSERT INTO takesFocusArea VALUES('D4000075B', 'Database Systems', NULL);
INSERT INTO studentPlans VALUES('D4000075B', TRUE, 'CS4224', 'AY 16/17 Sem 1');
INSERT INTO studentPlans VALUES('D4000075B', TRUE, 'CS4275', 'AY 16/17 Sem 1');
INSERT INTO studentPlans VALUES('D4000075B', TRUE, 'CS4271', 'AY 16/17 Sem 1');
INSERT INTO studentPlans VALUES('D4000075B', TRUE, 'CS4232', 'AY 16/17 Sem 1');
INSERT INTO studentPlans VALUES('D4000075B', TRUE, 'CS4225', 'AY 16/17 Sem 1');
INSERT INTO studentPlans VALUES('D4000075B', FALSE, 'CS4344', 'AY 16/17 Sem 2');
INSERT INTO studentPlans VALUES('D4000075B', FALSE, 'CS4214', 'AY 16/17 Sem 2');
INSERT INTO studentPlans VALUES('D4000075B', FALSE, 'CS4237', 'AY 16/17 Sem 2');
INSERT INTO studentPlans VALUES('D4000075B', FALSE, 'CS4248', 'AY 16/17 Sem 2');
INSERT INTO studentPlans VALUES('D4000075B', FALSE, 'CS4238', 'AY 16/17 Sem 2');

INSERT INTO student VALUES('D4000076B', 4);
INSERT INTO takesFocusArea VALUES('D4000076B', 'Software Engineering', NULL);
INSERT INTO studentPlans VALUES('D4000076B', TRUE, 'CS4222', 'AY 16/17 Sem 1');
INSERT INTO studentPlans VALUES('D4000076B', TRUE, 'CS4241', 'AY 16/17 Sem 1');
INSERT INTO studentPlans VALUES('D4000076B', TRUE, 'CS4243', 'AY 16/17 Sem 1');
INSERT INTO studentPlans VALUES('D4000076B', TRUE, 'CS4231', 'AY 16/17 Sem 1');
INSERT INTO studentPlans VALUES('D4000076B', TRUE, 'CS4217', 'AY 16/17 Sem 1');
INSERT INTO studentPlans VALUES('D4000076B', FALSE, 'CS4350', 'AY 16/17 Sem 2');
INSERT INTO studentPlans VALUES('D4000076B', FALSE, 'CS4232', 'AY 16/17 Sem 2');
INSERT INTO studentPlans VALUES('D4000076B', FALSE, 'CS4238', 'AY 16/17 Sem 2');
INSERT INTO studentPlans VALUES('D4000076B', FALSE, 'XFC4101', 'AY 16/17 Sem 2');
INSERT INTO studentPlans VALUES('D4000076B', FALSE, 'CS4340', 'AY 16/17 Sem 2');

INSERT INTO student VALUES('D4000077B', 4);
INSERT INTO takesFocusArea VALUES('D4000077B', 'Programming Languages', NULL);
INSERT INTO studentPlans VALUES('D4000077B', TRUE, 'CS4243', 'AY 16/17 Sem 1');
INSERT INTO studentPlans VALUES('D4000077B', TRUE, 'CS4271', 'AY 16/17 Sem 1');
INSERT INTO studentPlans VALUES('D4000077B', TRUE, 'CS4221', 'AY 16/17 Sem 1');
INSERT INTO studentPlans VALUES('D4000077B', TRUE, 'CS4222', 'AY 16/17 Sem 1');
INSERT INTO studentPlans VALUES('D4000077B', TRUE, 'CS4340', 'AY 16/17 Sem 1');
INSERT INTO studentPlans VALUES('D4000077B', FALSE, 'CS4226', 'AY 16/17 Sem 2');
INSERT INTO studentPlans VALUES('D4000077B', FALSE, 'CS4225', 'AY 16/17 Sem 2');
INSERT INTO studentPlans VALUES('D4000077B', FALSE, 'CS4224', 'AY 16/17 Sem 2');
INSERT INTO studentPlans VALUES('D4000077B', FALSE, 'CS4242', 'AY 16/17 Sem 2');
INSERT INTO studentPlans VALUES('D4000077B', FALSE, 'CS4240', 'AY 16/17 Sem 2');

INSERT INTO student VALUES('D4000078B', 4);
INSERT INTO takesFocusArea VALUES('D4000078B', 'Computer Graphics and Games', NULL);
INSERT INTO studentPlans VALUES('D4000078B', TRUE, 'CS4224', 'AY 16/17 Sem 1');
INSERT INTO studentPlans VALUES('D4000078B', TRUE, 'CS4344', 'AY 16/17 Sem 1');
INSERT INTO studentPlans VALUES('D4000078B', TRUE, 'CS4271', 'AY 16/17 Sem 1');
INSERT INTO studentPlans VALUES('D4000078B', TRUE, 'CS4240', 'AY 16/17 Sem 1');
INSERT INTO studentPlans VALUES('D4000078B', TRUE, 'CS4350', 'AY 16/17 Sem 1');
INSERT INTO studentPlans VALUES('D4000078B', FALSE, 'CS4236', 'AY 16/17 Sem 2');
INSERT INTO studentPlans VALUES('D4000078B', FALSE, 'CS4226', 'AY 16/17 Sem 2');
INSERT INTO studentPlans VALUES('D4000078B', FALSE, 'CS4222', 'AY 16/17 Sem 2');
INSERT INTO studentPlans VALUES('D4000078B', FALSE, 'CS4215', 'AY 16/17 Sem 2');
INSERT INTO studentPlans VALUES('D4000078B', FALSE, 'CS4225', 'AY 16/17 Sem 2');

INSERT INTO student VALUES('D4000079B', 4);
INSERT INTO takesFocusArea VALUES('D4000079B', 'Database Systems', NULL);
INSERT INTO studentPlans VALUES('D4000079B', TRUE, 'CS4218', 'AY 16/17 Sem 1');
INSERT INTO studentPlans VALUES('D4000079B', TRUE, 'CS4214', 'AY 16/17 Sem 1');
INSERT INTO studentPlans VALUES('D4000079B', TRUE, 'CS4241', 'AY 16/17 Sem 1');
INSERT INTO studentPlans VALUES('D4000079B', TRUE, 'CS4340', 'AY 16/17 Sem 1');
INSERT INTO studentPlans VALUES('D4000079B', TRUE, 'CS4244', 'AY 16/17 Sem 1');
INSERT INTO studentPlans VALUES('D4000079B', FALSE, 'CS4347', 'AY 16/17 Sem 2');
INSERT INTO studentPlans VALUES('D4000079B', FALSE, 'CS4345', 'AY 16/17 Sem 2');
INSERT INTO studentPlans VALUES('D4000079B', FALSE, 'CS4232', 'AY 16/17 Sem 2');
INSERT INTO studentPlans VALUES('D4000079B', FALSE, 'CS4239', 'AY 16/17 Sem 2');
INSERT INTO studentPlans VALUES('D4000079B', FALSE, 'CS4350', 'AY 16/17 Sem 2');

INSERT INTO student VALUES('D4000080B', 4);
INSERT INTO takesFocusArea VALUES('D4000080B', 'Artificial Intelligence', NULL);
INSERT INTO studentPlans VALUES('D4000080B', TRUE, 'CS4242', 'AY 16/17 Sem 1');
INSERT INTO studentPlans VALUES('D4000080B', TRUE, 'CS4340', 'AY 16/17 Sem 1');
INSERT INTO studentPlans VALUES('D4000080B', TRUE, 'XFC4101', 'AY 16/17 Sem 1');
INSERT INTO studentPlans VALUES('D4000080B', TRUE, 'CS4243', 'AY 16/17 Sem 1');
INSERT INTO studentPlans VALUES('D4000080B', TRUE, 'CS4237', 'AY 16/17 Sem 1');
INSERT INTO studentPlans VALUES('D4000080B', FALSE, 'CS4350', 'AY 16/17 Sem 2');
INSERT INTO studentPlans VALUES('D4000080B', FALSE, 'CP4101', 'AY 16/17 Sem 2');
INSERT INTO studentPlans VALUES('D4000080B', FALSE, 'CS4224', 'AY 16/17 Sem 2');
INSERT INTO studentPlans VALUES('D4000080B', FALSE, 'CS4211', 'AY 16/17 Sem 2');
INSERT INTO studentPlans VALUES('D4000080B', FALSE, 'CS4218', 'AY 16/17 Sem 2');

INSERT INTO student VALUES('D4000081B', 4);
INSERT INTO takesFocusArea VALUES('D4000081B', 'Interactive Media', NULL);
INSERT INTO studentPlans VALUES('D4000081B', TRUE, 'CS4232', 'AY 16/17 Sem 1');
INSERT INTO studentPlans VALUES('D4000081B', TRUE, 'CS4345', 'AY 16/17 Sem 1');
INSERT INTO studentPlans VALUES('D4000081B', TRUE, 'CS4340', 'AY 16/17 Sem 1');
INSERT INTO studentPlans VALUES('D4000081B', TRUE, 'CS4214', 'AY 16/17 Sem 1');
INSERT INTO studentPlans VALUES('D4000081B', TRUE, 'CS4344', 'AY 16/17 Sem 1');
INSERT INTO studentPlans VALUES('D4000081B', FALSE, 'CS4235', 'AY 16/17 Sem 2');
INSERT INTO studentPlans VALUES('D4000081B', FALSE, 'CS4238', 'AY 16/17 Sem 2');
INSERT INTO studentPlans VALUES('D4000081B', FALSE, 'CS4236', 'AY 16/17 Sem 2');
INSERT INTO studentPlans VALUES('D4000081B', FALSE, 'CS4220', 'AY 16/17 Sem 2');
INSERT INTO studentPlans VALUES('D4000081B', FALSE, 'CS4880', 'AY 16/17 Sem 2');

INSERT INTO student VALUES('D4000082B', 4);
INSERT INTO takesFocusArea VALUES('D4000082B', 'Networking and Distributed Systems', NULL);
INSERT INTO studentPlans VALUES('D4000082B', TRUE, 'CS4271', 'AY 16/17 Sem 1');
INSERT INTO studentPlans VALUES('D4000082B', TRUE, 'CS4275', 'AY 16/17 Sem 1');
INSERT INTO studentPlans VALUES('D4000082B', TRUE, 'CS4217', 'AY 16/17 Sem 1');
INSERT INTO studentPlans VALUES('D4000082B', TRUE, 'CS4241', 'AY 16/17 Sem 1');
INSERT INTO studentPlans VALUES('D4000082B', TRUE, 'CS4243', 'AY 16/17 Sem 1');
INSERT INTO studentPlans VALUES('D4000082B', FALSE, 'CS4222', 'AY 16/17 Sem 2');
INSERT INTO studentPlans VALUES('D4000082B', FALSE, 'CS4248', 'AY 16/17 Sem 2');
INSERT INTO studentPlans VALUES('D4000082B', FALSE, 'CS4238', 'AY 16/17 Sem 2');
INSERT INTO studentPlans VALUES('D4000082B', FALSE, 'CS4234', 'AY 16/17 Sem 2');
INSERT INTO studentPlans VALUES('D4000082B', FALSE, 'CS4880', 'AY 16/17 Sem 2');

INSERT INTO student VALUES('D4000083B', 4);
INSERT INTO takesFocusArea VALUES('D4000083B', 'Networking and Distributed Systems', NULL);
INSERT INTO studentPlans VALUES('D4000083B', TRUE, 'XFC4101', 'AY 16/17 Sem 1');
INSERT INTO studentPlans VALUES('D4000083B', TRUE, 'CS4220', 'AY 16/17 Sem 1');
INSERT INTO studentPlans VALUES('D4000083B', TRUE, 'CS4215', 'AY 16/17 Sem 1');
INSERT INTO studentPlans VALUES('D4000083B', TRUE, 'CS4212', 'AY 16/17 Sem 1');
INSERT INTO studentPlans VALUES('D4000083B', TRUE, 'CS4223', 'AY 16/17 Sem 1');
INSERT INTO studentPlans VALUES('D4000083B', FALSE, 'CS4345', 'AY 16/17 Sem 2');
INSERT INTO studentPlans VALUES('D4000083B', FALSE, 'CS4242', 'AY 16/17 Sem 2');
INSERT INTO studentPlans VALUES('D4000083B', FALSE, 'CS4217', 'AY 16/17 Sem 2');
INSERT INTO studentPlans VALUES('D4000083B', FALSE, 'CS4249', 'AY 16/17 Sem 2');
INSERT INTO studentPlans VALUES('D4000083B', FALSE, 'CS4246', 'AY 16/17 Sem 2');

INSERT INTO student VALUES('D4000084B', 4);
INSERT INTO takesFocusArea VALUES('D4000084B', 'Computer Security', NULL);
INSERT INTO studentPlans VALUES('D4000084B', TRUE, 'CS4345', 'AY 16/17 Sem 1');
INSERT INTO studentPlans VALUES('D4000084B', TRUE, 'CS4240', 'AY 16/17 Sem 1');
INSERT INTO studentPlans VALUES('D4000084B', TRUE, 'CS4222', 'AY 16/17 Sem 1');
INSERT INTO studentPlans VALUES('D4000084B', TRUE, 'CS4247', 'AY 16/17 Sem 1');
INSERT INTO studentPlans VALUES('D4000084B', TRUE, 'CS4248', 'AY 16/17 Sem 1');
INSERT INTO studentPlans VALUES('D4000084B', FALSE, 'CS4211', 'AY 16/17 Sem 2');
INSERT INTO studentPlans VALUES('D4000084B', FALSE, 'CS4242', 'AY 16/17 Sem 2');
INSERT INTO studentPlans VALUES('D4000084B', FALSE, 'XFC4101', 'AY 16/17 Sem 2');
INSERT INTO studentPlans VALUES('D4000084B', FALSE, 'CS4221', 'AY 16/17 Sem 2');
INSERT INTO studentPlans VALUES('D4000084B', FALSE, 'CS4340', 'AY 16/17 Sem 2');

INSERT INTO student VALUES('D4000085B', 4);
INSERT INTO takesFocusArea VALUES('D4000085B', 'Programming Languages', NULL);
INSERT INTO studentPlans VALUES('D4000085B', TRUE, 'CS4232', 'AY 16/17 Sem 1');
INSERT INTO studentPlans VALUES('D4000085B', TRUE, 'CS4222', 'AY 16/17 Sem 1');
INSERT INTO studentPlans VALUES('D4000085B', TRUE, 'CS4271', 'AY 16/17 Sem 1');
INSERT INTO studentPlans VALUES('D4000085B', TRUE, 'CS4226', 'AY 16/17 Sem 1');
INSERT INTO studentPlans VALUES('D4000085B', TRUE, 'CP4101', 'AY 16/17 Sem 1');
INSERT INTO studentPlans VALUES('D4000085B', FALSE, 'XFC4101', 'AY 16/17 Sem 2');
INSERT INTO studentPlans VALUES('D4000085B', FALSE, 'CS4247', 'AY 16/17 Sem 2');
INSERT INTO studentPlans VALUES('D4000085B', FALSE, 'CS4225', 'AY 16/17 Sem 2');
INSERT INTO studentPlans VALUES('D4000085B', FALSE, 'CS4240', 'AY 16/17 Sem 2');
INSERT INTO studentPlans VALUES('D4000085B', FALSE, 'CS4241', 'AY 16/17 Sem 2');

INSERT INTO student VALUES('D4000086B', 4);
INSERT INTO takesFocusArea VALUES('D4000086B', 'Computer Security', NULL);
INSERT INTO studentPlans VALUES('D4000086B', TRUE, 'CS4248', 'AY 16/17 Sem 1');
INSERT INTO studentPlans VALUES('D4000086B', TRUE, 'CS4211', 'AY 16/17 Sem 1');
INSERT INTO studentPlans VALUES('D4000086B', TRUE, 'CS4340', 'AY 16/17 Sem 1');
INSERT INTO studentPlans VALUES('D4000086B', TRUE, 'CS4243', 'AY 16/17 Sem 1');
INSERT INTO studentPlans VALUES('D4000086B', TRUE, 'CS4345', 'AY 16/17 Sem 1');
INSERT INTO studentPlans VALUES('D4000086B', FALSE, 'CS4242', 'AY 16/17 Sem 2');
INSERT INTO studentPlans VALUES('D4000086B', FALSE, 'CS4231', 'AY 16/17 Sem 2');
INSERT INTO studentPlans VALUES('D4000086B', FALSE, 'CS4218', 'AY 16/17 Sem 2');
INSERT INTO studentPlans VALUES('D4000086B', FALSE, 'CS4237', 'AY 16/17 Sem 2');
INSERT INTO studentPlans VALUES('D4000086B', FALSE, 'CS4220', 'AY 16/17 Sem 2');

INSERT INTO student VALUES('D4000087B', 4);
INSERT INTO takesFocusArea VALUES('D4000087B', 'Software Engineering', NULL);
INSERT INTO studentPlans VALUES('D4000087B', TRUE, 'CS4224', 'AY 16/17 Sem 1');
INSERT INTO studentPlans VALUES('D4000087B', TRUE, 'CS4347', 'AY 16/17 Sem 1');
INSERT INTO studentPlans VALUES('D4000087B', TRUE, 'CS4345', 'AY 16/17 Sem 1');
INSERT INTO studentPlans VALUES('D4000087B', TRUE, 'CS4238', 'AY 16/17 Sem 1');
INSERT INTO studentPlans VALUES('D4000087B', TRUE, 'CS4235', 'AY 16/17 Sem 1');
INSERT INTO studentPlans VALUES('D4000087B', FALSE, 'CS4275', 'AY 16/17 Sem 2');
INSERT INTO studentPlans VALUES('D4000087B', FALSE, 'CS4243', 'AY 16/17 Sem 2');
INSERT INTO studentPlans VALUES('D4000087B', FALSE, 'CS4226', 'AY 16/17 Sem 2');
INSERT INTO studentPlans VALUES('D4000087B', FALSE, 'CS4222', 'AY 16/17 Sem 2');
INSERT INTO studentPlans VALUES('D4000087B', FALSE, 'CS4244', 'AY 16/17 Sem 2');

INSERT INTO student VALUES('D4000088B', 4);
INSERT INTO takesFocusArea VALUES('D4000088B', 'Multimedia Information Retrieval', NULL);
INSERT INTO studentPlans VALUES('D4000088B', TRUE, 'CS4212', 'AY 16/17 Sem 1');
INSERT INTO studentPlans VALUES('D4000088B', TRUE, 'CS4223', 'AY 16/17 Sem 1');
INSERT INTO studentPlans VALUES('D4000088B', TRUE, 'CS4248', 'AY 16/17 Sem 1');
INSERT INTO studentPlans VALUES('D4000088B', TRUE, 'CS4218', 'AY 16/17 Sem 1');
INSERT INTO studentPlans VALUES('D4000088B', TRUE, 'CS4216', 'AY 16/17 Sem 1');
INSERT INTO studentPlans VALUES('D4000088B', FALSE, 'CS4236', 'AY 16/17 Sem 2');
INSERT INTO studentPlans VALUES('D4000088B', FALSE, 'CS4231', 'AY 16/17 Sem 2');
INSERT INTO studentPlans VALUES('D4000088B', FALSE, 'CP4101', 'AY 16/17 Sem 2');
INSERT INTO studentPlans VALUES('D4000088B', FALSE, 'CS4244', 'AY 16/17 Sem 2');
INSERT INTO studentPlans VALUES('D4000088B', FALSE, 'CS4238', 'AY 16/17 Sem 2');

INSERT INTO student VALUES('D4000089B', 4);
INSERT INTO takesFocusArea VALUES('D4000089B', 'Multimedia Information Retrieval', NULL);
INSERT INTO studentPlans VALUES('D4000089B', TRUE, 'CS4243', 'AY 16/17 Sem 1');
INSERT INTO studentPlans VALUES('D4000089B', TRUE, 'CS4224', 'AY 16/17 Sem 1');
INSERT INTO studentPlans VALUES('D4000089B', TRUE, 'CS4236', 'AY 16/17 Sem 1');
INSERT INTO studentPlans VALUES('D4000089B', TRUE, 'CS4222', 'AY 16/17 Sem 1');
INSERT INTO studentPlans VALUES('D4000089B', TRUE, 'CS4247', 'AY 16/17 Sem 1');
INSERT INTO studentPlans VALUES('D4000089B', FALSE, 'CS4249', 'AY 16/17 Sem 2');
INSERT INTO studentPlans VALUES('D4000089B', FALSE, 'CS4271', 'AY 16/17 Sem 2');
INSERT INTO studentPlans VALUES('D4000089B', FALSE, 'CS4214', 'AY 16/17 Sem 2');
INSERT INTO studentPlans VALUES('D4000089B', FALSE, 'CS4225', 'AY 16/17 Sem 2');
INSERT INTO studentPlans VALUES('D4000089B', FALSE, 'CS4211', 'AY 16/17 Sem 2');

INSERT INTO student VALUES('D4000090B', 4);
INSERT INTO takesFocusArea VALUES('D4000090B', 'Multimedia Information Retrieval', NULL);
INSERT INTO studentPlans VALUES('D4000090B', TRUE, 'CS4237', 'AY 16/17 Sem 1');
INSERT INTO studentPlans VALUES('D4000090B', TRUE, 'CS4244', 'AY 16/17 Sem 1');
INSERT INTO studentPlans VALUES('D4000090B', TRUE, 'CS4235', 'AY 16/17 Sem 1');
INSERT INTO studentPlans VALUES('D4000090B', TRUE, 'CS4347', 'AY 16/17 Sem 1');
INSERT INTO studentPlans VALUES('D4000090B', TRUE, 'CS4220', 'AY 16/17 Sem 1');
INSERT INTO studentPlans VALUES('D4000090B', FALSE, 'CS4231', 'AY 16/17 Sem 2');
INSERT INTO studentPlans VALUES('D4000090B', FALSE, 'CS4238', 'AY 16/17 Sem 2');
INSERT INTO studentPlans VALUES('D4000090B', FALSE, 'CS4212', 'AY 16/17 Sem 2');
INSERT INTO studentPlans VALUES('D4000090B', FALSE, 'CS4880', 'AY 16/17 Sem 2');
INSERT INTO studentPlans VALUES('D4000090B', FALSE, 'XFC4101', 'AY 16/17 Sem 2');

INSERT INTO student VALUES('D4000091B', 4);
INSERT INTO takesFocusArea VALUES('D4000091B', 'Interactive Media', NULL);
INSERT INTO studentPlans VALUES('D4000091B', TRUE, 'CS4232', 'AY 16/17 Sem 1');
INSERT INTO studentPlans VALUES('D4000091B', TRUE, 'CS4220', 'AY 16/17 Sem 1');
INSERT INTO studentPlans VALUES('D4000091B', TRUE, 'CS4215', 'AY 16/17 Sem 1');
INSERT INTO studentPlans VALUES('D4000091B', TRUE, 'CS4235', 'AY 16/17 Sem 1');
INSERT INTO studentPlans VALUES('D4000091B', TRUE, 'CS4225', 'AY 16/17 Sem 1');
INSERT INTO studentPlans VALUES('D4000091B', FALSE, 'CS4242', 'AY 16/17 Sem 2');
INSERT INTO studentPlans VALUES('D4000091B', FALSE, 'CS4275', 'AY 16/17 Sem 2');
INSERT INTO studentPlans VALUES('D4000091B', FALSE, 'CP4101', 'AY 16/17 Sem 2');
INSERT INTO studentPlans VALUES('D4000091B', FALSE, 'CS4212', 'AY 16/17 Sem 2');
INSERT INTO studentPlans VALUES('D4000091B', FALSE, 'CS4347', 'AY 16/17 Sem 2');

INSERT INTO student VALUES('D4000092B', 4);
INSERT INTO takesFocusArea VALUES('D4000092B', 'Algorithms & Theory', NULL);
INSERT INTO studentPlans VALUES('D4000092B', TRUE, 'CS4340', 'AY 16/17 Sem 1');
INSERT INTO studentPlans VALUES('D4000092B', TRUE, 'CS4212', 'AY 16/17 Sem 1');
INSERT INTO studentPlans VALUES('D4000092B', TRUE, 'CS4246', 'AY 16/17 Sem 1');
INSERT INTO studentPlans VALUES('D4000092B', TRUE, 'CS4236', 'AY 16/17 Sem 1');
INSERT INTO studentPlans VALUES('D4000092B', TRUE, 'XFC4101', 'AY 16/17 Sem 1');
INSERT INTO studentPlans VALUES('D4000092B', FALSE, 'CS4243', 'AY 16/17 Sem 2');
INSERT INTO studentPlans VALUES('D4000092B', FALSE, 'CS4234', 'AY 16/17 Sem 2');
INSERT INTO studentPlans VALUES('D4000092B', FALSE, 'CS4249', 'AY 16/17 Sem 2');
INSERT INTO studentPlans VALUES('D4000092B', FALSE, 'CS4214', 'AY 16/17 Sem 2');
INSERT INTO studentPlans VALUES('D4000092B', FALSE, 'CS4231', 'AY 16/17 Sem 2');

INSERT INTO student VALUES('D4000093B', 4);
INSERT INTO takesFocusArea VALUES('D4000093B', 'Multimedia Information Retrieval', NULL);
INSERT INTO studentPlans VALUES('D4000093B', TRUE, 'CS4239', 'AY 16/17 Sem 1');
INSERT INTO studentPlans VALUES('D4000093B', TRUE, 'CS4248', 'AY 16/17 Sem 1');
INSERT INTO studentPlans VALUES('D4000093B', TRUE, 'CS4345', 'AY 16/17 Sem 1');
INSERT INTO studentPlans VALUES('D4000093B', TRUE, 'CS4234', 'AY 16/17 Sem 1');
INSERT INTO studentPlans VALUES('D4000093B', TRUE, 'CS4880', 'AY 16/17 Sem 1');
INSERT INTO studentPlans VALUES('D4000093B', FALSE, 'CS4225', 'AY 16/17 Sem 2');
INSERT INTO studentPlans VALUES('D4000093B', FALSE, 'CS4246', 'AY 16/17 Sem 2');
INSERT INTO studentPlans VALUES('D4000093B', FALSE, 'CS4215', 'AY 16/17 Sem 2');
INSERT INTO studentPlans VALUES('D4000093B', FALSE, 'CS4243', 'AY 16/17 Sem 2');
INSERT INTO studentPlans VALUES('D4000093B', FALSE, 'CS4237', 'AY 16/17 Sem 2');

INSERT INTO student VALUES('D4000094B', 4);
INSERT INTO takesFocusArea VALUES('D4000094B', 'Multimedia Information Retrieval', NULL);
INSERT INTO studentPlans VALUES('D4000094B', TRUE, 'CS4240', 'AY 16/17 Sem 1');
INSERT INTO studentPlans VALUES('D4000094B', TRUE, 'CS4234', 'AY 16/17 Sem 1');
INSERT INTO studentPlans VALUES('D4000094B', TRUE, 'CS4232', 'AY 16/17 Sem 1');
INSERT INTO studentPlans VALUES('D4000094B', TRUE, 'XFC4101', 'AY 16/17 Sem 1');
INSERT INTO studentPlans VALUES('D4000094B', TRUE, 'CS4242', 'AY 16/17 Sem 1');
INSERT INTO studentPlans VALUES('D4000094B', FALSE, 'CS4215', 'AY 16/17 Sem 2');
INSERT INTO studentPlans VALUES('D4000094B', FALSE, 'CS4344', 'AY 16/17 Sem 2');
INSERT INTO studentPlans VALUES('D4000094B', FALSE, 'CS4246', 'AY 16/17 Sem 2');
INSERT INTO studentPlans VALUES('D4000094B', FALSE, 'CS4223', 'AY 16/17 Sem 2');
INSERT INTO studentPlans VALUES('D4000094B', FALSE, 'CS4880', 'AY 16/17 Sem 2');

INSERT INTO student VALUES('D4000095B', 4);
INSERT INTO takesFocusArea VALUES('D4000095B', 'Parallel Computing', NULL);
INSERT INTO studentPlans VALUES('D4000095B', TRUE, 'CS4216', 'AY 16/17 Sem 1');
INSERT INTO studentPlans VALUES('D4000095B', TRUE, 'CS4223', 'AY 16/17 Sem 1');
INSERT INTO studentPlans VALUES('D4000095B', TRUE, 'CS4225', 'AY 16/17 Sem 1');
INSERT INTO studentPlans VALUES('D4000095B', TRUE, 'CS4271', 'AY 16/17 Sem 1');
INSERT INTO studentPlans VALUES('D4000095B', TRUE, 'CS4221', 'AY 16/17 Sem 1');
INSERT INTO studentPlans VALUES('D4000095B', FALSE, 'CP4101', 'AY 16/17 Sem 2');
INSERT INTO studentPlans VALUES('D4000095B', FALSE, 'CS4214', 'AY 16/17 Sem 2');
INSERT INTO studentPlans VALUES('D4000095B', FALSE, 'CS4344', 'AY 16/17 Sem 2');
INSERT INTO studentPlans VALUES('D4000095B', FALSE, 'CS4241', 'AY 16/17 Sem 2');
INSERT INTO studentPlans VALUES('D4000095B', FALSE, 'CS4247', 'AY 16/17 Sem 2');

INSERT INTO student VALUES('D4000096B', 4);
INSERT INTO takesFocusArea VALUES('D4000096B', 'Networking and Distributed Systems', NULL);
INSERT INTO studentPlans VALUES('D4000096B', TRUE, 'CS4247', 'AY 16/17 Sem 1');
INSERT INTO studentPlans VALUES('D4000096B', TRUE, 'CS4246', 'AY 16/17 Sem 1');
INSERT INTO studentPlans VALUES('D4000096B', TRUE, 'CS4248', 'AY 16/17 Sem 1');
INSERT INTO studentPlans VALUES('D4000096B', TRUE, 'CS4236', 'AY 16/17 Sem 1');
INSERT INTO studentPlans VALUES('D4000096B', TRUE, 'CS4215', 'AY 16/17 Sem 1');
INSERT INTO studentPlans VALUES('D4000096B', FALSE, 'CS4340', 'AY 16/17 Sem 2');
INSERT INTO studentPlans VALUES('D4000096B', FALSE, 'CS4271', 'AY 16/17 Sem 2');
INSERT INTO studentPlans VALUES('D4000096B', FALSE, 'CS4880', 'AY 16/17 Sem 2');
INSERT INTO studentPlans VALUES('D4000096B', FALSE, 'CS4218', 'AY 16/17 Sem 2');
INSERT INTO studentPlans VALUES('D4000096B', FALSE, 'CS4217', 'AY 16/17 Sem 2');

INSERT INTO student VALUES('D4000097B', 4);
INSERT INTO takesFocusArea VALUES('D4000097B', 'Visual Computing', NULL);
INSERT INTO studentPlans VALUES('D4000097B', TRUE, 'CS4242', 'AY 16/17 Sem 1');
INSERT INTO studentPlans VALUES('D4000097B', TRUE, 'CS4232', 'AY 16/17 Sem 1');
INSERT INTO studentPlans VALUES('D4000097B', TRUE, 'CS4220', 'AY 16/17 Sem 1');
INSERT INTO studentPlans VALUES('D4000097B', TRUE, 'CS4215', 'AY 16/17 Sem 1');
INSERT INTO studentPlans VALUES('D4000097B', TRUE, 'CS4275', 'AY 16/17 Sem 1');
INSERT INTO studentPlans VALUES('D4000097B', FALSE, 'CS4340', 'AY 16/17 Sem 2');
INSERT INTO studentPlans VALUES('D4000097B', FALSE, 'CS4235', 'AY 16/17 Sem 2');
INSERT INTO studentPlans VALUES('D4000097B', FALSE, 'CS4223', 'AY 16/17 Sem 2');
INSERT INTO studentPlans VALUES('D4000097B', FALSE, 'CS4224', 'AY 16/17 Sem 2');
INSERT INTO studentPlans VALUES('D4000097B', FALSE, 'CS4226', 'AY 16/17 Sem 2');

INSERT INTO student VALUES('D4000098B', 4);
INSERT INTO takesFocusArea VALUES('D4000098B', 'Interactive Media', NULL);
INSERT INTO studentPlans VALUES('D4000098B', TRUE, 'CS4243', 'AY 16/17 Sem 1');
INSERT INTO studentPlans VALUES('D4000098B', TRUE, 'CS4239', 'AY 16/17 Sem 1');
INSERT INTO studentPlans VALUES('D4000098B', TRUE, 'CS4224', 'AY 16/17 Sem 1');
INSERT INTO studentPlans VALUES('D4000098B', TRUE, 'CS4237', 'AY 16/17 Sem 1');
INSERT INTO studentPlans VALUES('D4000098B', TRUE, 'CS4244', 'AY 16/17 Sem 1');
INSERT INTO studentPlans VALUES('D4000098B', FALSE, 'CS4214', 'AY 16/17 Sem 2');
INSERT INTO studentPlans VALUES('D4000098B', FALSE, 'CS4217', 'AY 16/17 Sem 2');
INSERT INTO studentPlans VALUES('D4000098B', FALSE, 'CS4241', 'AY 16/17 Sem 2');
INSERT INTO studentPlans VALUES('D4000098B', FALSE, 'CS4215', 'AY 16/17 Sem 2');
INSERT INTO studentPlans VALUES('D4000098B', FALSE, 'CS4275', 'AY 16/17 Sem 2');

INSERT INTO student VALUES('D4000099B', 4);
INSERT INTO takesFocusArea VALUES('D4000099B', 'Programming Languages', NULL);
INSERT INTO studentPlans VALUES('D4000099B', TRUE, 'CS4880', 'AY 16/17 Sem 1');
INSERT INTO studentPlans VALUES('D4000099B', TRUE, 'CS4235', 'AY 16/17 Sem 1');
INSERT INTO studentPlans VALUES('D4000099B', TRUE, 'CS4217', 'AY 16/17 Sem 1');
INSERT INTO studentPlans VALUES('D4000099B', TRUE, 'CS4239', 'AY 16/17 Sem 1');
INSERT INTO studentPlans VALUES('D4000099B', TRUE, 'XFC4101', 'AY 16/17 Sem 1');
INSERT INTO studentPlans VALUES('D4000099B', FALSE, 'CS4248', 'AY 16/17 Sem 2');
INSERT INTO studentPlans VALUES('D4000099B', FALSE, 'CS4212', 'AY 16/17 Sem 2');
INSERT INTO studentPlans VALUES('D4000099B', FALSE, 'CS4240', 'AY 16/17 Sem 2');
INSERT INTO studentPlans VALUES('D4000099B', FALSE, 'CS4211', 'AY 16/17 Sem 2');
INSERT INTO studentPlans VALUES('D4000099B', FALSE, 'CS4226', 'AY 16/17 Sem 2');

